ItmId,ItmPthId,ItmIdentifier,ItmDescription,ItmType,ItmSkinnable,ItmStackAmount,ItmMaximumAmount,ItmLook,ItmLookColor,ItmIcon,ItmIconColor,ItmSex,ItmLevel,ItmMark,ItmDurability,ItmMinimumSDamage,ItmMaximumSDamage,ItmMinimumLDamage,ItmMaximumLDamage,ItmArmor,ItmHit,ItmDam,ItmVita,ItmMana,ItmMight,ItmWill,ItmGrace,ItmProtection,ItmHealing,ItmWisdom,ItmMightRequired,ItmExchangeable,ItmDepositable,ItmDroppable,ItmCon,ItmSound,ItmText,ItmBuyPrice,ItmSellPrice,ItmBuyText,ItmThrown,ItmThrownConfirm,ItmRepairable,ItmIndestructible,ItmTimer,ItmBoD,ItmProtected,ItmUnequip
0,0,coins_1,Coins,18,0,0,0,0,0,22,0,2,0,0,0,0,0,0,0,0,0,0,0,0,0,0,0,0,0,0,0,0,0,0,0,331,,0,0,,0,0,1,0,0,0,0,0
1,0,coins_2_99,Coins,18,0,0,0,0,0,73,0,2,0,0,0,0,0,0,0,0,0,0,0,0,0,0,0,0,0,0,0,0,0,0,0,331,,0,0,,0,0,1,0,0,0,0,0
2,0,coins_100_999,Coins,18,0,0,0,0,0,72,0,2,0,0,0,0,0,0,0,0,0,0,0,0,0,0,0,0,0,0,0,0,0,0,0,331,,0,0,,0,0,1,0,0,0,0,0
3,0,coins_1000,Coins,18,0,0,0,0,0,71,0,2,0,0,0,0,0,0,0,0,0,0,0,0,0,0,0,0,0,0,0,0,0,0,0,331,,0,0,,0,0,1,0,0,0,0,0
4,0,fox_fur,Fox fur,18,0,50,50,0,0,218,0,2,0,0,1000000,0,0,0,0,0,0,0,0,0,0,0,0,0,0,0,0,0,0,0,0,331,,22,11,,0,0,1,0,0,0,0,0
5,0,red_fox_fur,Red fox fur,18,0,50,50,0,0,2419,21,2,0,0,1000000,0,0,0,0,0,0,0,0,0,0,0,0,0,0,0,0,0,0,0,0,331,,32,16,,0,0,1,0,0,0,0,0
6,0,light_fox_fur,Light fox fur,18,0,50,50,0,0,2419,20,2,0,0,1000000,0,0,0,0,0,0,0,0,0,0,0,0,0,0,0,0,0,0,0,0,331,,35,17,,0,0,1,0,0,0,0,0
7,0,chung_ryong_key,Chung ryong key,18,0,1,0,0,0,754,0,2,0,0,1000000,0,0,0,0,0,0,0,0,0,0,0,0,0,0,0,0,0,0,0,0,331,,100,50,,0,0,1,0,0,0,0,0
8,0,fox_tail,Fox tail,18,0,50,50,0,0,726,0,2,0,0,1000000,0,0,0,0,0,0,0,0,0,0,0,0,0,0,0,0,0,0,0,0,331,,200,100,,0,0,1,0,0,0,0,0
9,0,fox_blade,Fox blade,3,0,1,0,2,0,647,0,2,0,0,50000,50,85,40,70,-4,1,1,0,0,0,0,2,0,0,0,30,0,0,0,0,331,,10000,5000,,0,1,1,0,0,1,0,0
10,0,key_to_fire,Key to Fire,18,0,1,0,0,0,483,0,2,0,0,1000000,0,0,0,0,0,0,0,0,0,0,0,0,0,0,0,0,0,0,0,0,331,,100,50,,0,0,1,0,0,0,0,0
11,0,key_to_earth,Key to Earth,18,0,1,0,0,0,488,0,2,0,0,1000000,0,0,0,0,0,0,0,0,0,0,0,0,0,0,0,0,0,0,0,0,331,,100,50,,0,0,1,0,0,0,0,0
12,0,key_to_heaven,Key to Heaven,18,0,1,0,0,0,481,0,2,0,0,1000000,0,0,0,0,0,0,0,0,0,0,0,0,0,0,0,0,0,0,0,0,331,,100,50,,0,0,1,0,0,0,0,0
13,0,ju_jak_key,Ju jak key,18,0,1,0,0,0,752,0,2,0,0,1000000,0,0,0,0,0,0,0,0,0,0,0,0,0,0,0,0,0,0,0,0,331,,100,50,,0,0,1,0,0,0,0,0
14,0,key_to_pond,Key to Pond,18,0,1,0,0,0,482,0,2,0,0,0,0,0,0,0,0,0,0,0,0,0,0,0,0,0,0,0,0,0,0,0,331,,100,50,,0,0,1,0,0,0,0,0
15,0,key_to_water,Key to Water,18,0,1,0,0,0,486,0,2,0,0,1000000,0,0,0,0,0,0,0,0,0,0,0,0,0,0,0,0,0,0,0,0,331,,100,50,,0,0,1,0,0,0,0,0
16,2,magical_dust,Magical dust,6,0,1,0,-1,0,729,0,2,75,0,6000,0,0,0,0,-8,2,2,0,200,3,3,3,1,0,0,0,0,0,0,0,331,,5000,2500,For level 5 or higher,0,1,0,0,0,1,0,0
17,0,key_to_mountain,Key to Mountain,18,0,1,0,0,0,487,0,2,0,0,1000000,0,0,0,0,0,0,0,0,0,0,0,0,0,0,0,0,0,0,0,0,331,,100,50,,0,0,1,0,0,0,0,0
18,0,wolf_pelt,Wolf pelt,18,0,1,0,0,0,218,0,2,0,0,1000000,0,0,0,0,0,0,0,0,0,0,0,0,0,0,0,0,0,0,0,0,331,,10,5,,0,0,1,0,0,0,0,0
19,0,key_to_thunder,Key to Thunder,18,0,1,0,0,0,482,0,2,0,0,1000000,0,0,0,0,0,0,0,0,0,0,0,0,0,0,0,0,0,0,0,0,331,,100,50,,0,0,1,0,0,0,0,0
20,0,hyun_moo_key,Hyun moo key,18,0,1,0,0,0,480,0,2,0,0,1000000,0,0,0,0,0,0,0,0,0,0,0,0,0,0,0,0,0,0,0,0,331,,100,50,,0,0,1,0,0,0,0,0
21,0,key_to_wind,Key to Wind,18,0,1,0,0,0,484,0,2,0,0,1000000,0,0,0,0,0,0,0,0,0,0,0,0,0,0,0,0,0,0,0,0,331,,100,50,,0,0,1,0,0,0,0,0
22,0,baekho_key,Baekho key,18,0,1,0,0,0,753,0,2,0,0,1000000,0,0,0,0,0,0,0,0,0,0,0,0,0,0,0,0,0,0,0,0,331,,100,50,,0,0,1,0,0,0,0,0
23,0,nagnang_compass,Nagnang compass,1,0,20,20,0,0,715,0,2,0,0,1000000,0,0,0,0,0,0,0,0,0,0,0,0,0,0,0,0,0,0,0,0,331,,100,50,,0,0,1,0,0,0,0,0
24,0,lockpick,Lockpick,18,0,1,0,0,0,26,0,2,0,0,1000000,0,0,0,0,0,0,0,0,0,0,0,0,0,0,0,0,0,0,0,0,331,,10,5,,0,0,1,0,0,0,0,0
25,0,iron_key,Iron key,18,0,1,0,0,0,26,0,2,0,0,1000000,0,0,0,0,0,0,0,0,0,0,0,0,0,0,0,0,0,0,0,0,331,,1,0,,0,0,1,0,0,0,0,0
26,0,suspicious_note,Suspicious note,18,0,1,0,0,0,282,0,2,0,0,1000000,0,0,0,0,0,0,0,0,0,0,0,0,0,0,0,0,1,0,1,0,331,,0,0,,1,0,1,0,0,0,0,0
27,0,poisoned_bracelet,Poisoned bracelet,18,0,1,0,0,0,5128,0,2,0,0,1000000,0,0,0,0,0,0,0,0,0,0,0,0,0,0,0,0,1,0,1,0,331,,0,0,,1,0,1,0,0,0,0,0
28,0,handwritten_note,Handwritten note,18,0,1,0,0,0,282,0,2,0,0,1000000,0,0,0,0,0,0,0,0,0,0,0,0,0,0,0,0,0,0,1,0,331,,0,0,,1,0,1,0,0,0,0,0
29,0,slumberquick,Slumberquick,18,0,1,0,0,0,982,0,2,0,0,1000000,0,0,0,0,0,0,0,0,0,0,0,0,0,0,0,0,1,0,1,0,331,,0,0,,1,0,1,0,0,0,0,0
30,0,slumbering_hwan,Slumbering Hwan,18,0,1,0,0,0,86,0,2,0,0,1000000,0,0,0,0,0,0,0,0,0,0,0,0,0,0,0,0,1,1,1,0,331,,0,0,,1,0,1,0,0,0,0,0
99,0,wooden_sword_trap,wooden sword,20,0,1,0,0,0,1,0,2,0,0,1000000,0,0,0,0,0,0,0,0,0,0,0,0,0,0,0,0,0,0,0,0,331,,0,0,,0,0,1,0,0,0,0,0
100,0,==PEASANT GEAR==,==PEASANT GEAR==,0,0,1,0,0,0,0,0,2,0,0,1000000,0,0,0,0,0,0,0,0,0,0,0,0,0,0,0,0,0,0,0,0,331,,0,0,,0,0,1,0,0,0,0,0
101,0,====\\\\ PEASANT WEAPONS \\\\ ====,====\\\\ PEASANT WEAPONS \\\\ ====,0,0,1,0,0,0,0,0,2,0,0,1000000,0,0,0,0,0,0,0,0,0,0,0,0,0,0,0,0,0,0,0,0,331,,0,0,,0,0,1,0,0,0,0,0
102,0,wooden_saber,Wooden saber,3,0,1,0,1,0,2,0,2,1,0,1000,5,10,5,10,0,0,0,0,0,0,0,0,0,0,0,0,0,0,0,0,331,,1,1,,0,1,1,0,0,0,0,0
103,0,wisdom_of_the_ages,Wisdom of the Ages,3,0,1,0,1,0,2,0,2,50,0,100000,30,50,30,50,0,0,0,0,0,0,0,0,0,0,0,0,0,0,0,0,331,,1000,500,,0,1,1,0,0,0,0,0
108,0,viper_stick,Viper stick,3,0,1,0,1,0,2,0,2,1,0,10000,18,30,0,0,0,2,0,-50,0,0,0,0,0,0,0,8,0,0,0,0,331,,800,400,,0,1,1,0,0,1,0,0
109,0,titanium_blade,Titanium blade,3,0,1,0,27,0,755,0,2,99,0,4000000,110,160,130,180,0,0,2,0,0,-2,0,0,0,2,0,100,0,0,0,0,331,,200000,100000,,0,1,0,0,0,0,0,0
110,1,sword_of_power,Sword of power,3,0,1,0,2,1,0,0,2,5,0,50000,20,25,20,25,0,1,0,10,0,1,0,0,0,0,0,0,0,0,0,0,337,,200,100,,0,1,1,0,0,0,0,0
111,0,peasant_garb,Peasant garb,4,0,1,0,5,0,119,0,0,1,0,3000,0,0,0,0,-4,0,0,0,0,0,0,0,0,0,0,0,0,0,0,0,331,,5,2,,0,1,1,0,0,0,0,0
112,0,peasant_dress,Peasant dress,4,0,1,0,9,0,179,0,1,1,0,3000,0,0,0,0,-4,0,0,0,0,0,0,0,0,0,0,0,0,0,0,0,331,,5,2,,0,1,1,0,0,0,0,0
113,0,novice_sword,Novice sword,3,0,1,0,0,0,0,0,2,0,0,1000,10,12,10,12,0,0,0,0,0,0,0,0,0,0,0,0,0,0,0,0,331,,1,1,,0,1,1,0,0,0,0,0
114,1,military_fork,Military fork,3,0,1,0,10001,0,56,0,2,0,0,20000,90,100,95,105,0,3,1,0,0,0,0,0,0,0,0,20,0,0,0,0,331,,1200,600,,0,1,1,0,0,0,0,0
115,0,runed_dagger,Runed dagger,3,0,1,0,0,0,1,0,2,1,0,30000,40,70,32,53,0,0,0,0,0,1,1,1,0,0,0,25,0,0,0,0,331,,2500,1250,,0,1,1,0,0,0,0,0
116,1,iron_sword,Iron sword,3,0,1,0,20,0,2522,0,2,1,0,30000,55,80,50,70,0,0,0,0,0,0,0,0,0,0,0,25,0,0,0,0,331,,2000,1000,,0,1,1,0,0,0,0,0
117,0,lantern,Lantern,5,0,1,0,5,0,1568,0,2,0,0,20000,0,0,0,0,0,0,0,0,0,0,0,0,0,0,0,0,1,1,0,0,331,,50,25,,0,1,0,0,0,1,0,0
118,0,giasomo_stick,Giasomo stick,3,0,1,0,1,0,2,0,2,50,0,12000,20,60,20,60,0,-1,0,0,0,0,0,1,0,0,0,10,0,0,0,0,331,,5000,2500,,0,1,1,0,0,1,0,0
119,0,frozen_spear,Frozen spear,3,0,1,0,10011,0,665,0,2,99,0,250000,10,200,10,200,5,0,5,0,0,2,0,0,0,5,0,5,0,0,0,0,331,,250000,125000,,0,1,1,0,0,1,0,0
120,0,flamefang,Flamefang,3,0,1,0,10,0,629,0,2,90,0,200000,60,100,60,110,0,3,3,0,400,0,6,0,0,0,0,0,0,0,0,0,331,,20,10,,0,1,1,0,0,1,0,0
121,0,ice_sabre,Ice sabre,3,0,1,0,23,0,649,0,2,60,0,200000,50,100,40,90,4,0,0,0,0,0,0,0,0,0,0,4,0,0,0,0,331,,20000,10000,,0,1,1,0,0,0,0,0
122,0,long_spear,Long spear,3,0,1,0,10000,0,52,0,2,0,0,15000,30,55,30,60,0,0,0,0,0,0,0,0,0,0,0,17,0,0,0,0,331,,400,200,Strength of 17 req,0,1,1,0,0,0,0,0
123,0,might_spear,Might spear,3,0,1,0,10000,0,52,0,2,55,0,40000,60,85,50,80,2,0,1,150,0,5,0,0,0,0,0,5,0,0,0,0,331,,2000,1000,,0,1,1,0,0,0,0,0
124,0,faerie_light,Faerie light,3,0,1,0,10007,0,627,0,2,70,0,5000000,80,90,80,100,0,0,0,0,800,0,10,0,0,0,0,0,0,0,0,0,331,,100000,50000,,0,1,1,0,0,0,0,0
125,1,stone_axe,Stone axe,3,0,1,0,10006,0,623,0,2,90,0,100000,50,130,30,110,-1,0,0,0,0,0,15,0,0,0,0,0,0,0,0,0,331,,800000,400000,,0,1,1,0,0,0,0,0
126,0,steel_blade,Steel blade,3,0,1,0,3,0,0,0,2,0,0,80000,55,100,60,90,0,0,0,0,0,0,0,0,0,0,0,35,0,0,0,0,331,,4000,2000,Strength of 35 req,0,1,1,0,0,0,0,0
127,2,blue_dragon_longsword,Blue dragon longsword,3,0,1,0,10029,0,1454,0,2,99,0,500000,200,220,200,250,-4,5,5,2000,1000,5,0,10,0,0,0,0,0,0,0,0,331,,1500000,750000,,0,1,1,0,0,0,0,0
219,0,tarnished_shield,Tarnished shield,5,0,1,0,0,4,139,4,2,0,0,1000000,0,0,0,0,0,0,0,0,0,0,0,0,0,0,0,0,0,0,0,0,331,,0,0,,0,1,1,0,0,0,0,0
500,0,war_platemail,War platemail,4,0,1,0,12,0,139,0,0,0,0,4000,0,0,0,0,-12,0,0,0,0,0,0,0,0,0,0,0,0,0,0,0,331,,20,0,For peasants,0,1,1,0,0,0,0,0
501,0,spring_mail_dress,Spring mail dress,4,0,1,0,211,0,120,0,1,0,0,3000,0,0,0,0,-10,0,0,0,0,0,0,0,0,0,0,0,0,0,0,0,331,,15,0,For peasants,0,1,1,0,0,0,0,0
502,0,spring_war_dress,Spring war dress,4,0,1,0,13,0,200,0,1,0,0,4000,0,0,0,0,-12,0,0,0,0,0,0,0,0,0,0,0,0,0,0,0,331,,20,0,For peasants,0,1,1,0,0,0,0,0
503,0,scale_mail,Scale Mail,4,0,1,0,210,0,120,0,0,0,0,3000,0,0,0,0,-10,0,0,0,0,0,0,0,0,0,0,0,0,0,0,0,331,,10,0,For peasants,0,1,1,0,0,0,0,0
504,0,spring_armor_dress,Spring Armor Dress,4,0,1,0,8,0,169,0,1,0,0,3000,0,0,0,0,-8,0,0,0,0,0,0,0,0,0,0,0,0,0,0,0,331,,10,0,For peasants,0,1,1,0,0,0,0,0
505,0,steel_dagger,Steel dagger,3,0,1,0,0,0,1,0,2,0,0,20000,35,70,27,53,0,0,0,0,0,0,0,0,0,0,0,20,0,0,0,0,331,,800,400,Strength of 20 req,0,1,1,0,0,0,0,0
506,0,steel_saber,Steel saber,3,0,1,0,2,0,1,0,2,0,0,40000,50,85,40,70,0,0,0,0,0,0,0,0,0,0,0,25,0,0,0,0,331,,1000,500,Strength of 25 req,0,1,1,0,0,0,0,0
507,0,steel_sword,Steel sword,3,0,1,0,3,0,0,0,2,0,0,60000,55,90,60,80,0,0,0,0,0,0,0,0,0,0,0,30,0,0,0,0,331,,2000,1000,Strength of 30 req,0,1,1,0,0,0,0,0
508,0,spring_dress,Spring dress,4,0,1,0,6,1,149,1,1,0,0,3000,0,0,0,0,-4,0,0,0,0,0,0,0,0,0,0,0,0,0,0,0,0,,8,4,For peasants,0,1,1,0,0,0,0,0
509,0,spring_blouse,Spring blouse,4,0,1,0,7,1,159,1,1,0,0,3000,0,0,0,0,-6,0,0,0,0,0,0,0,0,0,0,0,0,0,0,0,0,,5,2,For peasants,0,1,1,0,0,0,0,0
510,0,spring_skirt,Spring skirt,4,0,1,0,11,1,190,0,1,0,0,3000,0,0,0,0,-6,0,0,0,0,0,0,0,0,0,0,0,0,0,0,0,0,,10,5,For peasants,0,1,1,0,0,0,0,0
511,0,spring_gown,Spring gown,4,0,1,0,18,1,450,1,1,0,0,3000,0,0,0,0,-4,0,0,0,0,0,0,0,0,0,0,0,0,0,0,0,0,,10,5,For peasants,0,1,1,0,0,0,0,0
512,0,wedding_dress,Wedding dress,4,0,1,0,15,0,479,0,1,0,0,1000,0,0,0,0,30,0,0,0,0,0,0,0,0,0,0,0,0,0,0,0,331,,15000,7500,,0,1,1,0,0,0,0,0
513,0,peasant_clothes,Peasant clothes,4,0,1,0,10,1,129,0,0,0,0,3000,0,0,0,0,-6,0,0,0,0,0,0,0,0,0,0,0,0,0,0,0,0,,7,3,For peasants,0,1,1,0,0,0,0,0
514,0,spring_garb,Spring garb,4,0,1,0,3,0,99,0,0,0,0,3000,0,0,0,0,-4,0,0,0,0,0,0,0,0,0,0,0,0,0,0,0,0,,5,2,For peasants,0,1,1,0,0,0,0,0
515,0,spring_robes,Spring robes,4,0,1,0,20,1,469,0,0,0,0,3000,0,0,0,0,-4,0,0,0,0,0,0,0,0,0,0,0,0,0,0,0,0,,8,4,For peasants,0,1,1,0,0,0,0,0
516,0,merchant_waistcoat,Merchant waistcoat,4,0,1,0,2,0,89,0,0,0,0,3000,0,0,0,0,-6,0,0,10,0,0,0,0,0,0,0,0,0,0,0,0,0,,8,4,For peasants,0,1,1,0,0,0,0,0
517,0,green_cloak,Green cloak,4,0,1,0,14,0,460,0,0,0,0,10000,0,0,0,0,0,0,0,0,0,0,0,0,0,0,0,0,0,0,0,0,331,,15000,7500,,0,1,1,0,0,0,0,0
519,0,fine_steel_dagger,Fine steel dagger,3,0,1,0,0,0,1,0,2,0,0,20000,35,70,27,53,0,0,0,0,0,0,0,0,0,0,0,20,0,0,0,0,331,,1600,800,Strength of 20 req,0,1,1,0,0,0,0,0
520,0,rusty_shortsword,Rusty shortsword,3,0,1,0,0,0,1,0,2,30,0,50000,50,55,40,70,0,3,3,100,0,0,0,0,0,0,0,0,0,0,0,0,331,,900,450,,0,1,1,0,0,0,0,0
521,0,spring_mantle,Spring mantle,4,0,1,0,21,0,491,0,0,0,0,3500,0,0,0,0,-6,0,0,0,0,0,1,0,0,0,0,0,0,0,0,0,0,,100,50,made my tailors,0,1,1,0,0,0,0,0
522,0,spring_drapery,Spring drapery,4,0,1,0,27,0,571,0,1,0,0,3500,0,0,0,0,-6,0,0,0,0,0,1,0,0,0,0,0,0,0,0,0,0,,100,50,made my tailors,0,1,1,0,0,0,0,0
1000,0,short_bow,Short bow,3,0,1,0,20000,0,4,0,2,0,0,1000,1,5,1,5,5,0,0,0,0,0,0,0,0,0,0,30,0,0,0,0,331,,4000,2000,Strength 30 required,0,1,1,0,0,0,0,0
1001,0,jolt_trident,Jolt trident,3,0,1,0,10013,0,746,0,2,0,0,100000,10,40,10,150,0,0,0,0,100,0,2,0,0,0,0,30,0,0,0,0,331,,0,0,,0,0,1,0,0,1,0,0
1002,2,swift_sword,Swift sword,3,0,1,0,1,2,0,0,2,5,0,5000,20,25,20,25,0,0,1,10,0,0,0,1,0,0,0,0,0,0,0,0,337,,200,100,,0,1,1,0,0,0,0,0
1003,0,,,0,0,1,0,0,0,0,0,2,0,0,1000000,0,0,0,0,0,0,0,0,0,0,0,0,0,0,0,0,0,0,0,0,331,,0,0,,0,0,1,0,0,0,0,0
1004,0,frost_sabre,Frost sabre,3,0,1,0,23,0,649,0,2,8,0,20000,10,18,20,40,0,0,0,0,0,0,0,0,0,0,0,0,0,0,0,0,331,,0,0,,0,1,1,0,0,0,0,0
1005,0,student_cap,Student cap,6,0,1,0,108,0,704,0,2,1,0,6000,0,0,0,0,-4,0,0,0,0,0,0,0,0,14,0,0,0,0,0,0,331,,200,100,,0,1,1,0,0,1,0,0
1006,0,merchant_armor,Merchant armor,4,0,1,0,4,0,169,0,0,0,0,3000,0,0,0,0,-8,0,0,0,0,0,0,0,0,0,0,0,0,0,0,0,331,,10,5,For peasants,0,1,1,0,0,0,0,0
1007,0,,,0,0,1,0,0,0,0,0,2,0,0,1000000,0,0,0,0,0,0,0,0,0,0,0,0,0,0,0,0,0,0,0,0,331,,0,0,,0,0,1,0,0,0,0,0
1008,0,,,0,0,1,0,0,0,0,0,2,0,0,1000000,0,0,0,0,0,0,0,0,0,0,0,0,0,0,0,0,0,0,0,0,331,,0,0,,0,0,1,0,0,0,0,0
1009,0,,,0,0,1,0,0,0,0,0,2,0,0,1000000,0,0,0,0,0,0,0,0,0,0,0,0,0,0,0,0,0,0,0,0,331,,0,0,,0,0,1,0,0,0,0,0
1010,0,,,0,0,1,0,0,0,0,0,2,0,0,1000000,0,0,0,0,0,0,0,0,0,0,0,0,0,0,0,0,0,0,0,0,331,,0,0,,0,0,1,0,0,0,0,0
1011,0,,,0,0,1,0,0,0,0,0,2,0,0,1000000,0,0,0,0,0,0,0,0,0,0,0,0,0,0,0,0,0,0,0,0,331,,0,0,,0,0,1,0,0,0,0,0
1012,0,,,0,0,1,0,0,0,0,0,2,0,0,1000000,0,0,0,0,0,0,0,0,0,0,0,0,0,0,0,0,0,0,0,0,331,,0,0,,0,0,1,0,0,0,0,0
1500,0,==== EVENT ITEMS ====,==== EVENT ITEMS ====,0,0,1,0,0,0,0,0,2,0,0,1000000,0,0,0,0,0,0,0,0,0,0,0,0,0,0,0,0,0,0,0,0,331,,0,0,,0,0,1,0,0,0,0,0
1501,0,crystal_shard,Crystal Shard,18,0,1,1,0,0,885,0,2,0,0,1000000,0,0,0,0,0,0,0,0,0,0,0,0,0,0,0,0,1,1,0,0,331,,0,0,,1,0,1,0,0,0,0,0
1502,0,,,0,0,1,0,0,0,0,0,2,0,0,1000000,0,0,0,0,0,0,0,0,0,0,0,0,0,0,0,0,0,0,0,0,331,,0,0,,0,0,1,0,0,0,0,0
2000,0,==== NEW 99 HAND ITEMS====,==== NEW 99 HAND ITEMS ====,0,0,1,0,0,0,0,0,2,0,0,1000000,0,0,0,0,0,0,0,0,0,0,0,0,0,0,0,0,0,0,0,0,331,,0,0,,0,0,1,0,0,0,0,0
2001,0,lucky_ring,Lucky Ring,7,0,2,0,0,0,708,0,2,99,0,100000,0,0,0,0,-8,3,4,2000,500,5,0,5,2,0,0,100,0,0,0,0,331,,0,0,,0,0,0,0,0,0,0,0
2002,0,steel_gauntlet,Steel Gauntlet,7,0,2,0,0,0,712,0,2,99,0,250000,0,0,0,0,-9,3,7,4000,-500,10,0,0,1,0,0,100,0,0,0,0,331,,0,0,,0,0,0,0,0,0,0,0
2003,0,magic_glove,Magic Glove,7,0,2,0,0,0,1884,0,2,99,0,100000,0,0,0,0,-8,0,0,-1000,2000,0,10,0,4,0,0,50,0,0,0,0,331,,0,0,,0,0,0,0,0,0,0,0
2004,0,sages_band,Sage\'s Band,7,0,2,0,0,0,989,0,2,99,0,100000,0,0,0,0,-8,0,0,1000,1000,0,5,5,3,0,0,50,0,0,0,0,331,,0,0,,0,0,0,0,0,0,0,0
2100,0,==== NEW 99 HAND ITEMS====,==== NEW 99 HAND ITEMS ====,0,0,1,0,0,0,0,0,2,0,0,1000000,0,0,0,0,0,0,0,0,0,0,0,0,0,0,0,0,0,0,0,0,331,,0,0,,0,0,1,0,0,0,0,0
3000,0,====CRAFTABLE WEAPONS====,=====CRAFTABLE WEAPONS=====,0,0,1,0,0,0,0,0,2,0,0,1000000,0,0,0,0,0,0,0,0,0,0,0,0,0,0,0,0,0,0,0,0,331,,0,0,,0,0,1,0,0,0,0,0
3001,0,wooden_sword,Wooden sword,3,0,1,0,1,0,2,0,2,0,0,4000,10,15,13,16,0,0,0,0,0,0,0,0,0,0,0,5,0,0,0,0,331,,20,10,Strength of 5 req,0,1,1,0,0,0,0,0
3002,0,supple_wooden_sword,Supple wooden sword,3,0,1,0,1,0,2,0,2,0,0,4400,10,15,13,16,0,0,0,0,0,0,0,0,0,0,0,5,0,0,0,0,331,,40,20,Strength of 5 req,0,1,1,0,0,0,0,0
3003,0,wooden_blade,Wooden Blade,3,0,1,0,1,0,2,0,2,1,0,16000,20,90,20,75,0,0,0,0,0,0,0,0,0,0,0,22,0,0,0,0,331,,800,400,Strength of 22 req,0,1,1,0,0,0,0,0
3004,0,supple_wooden_blade,Supple wooden blade,3,0,1,0,1,0,2,0,2,1,0,17200,20,90,20,75,0,0,0,0,0,0,0,0,0,0,0,22,0,0,0,0,331,,1000,500,Strength of 22 req,0,1,1,0,0,0,0,0
3005,0,viperhead_woodsaber,Viperhead woodsaber,3,0,1,0,1,0,2,0,2,1,0,6000,15,25,12,25,0,0,0,0,0,0,0,0,0,0,0,10,0,0,0,0,331,,60,30,Strength of 10 req,0,1,1,0,0,0,0,0
3006,0,supple_viperhead_woodsaber,Supple vprhd saber,3,0,1,0,1,0,2,0,2,1,0,6000,15,25,12,25,0,0,0,0,0,0,0,0,0,0,0,10,0,0,0,0,331,,120,60,Strength of 10 req,0,1,1,0,0,0,0,0
3007,0,viperhead_woodsword,Viperhead woodsword,3,0,1,0,1,0,2,0,2,0,0,8000,20,35,20,35,0,0,0,0,0,0,0,0,0,0,0,13,0,0,0,0,331,,150,75,Strength of 13 req,0,1,1,0,0,0,0,0
3008,0,supple_viperhead_woodsword,Supple vprhd sword,3,0,1,0,1,0,2,0,2,0,0,8000,20,35,20,35,0,0,0,0,0,0,0,0,0,0,0,13,0,0,0,0,331,,300,150,Strength of 13 req,0,1,1,0,0,0,0,0
3009,0,fine_steel_saber,Fine steel saber,3,0,1,0,2,0,1,0,2,0,0,50000,50,85,40,70,0,0,0,0,0,0,0,0,0,0,0,25,0,0,0,0,331,,2000,1000,Strength of 25 req,0,1,1,0,0,0,0,0
3010,0,fine_steel_sword,Fine steel sword,3,0,1,0,2,0,1,0,2,0,0,72000,55,90,60,80,0,0,0,0,0,0,0,0,0,0,0,30,0,0,0,0,331,,4000,2000,Strength of 30 req,0,1,1,0,0,0,0,0
3011,0,fine_steel_blade,Fine steel blade,3,0,1,0,2,0,1,0,2,0,0,96000,55,100,60,90,0,0,0,0,0,0,0,0,0,0,0,35,0,0,0,0,331,,8000,4000,Strength of 35 req,0,1,1,0,0,0,0,0
3012,0,oaken_sword,Oaken sword,3,0,1,0,1,0,2,0,2,0,0,8000,20,35,20,35,0,0,0,0,0,0,0,0,0,0,0,13,0,0,0,0,331,,300,150,,0,1,1,0,0,0,0,0
3013,0,supple_oaken_sword,Supple oaken sword,3,0,1,0,1,0,2,0,2,0,0,8000,20,35,20,35,0,0,0,0,0,0,0,0,0,0,0,13,0,0,0,0,331,,300,200,,0,1,1,0,0,0,0,0
3014,0,oaken_blade,Oaken blade,3,0,1,0,1,0,2,0,2,0,0,8000,20,35,20,35,0,0,0,0,0,0,0,0,0,0,0,13,0,0,0,0,331,,300,200,,0,1,1,0,0,0,0,0
3015,0,supple_oaken_blade,Supple oaken blade,3,0,1,0,1,0,2,0,2,0,0,8000,20,35,20,35,0,0,0,0,0,0,0,0,0,0,0,13,0,0,0,0,331,,300,250,,0,1,1,0,0,0,0,0
3016,0,juk_do,Juk-do,3,0,1,0,1,0,2,0,2,80,0,500000,85,95,85,95,0,2,2,50,0,0,0,0,0,0,0,75,0,0,0,0,331,,300,300,,0,1,1,0,0,1,0,0
3017,0,elegant_juk_do,Elegant Juk-do,3,0,1,0,1,0,2,0,2,80,0,500000,90,95,90,95,0,3,3,100,0,0,0,0,0,0,0,75,0,0,0,0,331,,300,350,,0,1,1,0,0,0,0,0
4000,0,====MAP FRAGMENTS====,====MAP FRAGMENTS===,0,0,1,0,0,0,0,0,2,0,0,1000000,0,0,0,0,0,0,0,0,0,0,0,0,0,0,0,0,0,0,0,0,331,,0,0,,0,0,1,0,0,0,0,0
4001,0,desert_map,Desert map,22,0,1,0,0,0,4362,0,2,0,0,15,0,0,0,0,0,0,0,0,0,0,0,0,0,0,0,0,0,0,0,0,331,,0,0,,0,0,0,1,0,0,0,0
4002,0,map_fragment,Map fragment,18,0,10,0,0,0,4368,0,2,0,0,1000000,0,0,0,0,0,0,0,0,0,0,0,0,0,0,0,0,0,0,0,0,331,,1000,500,,0,0,0,1,0,0,0,0
4003,0,map_mod_player_exp,Player Exp Map Mod,18,0,1,0,0,0,4312,0,2,0,0,1000000,0,0,0,0,0,0,0,0,0,0,0,0,0,0,0,0,0,0,0,0,331,,0,0,,0,0,0,1,0,0,0,0
4004,0,map_mod_decreased_mob_ac,Mob AC Map Mod,18,0,1,0,0,0,4315,0,2,0,0,1000000,0,0,0,0,0,0,0,0,0,0,0,0,0,0,0,0,0,0,0,0,331,,0,0,,0,0,0,1,0,0,0,0
4005,0,green_squirrel_map,Green Squirrel Map,22,0,1,0,0,0,4362,1,2,0,0,15,0,0,0,0,0,0,0,0,0,0,0,0,0,0,0,0,0,0,0,0,331,,0,0,,0,0,0,1,0,0,0,0
4006,0,combined_map,Combined map,18,0,1,0,0,0,4362,0,2,0,0,15,0,0,0,0,0,0,0,0,0,0,0,0,0,0,0,0,1,0,1,0,331,,0,0,,0,0,0,1,0,0,0,0
4007,0,dragon_essence,Dragon\'s essence,18,0,5,5,0,0,2210,0,2,0,0,15,0,0,0,0,0,0,0,0,0,0,0,0,0,0,0,0,1,0,1,0,331,,0,0,,0,0,0,1,0,0,0,0
4008,0,chung_ryongs_might,Chung Ryong\'s might,18,0,1,1,0,0,2199,0,2,0,0,15,0,0,0,0,0,0,0,0,0,0,0,0,0,0,0,0,1,0,1,0,331,,0,0,,0,0,1,0,0,0,0,0
4009,0,haunted_house_map,Haunted House Map,22,0,1,0,0,0,4362,0,2,0,0,15,0,0,0,0,0,0,0,0,0,0,0,0,0,0,0,0,0,0,0,0,331,,0,0,,0,0,0,0,0,0,0,0
4010,0,lobsters_map,Lobster Map,22,0,1,0,0,0,4362,0,2,0,0,15,0,0,0,0,0,0,0,0,0,0,0,0,0,0,0,0,0,0,0,0,331,,0,0,,0,0,0,0,0,0,0,0
4011,0,mythic_dragon_map,Mythic Dragon Map,22,0,1,0,0,0,4362,0,2,0,0,15,0,0,0,0,0,0,0,0,0,0,0,0,0,0,0,0,0,0,0,0,331,,0,0,,0,0,0,0,0,0,0,0
4012,0,mythic_snake_map,Mythic Snake Map,22,0,1,0,0,0,4362,0,2,0,0,15,0,0,0,0,0,0,0,0,0,0,0,0,0,0,0,0,0,0,0,0,331,,0,0,,0,0,0,0,0,0,0,0
4013,0,mythic_rabbit_map,Mythic Rabbit Map,22,0,1,0,0,0,4362,0,2,0,0,15,0,0,0,0,0,0,0,0,0,0,0,0,0,0,0,0,0,0,0,0,331,,0,0,,0,0,0,0,0,0,0,0
4014,0,mythic_monkey_map,Mythic Monkey Map,22,0,1,0,0,0,4362,0,2,0,0,15,0,0,0,0,0,0,0,0,0,0,0,0,0,0,0,0,0,0,0,0,331,,0,0,,0,0,0,0,0,0,0,0
4015,0,mythic_sheep_map,Mythic Sheep Map,22,0,1,0,0,0,4362,0,2,0,0,15,0,0,0,0,0,0,0,0,0,0,0,0,0,0,0,0,0,0,0,0,331,,0,0,,0,0,0,0,0,0,0,0
4016,0,mythic_ox_map,Mythic Ox Map,22,0,1,0,0,0,4362,0,2,0,0,15,0,0,0,0,0,0,0,0,0,0,0,0,0,0,0,0,0,0,0,0,331,,0,0,,0,0,0,0,0,0,0,0
4017,0,gonjiam_map,Gonjiam Map,22,0,1,0,0,0,4362,0,2,0,0,15,0,0,0,0,0,0,0,0,0,0,0,0,0,0,0,0,0,0,0,0,331,,0,0,,0,0,0,0,0,0,0,0
5000,0,===SEASONAL MISC,===SEASONAL MISC,0,0,1,0,0,0,0,0,2,0,0,1000000,0,0,0,0,0,0,0,0,0,0,0,0,0,0,0,0,0,0,0,0,331,,0,0,,0,0,1,0,0,0,0,0
5001,0,ribbon,Ribbon,18,0,1,0,0,0,699,0,2,0,0,1000000,0,0,0,0,0,0,0,0,0,0,0,0,0,0,0,0,0,0,0,0,331,,10,5,,0,0,1,0,0,0,0,0
5002,0,brown_gift_paper,Brown gift paper,18,0,1,0,0,0,674,0,2,0,0,1000000,0,0,0,0,0,0,0,0,0,0,0,0,0,0,0,0,0,0,0,0,331,,10,5,,0,0,1,0,0,0,0,0
5003,0,brown_present,Brown present,18,0,1,0,0,0,981,0,2,0,0,1000000,0,0,0,0,0,0,0,0,0,0,0,0,0,0,0,0,0,0,0,0,331,,0,0,,0,0,1,0,0,0,0,0
5004,0,fireworks,Fireworks (Dazzle),0,0,100,100,0,0,3100,0,2,0,0,1000000,0,0,0,0,0,0,0,0,0,0,0,0,0,0,0,0,0,0,0,0,331,,0,0,,0,0,1,0,0,0,0,0
5005,0,fireworks1,Fireworks (X),0,0,100,100,0,0,3100,1,2,0,0,1000000,0,0,0,0,0,0,0,0,0,0,0,0,0,0,0,0,0,0,0,0,331,,0,0,,0,0,1,0,0,0,0,0
5006,0,fireworks2,Fireworks (Heart),0,0,100,100,0,0,3100,10,2,0,0,1000000,0,0,0,0,0,0,0,0,0,0,0,0,0,0,0,0,0,0,0,0,331,,0,0,,0,0,1,0,0,0,0,0
5007,0,fireworks4,Fireworks 4,0,0,100,100,0,0,3100,0,2,0,0,1000000,0,0,0,0,0,0,0,0,0,0,0,0,0,0,0,0,0,0,0,0,331,,0,0,,0,0,1,0,0,0,0,0
5008,0,fireworks5,Fireworks 5,0,0,100,100,0,0,3100,0,2,0,0,1000000,0,0,0,0,0,0,0,0,0,0,0,0,0,0,0,0,0,0,0,0,331,,0,0,,0,0,1,0,0,0,0,0
5009,0,fireworks6,Fireworks 6,0,0,100,100,0,0,3100,0,2,0,0,1000000,0,0,0,0,0,0,0,0,0,0,0,0,0,0,0,0,0,0,0,0,331,,0,0,,0,0,1,0,0,0,0,0
5010,0,fireworks7,Fireworks 7,0,0,100,100,0,0,3100,0,2,0,0,1000000,0,0,0,0,0,0,0,0,0,0,0,0,0,0,0,0,0,0,0,0,331,,0,0,,0,0,1,0,0,0,0,0
5011,0,fireworks8,Fireworks 8,0,0,100,100,0,0,3100,0,2,0,0,1000000,0,0,0,0,0,0,0,0,0,0,0,0,0,0,0,0,0,0,0,0,331,,0,0,,0,0,1,0,0,0,0,0
5012,0,fireworks9,Fireworks 9,0,0,100,100,0,0,3100,0,2,0,0,1000000,0,0,0,0,0,0,0,0,0,0,0,0,0,0,0,0,0,0,0,0,331,,0,0,,0,0,1,0,0,0,0,0
5013,0,fireworks10,Fireworks 10,0,0,100,100,0,0,3100,0,2,0,0,1000000,0,0,0,0,0,0,0,0,0,0,0,0,0,0,0,0,0,0,0,0,331,,0,0,,0,0,1,0,0,0,0,0
5014,0,firecracker1,Firecracker 1,0,0,100,100,0,0,284,0,2,0,0,1000000,0,0,0,0,0,0,0,0,0,0,0,0,0,0,0,0,0,0,0,0,331,,0,0,,0,0,1,0,0,0,0,0
5015,0,firecracker2,Firecracker 2,0,0,100,100,0,0,284,0,2,0,0,1000000,0,0,0,0,0,0,0,0,0,0,0,0,0,0,0,0,0,0,0,0,331,,0,0,,0,0,1,0,0,0,0,0
5016,0,firecracker3,Firecracker 3,0,0,100,100,0,0,284,0,2,0,0,1000000,0,0,0,0,0,0,0,0,0,0,0,0,0,0,0,0,0,0,0,0,331,,0,0,,0,0,1,0,0,0,0,0
5017,0,firecracker4,Firecracker 4,0,0,100,100,0,0,284,0,2,0,0,1000000,0,0,0,0,0,0,0,0,0,0,0,0,0,0,0,0,0,0,0,0,331,,0,0,,0,0,1,0,0,0,0,0
5018,0,firecracker5,Firecracker 5,0,0,100,100,0,0,284,0,2,0,0,1000000,0,0,0,0,0,0,0,0,0,0,0,0,0,0,0,0,0,0,0,0,331,,0,0,,0,0,1,0,0,0,0,0
5019,0,firecracker6,Firecracker 6,0,0,100,100,0,0,284,0,2,0,0,1000000,0,0,0,0,0,0,0,0,0,0,0,0,0,0,0,0,0,0,0,0,331,,0,0,,0,0,1,0,0,0,0,0
5020,0,firecracker7,Firecracker 7,0,0,100,100,0,0,284,0,2,0,0,1000000,0,0,0,0,0,0,0,0,0,0,0,0,0,0,0,0,0,0,0,0,331,,0,0,,0,0,1,0,0,0,0,0
5021,0,firecracker8,Firecracker 8,0,0,100,100,0,0,284,0,2,0,0,1000000,0,0,0,0,0,0,0,0,0,0,0,0,0,0,0,0,0,0,0,0,331,,0,0,,0,0,1,0,0,0,0,0
5022,0,firecracker9,Firecracker 9,0,0,100,100,0,0,284,0,2,0,0,1000000,0,0,0,0,0,0,0,0,0,0,0,0,0,0,0,0,0,0,0,0,331,,0,0,,0,0,1,0,0,0,0,0
5023,0,firecracker10,Firecracker 10,0,0,100,100,0,0,284,0,2,0,0,1000000,0,0,0,0,0,0,0,0,0,0,0,0,0,0,0,0,0,0,0,0,331,,0,0,,0,0,1,0,0,0,0,0
5024,0,,,0,0,1,0,0,0,0,0,2,0,0,1000000,0,0,0,0,0,0,0,0,0,0,0,0,0,0,0,0,0,0,0,0,331,,0,0,,0,0,1,0,0,0,0,0
5025,0,,,0,0,1,0,0,0,0,0,2,0,0,1000000,0,0,0,0,0,0,0,0,0,0,0,0,0,0,0,0,0,0,0,0,331,,0,0,,0,0,1,0,0,0,0,0
5026,0,,,0,0,1,0,0,0,0,0,2,0,0,1000000,0,0,0,0,0,0,0,0,0,0,0,0,0,0,0,0,0,0,0,0,331,,0,0,,0,0,1,0,0,0,0,0
5027,0,,,0,0,1,0,0,0,0,0,2,0,0,1000000,0,0,0,0,0,0,0,0,0,0,0,0,0,0,0,0,0,0,0,0,331,,0,0,,0,0,1,0,0,0,0,0
5028,0,,,0,0,1,0,0,0,0,0,2,0,0,1000000,0,0,0,0,0,0,0,0,0,0,0,0,0,0,0,0,0,0,0,0,331,,0,0,,0,0,1,0,0,0,0,0
5029,0,,,0,0,1,0,0,0,0,0,2,0,0,1000000,0,0,0,0,0,0,0,0,0,0,0,0,0,0,0,0,0,0,0,0,331,,0,0,,0,0,1,0,0,0,0,0
5030,0,,,0,0,1,0,0,0,0,0,2,0,0,1000000,0,0,0,0,0,0,0,0,0,0,0,0,0,0,0,0,0,0,0,0,331,,0,0,,0,0,1,0,0,0,0,0
5031,0,,,0,0,1,0,0,0,0,0,2,0,0,1000000,0,0,0,0,0,0,0,0,0,0,0,0,0,0,0,0,0,0,0,0,331,,0,0,,0,0,1,0,0,0,0,0
5032,0,,,0,0,1,0,0,0,0,0,2,0,0,1000000,0,0,0,0,0,0,0,0,0,0,0,0,0,0,0,0,0,0,0,0,331,,0,0,,0,0,1,0,0,0,0,0
5033,0,,,0,0,1,0,0,0,0,0,2,0,0,1000000,0,0,0,0,0,0,0,0,0,0,0,0,0,0,0,0,0,0,0,0,331,,0,0,,0,0,1,0,0,0,0,0
5034,0,,,0,0,1,0,0,0,0,0,2,0,0,1000000,0,0,0,0,0,0,0,0,0,0,0,0,0,0,0,0,0,0,0,0,331,,0,0,,0,0,1,0,0,0,0,0
5035,0,,,0,0,1,0,0,0,0,0,2,0,0,1000000,0,0,0,0,0,0,0,0,0,0,0,0,0,0,0,0,0,0,0,0,331,,0,0,,0,0,1,0,0,0,0,0
5036,0,,,0,0,1,0,0,0,0,0,2,0,0,1000000,0,0,0,0,0,0,0,0,0,0,0,0,0,0,0,0,0,0,0,0,331,,0,0,,0,0,1,0,0,0,0,0
5037,0,,,0,0,1,0,0,0,0,0,2,0,0,1000000,0,0,0,0,0,0,0,0,0,0,0,0,0,0,0,0,0,0,0,0,331,,0,0,,0,0,1,0,0,0,0,0
5038,0,,,0,0,1,0,0,0,0,0,2,0,0,1000000,0,0,0,0,0,0,0,0,0,0,0,0,0,0,0,0,0,0,0,0,331,,0,0,,0,0,1,0,0,0,0,0
10000,0,===FOOD===,===FOOD===,0,0,1,0,0,0,0,0,2,0,0,1000000,0,0,0,0,0,0,0,0,0,0,0,0,0,0,0,0,0,0,0,0,331,,0,0,,0,0,1,0,0,0,0,0
10001,0,apple,Apple,0,0,100,100,0,0,10,0,2,0,0,1000000,0,0,0,0,0,0,0,0,0,0,0,0,0,0,0,0,0,0,0,0,331,,10,5,,0,0,1,0,0,0,0,0
10002,0,wolf_meat,Wolf Meat,0,0,20,20,0,0,5,0,2,0,0,1000000,0,0,0,0,0,0,0,0,0,0,0,0,0,0,0,0,0,0,0,0,331,,4,2,,0,0,1,0,0,0,0,0
10003,0,ginseng,Ginseng,0,0,20,20,0,0,14,0,2,0,0,1000000,0,0,0,0,0,0,0,0,0,0,0,0,0,0,0,0,0,0,0,0,331,,500,250,,0,0,1,0,0,0,0,0
10004,0,fish,Fish,0,0,1,0,0,0,15,0,2,0,0,1000000,0,0,0,0,0,0,0,0,0,0,0,0,0,0,0,0,0,0,0,0,331,,10,5,,0,0,1,0,0,0,0,0
10005,0,banana,Banana,0,0,20,20,0,0,30,0,2,0,0,1000000,0,0,0,0,0,0,0,0,0,0,0,0,0,0,0,0,0,0,0,0,331,,6,3,,0,0,1,0,0,0,0,0
10006,0,watermelon,Watermelon,0,0,1,0,0,0,31,0,2,0,0,1000000,0,0,0,0,0,0,0,0,0,0,0,0,0,0,0,0,0,0,0,0,331,,500,250,,0,0,1,0,0,0,0,0
10007,0,bone,Bone,0,0,20,20,0,0,212,0,2,0,0,1000000,0,0,0,0,0,0,0,0,0,0,0,0,0,0,0,0,0,0,0,0,331,,1,1,,0,0,1,0,0,0,0,0
10008,0,chicken_meat,Chicken meat,0,0,30,30,0,0,213,0,2,0,0,1000000,0,0,0,0,0,0,0,0,0,0,0,0,0,0,0,0,0,0,0,0,331,,4,2,,0,0,1,0,0,0,0,0
10009,0,acorn,Acorn,0,0,201,201,0,0,214,0,2,0,0,1000000,0,0,0,0,0,0,0,0,0,0,0,0,0,0,0,0,0,0,0,0,331,,10,5,,0,0,1,0,0,0,0,0
10010,0,pork,Pork,0,0,20,20,0,0,215,0,2,0,0,1000000,0,0,0,0,0,0,0,0,0,0,0,0,0,0,0,0,0,0,0,0,331,,10,5,,0,0,1,0,0,0,0,0
10011,0,rare_pork,Rare pork,0,0,20,20,0,0,216,0,2,0,0,1000000,0,0,0,0,0,0,0,0,0,0,0,0,0,0,0,0,0,0,0,0,331,,8,4,,0,0,1,0,0,0,0,0
10012,0,rabbit_meat,Rabbit meat,0,0,100,100,0,0,217,0,2,0,0,1000000,0,0,0,0,0,0,0,0,0,0,0,0,0,0,0,0,0,0,0,0,331,,2,1,,0,0,1,0,0,0,0,0
10013,0,bears_liver,Bear\'s liver,0,0,100,100,0,0,220,0,2,0,0,1000000,0,0,0,0,0,0,0,0,0,0,0,0,0,0,0,0,0,0,0,0,331,,20,10,,0,0,1,0,0,0,0,0
10014,0,snake_meat,Snake meat,0,0,100,100,0,0,221,0,2,0,0,1000000,0,0,0,0,0,0,0,0,0,0,0,0,0,0,0,0,0,0,0,0,331,,8,4,,0,0,1,0,0,0,0,0
10015,0,beef,Beef,0,0,20,20,0,0,222,0,2,0,0,1000000,0,0,0,0,0,0,0,0,0,0,0,0,0,0,0,0,0,0,0,0,331,,18,9,,0,0,1,0,0,0,0,0
10016,0,tiger_meat,Tiger meat,0,0,20,20,0,0,224,0,2,0,0,1000000,0,0,0,0,0,0,0,0,0,0,0,0,0,0,0,0,0,0,0,0,331,,20,10,,0,0,1,0,0,0,0,0
10017,0,noodles,Noodles,0,0,1,0,0,0,225,0,2,0,0,1000000,0,0,0,0,0,0,0,0,0,0,0,0,0,0,0,0,0,0,0,0,331,,500,250,,0,0,1,0,0,0,0,0
10018,0,sushi_on_plate,Sushi on plate,0,0,1,0,0,0,227,0,2,0,0,1000000,0,0,0,0,0,0,0,0,0,0,0,0,0,0,0,0,0,0,0,0,331,,0,0,,0,0,1,0,0,0,0,0
10019,0,bird_meat,Bird meat,0,0,30,30,0,0,213,0,2,0,0,1000000,0,0,0,0,0,0,0,0,0,0,0,0,0,0,0,0,0,0,0,0,331,,4,2,,0,0,1,0,0,0,0,0
10020,0,flour,Flour,0,0,1,0,0,0,837,0,2,0,0,1000000,0,0,0,0,0,0,0,0,0,0,0,0,0,0,0,0,0,0,0,0,331,,0,0,,0,0,1,0,0,0,0,0
10021,0,plate_of_chestnuts,Plate of chestnuts,0,0,1,0,0,0,230,0,2,0,0,1000000,0,0,0,0,0,0,0,0,0,0,0,0,0,0,0,0,0,0,0,0,331,,30,15,,0,0,1,0,0,0,0,0
10022,0,boiled_fish,Boiled fish,0,0,20,20,0,0,231,0,2,0,0,1000000,0,0,0,0,0,0,0,0,0,0,0,0,0,0,0,0,0,0,0,0,331,,100,50,,0,0,1,0,0,0,0,0
10023,0,rat_meat,Rat meat,0,0,200,200,0,0,288,0,2,0,0,1000000,0,0,0,0,0,0,0,0,0,0,0,0,0,0,0,0,0,0,0,0,331,,4,2,,0,0,1,0,0,0,0,0
10024,0,honey,Honey,0,0,20,20,0,0,296,0,2,0,0,1000000,0,0,0,0,0,0,0,0,0,0,0,0,0,0,0,0,0,0,0,0,331,,80000,40000,,0,0,1,0,0,0,0,0
10025,0,roasted_chicken,Roasted chicken,0,0,20,20,0,0,828,0,2,0,0,1000000,0,0,0,0,0,0,0,0,0,0,0,0,0,0,0,0,0,0,0,0,331,,200,100,,0,0,1,0,0,0,0,0
10026,0,fried_egg,Fried egg,0,0,20,20,0,0,829,0,2,0,0,1000000,0,0,0,0,0,0,0,0,0,0,0,0,0,0,0,0,0,0,0,0,331,,250,125,,0,0,1,0,0,0,0,0
10027,0,egg,Egg,0,0,12,12,0,0,830,0,2,0,0,1000000,0,0,0,0,0,0,0,0,0,0,0,0,0,0,0,0,0,0,0,0,331,,500,250,,0,0,1,0,0,0,0,0
10028,0,golden_egg,Golden egg,0,0,12,12,0,0,831,0,2,0,0,1000000,0,0,0,0,0,0,0,0,0,0,0,0,0,0,0,0,0,0,0,0,331,,0,0,,0,0,1,0,0,0,0,0
10029,0,egg_carton,Egg carton,0,0,12,12,0,0,832,0,2,0,0,1000000,0,0,0,0,0,0,0,0,0,0,0,0,0,0,0,0,0,0,0,0,331,,0,0,,0,0,1,0,0,0,0,0
10030,0,egg_basket,Egg basket,0,0,12,12,0,0,833,0,2,0,0,1000000,0,0,0,0,0,0,0,0,0,0,0,0,0,0,0,0,0,0,0,0,331,,0,0,,0,0,1,0,0,0,0,0
10031,0,grilled_beef,Grilled beef,0,0,20,20,0,0,846,0,2,0,0,1000000,0,0,0,0,0,0,0,0,0,0,0,0,0,0,0,0,0,0,0,0,331,,60,30,,0,0,1,0,0,0,0,0
10032,0,peas,Peas,0,0,20,20,0,0,858,0,2,0,0,1000000,0,0,0,0,0,0,0,0,0,0,0,0,0,0,0,0,0,0,0,0,331,,1,1,,0,0,1,0,0,0,0,0
10033,0,seaweed,Seaweed,0,0,20,20,0,0,1132,0,2,0,0,1000000,0,0,0,0,0,0,0,0,0,0,0,0,0,0,0,0,0,0,0,0,331,,50,25,,0,0,1,0,0,0,0,0
10034,0,fortune_cookie,Fortune cookie,0,0,20,20,0,0,1656,0,2,0,0,1000000,0,0,0,0,0,0,0,0,0,0,0,0,0,0,0,0,0,0,0,0,331,,100,50,,0,0,1,0,0,0,0,0
10035,0,meat_scrap,Meat Scrap,0,0,201,201,0,0,221,0,2,0,0,1000000,0,0,0,0,0,0,0,0,0,0,0,0,0,0,0,0,0,0,0,0,331,,1,1,,0,0,1,0,0,0,0,0
10036,0,meat,Meat,0,0,20,20,0,0,5,0,2,0,0,1000000,0,0,0,0,0,0,0,0,0,0,0,0,0,0,0,0,0,0,0,0,331,,1,1,,0,0,1,0,0,0,0,0
10037,0,chestnut,Chestnut,0,0,20,20,0,0,214,0,2,0,0,1000000,0,0,0,0,0,0,0,0,0,0,0,0,0,0,0,0,0,0,0,0,331,,10,5,,0,0,1,0,0,0,0,0
10038,0,minnow,Minnow,0,0,10,10,0,0,15,0,2,0,0,1000000,0,0,0,0,0,0,0,0,0,0,0,0,0,0,0,0,0,0,0,0,331,,4,2,,0,0,1,0,0,0,0,0
10039,0,gold_acorn,Gold acorn,0,0,20,20,0,0,214,25,2,0,0,1000000,0,0,0,0,0,0,0,0,0,0,0,0,0,0,0,0,0,0,0,0,331,,100,50,,0,0,1,0,0,0,0,0
10040,0,antler,Antler,0,0,20,20,0,0,287,0,2,0,0,1000000,0,0,0,0,0,0,0,0,0,0,0,0,0,0,0,0,0,0,0,0,331,,10,5,,0,0,1,0,0,0,0,0
10041,0,lean_beef,Lean beef,0,0,20,20,0,0,222,0,2,0,0,1000000,0,0,0,0,0,0,0,0,0,0,0,0,0,0,0,0,0,0,0,0,331,,30,15,,0,0,1,0,0,0,0,0
10042,0,ogre_cider,Ogre cider,2,0,1,0,0,0,733,0,2,0,0,20,0,0,0,0,0,0,0,0,0,0,0,0,0,0,0,0,0,0,0,0,331,sips,10,5,,0,0,1,0,0,0,0,0
10043,0,ogre_drought,Ogre drought,2,0,1,0,0,0,733,0,2,0,0,39,0,0,0,0,0,0,0,0,0,0,0,0,0,0,0,0,0,0,0,0,331,sips,100,50,,0,0,1,0,0,0,0,0
10044,0,ginseng_piece,Ginseng piece,0,0,1,0,0,0,14,0,2,0,0,1000000,0,0,0,0,0,0,0,0,0,0,0,0,0,0,0,0,0,0,0,0,331,,40,20,,0,0,1,0,0,0,0,0
10045,0,mountain_ginseng,Mountain ginseng,0,0,10,10,0,0,14,0,2,0,0,1000000,0,0,0,0,0,0,0,0,0,0,0,0,0,0,0,0,0,0,0,0,331,,2000,1000,,0,0,1,0,0,0,0,0
10046,0,fine_snake_meat,Fine snake meat,0,0,40,40,0,0,221,0,2,0,0,1000000,0,0,0,0,0,0,0,0,0,0,0,0,0,0,0,0,0,0,0,0,331,,100,50,,0,0,1,0,0,0,0,0
10047,0,horse_meat,Horse meat,0,0,20,20,0,0,222,0,2,0,0,1000000,0,0,0,0,0,0,0,0,0,0,0,0,0,0,0,0,0,0,0,0,331,,12,6,,0,0,1,0,0,0,0,0
10048,0,aged_wine,Aged wine,2,0,1,0,0,0,730,0,2,0,0,50,0,0,0,0,0,0,0,0,0,0,0,0,0,0,0,0,0,0,0,0,331,sips,150,75,,0,0,1,0,0,0,0,0
10049,0,wine,Wine,2,0,1,0,0,0,76,0,2,0,0,50,0,0,0,0,0,0,0,0,0,0,0,0,0,0,0,0,0,0,0,0,331,sips,10,5,,0,0,1,0,0,0,0,0
10056,0,moon_wine,Moon wine,2,0,1,0,0,0,728,0,2,0,0,50,0,0,0,0,0,0,0,0,0,0,0,0,0,0,0,0,0,0,0,0,331,sips,100,50,,0,0,1,0,0,0,0,0
10057,0,thick_wine,Thick wine,2,0,1,0,0,0,727,0,2,0,0,50,0,0,0,0,0,0,0,0,0,0,0,0,0,0,0,0,0,0,0,0,331,sips,25,12,,0,0,1,0,0,0,0,0
10058,0,rich_wine,Rich wine,2,0,1,0,0,0,21,7,2,0,0,50,0,0,0,0,0,0,0,0,0,0,0,0,0,0,0,0,0,0,0,0,331,sips,600,300,,0,0,1,0,0,0,0,0
10059,0,root_liquor,Root liquor,2,0,1,0,0,0,727,0,2,0,0,50,0,0,0,0,0,0,0,0,0,0,0,0,0,0,0,0,0,0,0,0,331,sips,10,5,,0,0,1,0,0,0,0,0
10060,0,rice_wine,Rice wine,2,0,1,0,0,0,21,7,2,0,0,200,0,0,0,0,0,0,0,0,0,0,0,0,0,0,0,0,0,0,0,0,331,sips,10,5,,0,0,1,0,0,0,0,0
10061,0,cooked_fish,Cooked fish,0,0,50,50,0,0,231,0,2,0,0,1000000,0,0,0,0,0,0,0,0,0,0,0,0,0,0,0,0,0,0,0,0,331,,20,10,,0,0,1,0,0,0,0,0
10062,0,green_squirrel_pelt,Green squirrel pelt,0,0,100,100,0,0,218,2,2,0,0,1000000,0,0,0,0,0,0,0,0,0,0,0,0,0,0,0,0,0,0,0,0,331,,32,16,,0,0,1,0,0,0,0,0
10063,0,splendid_tiger_pelt,Splendid Tiger Pelt,18,0,20,20,0,0,223,0,2,0,0,1000000,0,0,0,0,0,0,0,0,0,0,0,0,0,0,0,0,0,0,0,0,331,,500,250,,0,0,1,0,0,0,0,0
10064,0,tigers_heart,Tiger\'s heart,0,0,20,20,0,0,220,0,2,0,0,1000000,0,0,0,0,0,0,0,1000,0,0,0,0,0,0,0,0,0,0,0,0,331,,60,30,,0,0,1,0,0,0,0,0
10065,0,fine_rabbit_meat,Fine rabbit meat,0,0,100,100,0,0,217,0,2,0,0,1000000,0,0,0,0,0,0,0,0,0,0,0,0,0,0,0,0,0,0,0,0,331,,30,15,,0,0,1,0,0,0,0,0
10066,0,iron_statue,Iron statue,2,0,1,0,0,0,703,0,2,0,0,40,0,0,0,0,0,0,0,0,250,0,0,0,0,0,0,0,0,0,0,0,331,,1500,750,,0,0,1,0,0,0,0,0
10067,0,small_fish,Small fish,0,0,10,10,0,0,15,0,2,0,0,1000000,0,0,0,0,0,0,0,0,0,0,0,0,0,0,0,0,0,0,0,0,331,,14,7,,0,0,1,0,0,0,0,0
10068,0,scrawny_fish,Scrawny fish,0,0,10,10,0,0,15,0,2,0,0,1000000,0,0,0,0,0,0,0,0,0,0,0,0,0,0,0,0,0,0,0,0,331,,6,3,,0,0,1,0,0,0,0,0
10069,0,tiny_fish,Tiny fish,0,0,10,10,0,0,15,0,2,0,0,1000000,0,0,0,0,0,0,0,0,0,0,0,0,0,0,0,0,0,0,0,0,331,,4,2,,0,0,1,0,0,0,0,0
10070,0,tasty_fish,Tasty fish,0,0,10,10,0,0,15,0,2,0,0,1000000,0,0,0,0,0,0,0,0,0,0,0,0,0,0,0,0,0,0,0,0,331,,20,10,,0,0,1,0,0,0,0,0
10071,0,large_fish,Large fish,0,0,10,10,0,0,15,0,2,0,0,1000000,0,0,0,0,0,0,0,0,0,0,0,0,0,0,0,0,0,0,0,0,331,,50,25,,0,0,1,0,0,0,0,0
10072,0,delicious_fish,Delicious fish,0,0,10,10,0,0,15,0,2,0,0,1000000,0,0,0,0,0,0,0,0,0,0,0,0,0,0,0,0,0,0,0,0,331,,200,100,,0,0,1,0,0,0,0,0
10073,0,magical_fish,Magical fish,0,0,10,10,0,0,15,0,2,0,0,1000000,0,0,0,0,0,0,0,0,0,0,0,0,0,0,0,0,0,0,0,0,331,,200,100,,0,0,1,0,0,0,0,0
10074,0,bear_fur,Bear fur,0,0,1,0,0,0,219,0,2,0,0,1000000,0,0,0,0,0,0,0,0,0,0,0,0,0,0,0,0,0,0,0,0,331,,8,4,,0,0,1,0,0,0,0,0
10075,0,salt_block,Salt block,0,0,1,0,0,0,838,0,2,0,0,1000000,0,0,0,0,0,0,0,0,0,0,0,0,0,0,0,0,0,0,0,0,331,,0,0,,0,0,1,0,0,0,0,0
10076,0,crap,Crap,0,0,1,0,0,0,41,0,2,0,0,1000000,0,0,0,0,0,0,0,0,0,0,0,0,0,0,0,0,0,0,0,0,331,,10,5,,0,0,1,0,0,0,0,0
10077,0,crap2,Fiery crap,0,0,1,0,0,0,41,22,2,0,0,1000000,0,0,0,0,0,0,0,0,0,0,0,0,0,0,0,0,0,0,0,0,331,,10,5,,0,0,1,0,0,0,0,0
10078,0,poison_apple,Poison apple,0,0,100,100,0,0,10,12,2,0,0,1000000,0,0,0,0,0,0,0,0,0,0,0,0,0,0,0,0,0,0,0,0,331,,10,5,,0,0,1,0,0,0,0,0
10500,0,===POTIONS===,===POTIONS===,0,0,1,0,0,0,0,0,2,0,0,1000000,0,0,0,0,0,0,0,0,0,0,0,0,0,0,0,0,0,0,0,0,331,,0,0,,0,0,1,0,0,0,0,0
10501,0,blue_potion,Blue potion,18,0,50,50,0,0,257,0,2,0,0,10,0,0,0,0,0,0,0,0,0,0,0,0,0,0,0,0,0,0,0,0,331,,10,5,,0,0,1,0,0,0,0,0
10502,0,yellow_potion,Yellow potion,18,0,50,50,0,0,260,0,2,0,0,10,0,0,0,0,0,0,0,0,0,0,0,0,0,0,0,0,0,0,0,0,331,,10,5,,0,0,1,0,0,0,0,0
10503,0,white_potion,White potion,18,0,50,50,0,0,258,0,2,0,0,10,0,0,0,0,0,0,0,0,0,0,0,0,0,0,0,0,0,0,0,0,331,,10,5,,0,0,1,0,0,0,0,0
10504,0,violet_potion,Violet potion,18,0,50,50,0,0,262,0,2,0,0,10,0,0,0,0,0,0,0,0,0,0,0,0,0,0,0,0,0,0,0,0,331,,30,15,,0,0,1,0,0,0,0,0
10505,0,indigo_potion,Indigo potion,18,0,50,50,0,0,263,0,2,0,0,10,0,0,0,0,0,0,0,0,0,0,0,0,0,0,0,0,0,0,0,0,331,,50,25,,0,0,1,0,0,0,0,0
10506,0,brown_potion,Brown potion,18,0,50,50,0,0,259,0,2,0,0,10,0,0,0,0,0,0,0,0,0,0,0,0,0,0,0,0,0,0,0,0,331,,800,400,,0,0,1,0,0,0,0,0
10507,0,green_potion,Green potion,18,0,40,40,0,0,256,0,2,0,0,10,0,0,0,0,0,0,0,0,0,0,0,0,0,0,0,0,0,0,0,0,331,,5000,2500,,0,0,1,0,0,0,0,0
10508,0,red_potion,Red potion,18,0,10,10,0,0,254,0,2,0,0,10,0,0,0,0,0,0,0,0,0,0,0,0,0,0,0,0,0,0,0,0,331,,15000,7500,,0,0,1,0,0,0,0,0
10509,0,aqua_potion,Aqua potion,18,0,40,40,0,0,255,0,2,0,0,10,0,0,0,0,0,0,0,0,0,0,0,0,0,0,0,0,0,0,0,0,331,,500,250,,0,0,1,0,0,0,0,0
10510,0,muddy_potion,Muddy potion,18,0,50,50,0,0,259,0,2,0,0,1000000,0,0,0,0,0,0,0,0,0,0,0,0,0,0,0,0,0,0,0,0,331,,80,40,,0,0,1,0,0,0,0,0
10511,0,kawlana_potion,Kawlana,18,0,2,0,0,0,251,0,2,0,0,10,0,0,0,0,0,0,0,0,0,0,0,0,0,0,0,0,0,0,0,0,331,,1000000,500000,,0,0,1,0,0,0,0,0
10512,0,purple_potion,Purple potion,18,0,50,50,0,0,262,0,2,0,0,10,0,0,0,0,0,0,0,0,0,0,0,0,0,0,0,0,0,0,0,0,331,,30,15,,0,0,1,0,0,0,0,0
10513,0,dart_poison,Dart poison,18,0,50,50,0,0,262,0,2,0,0,10,0,0,0,0,0,0,0,0,0,0,0,0,0,0,0,0,0,0,0,0,331,,30,15,,0,0,1,0,0,0,0,0
10514,0,black_potion,Black potion,18,0,50,50,0,0,264,0,2,0,0,10,0,0,0,0,0,0,0,0,0,0,0,0,0,0,0,0,0,0,0,0,331,,30,15,,0,0,1,0,0,0,0,0
10515,0,lime_potion,Lime potion,18,0,50,50,0,0,255,0,2,0,0,10,0,0,0,0,0,0,0,0,0,0,0,0,0,0,0,0,0,0,0,0,331,,30,15,,0,0,1,0,0,0,0,0
10516,0,summer_potion,Summer potion,18,0,50,50,0,0,21,0,2,0,0,1000000,0,0,0,0,0,0,0,0,0,0,0,0,0,0,0,0,0,0,0,0,331,,5,0,,0,0,1,0,0,0,0,0
10517,0,autumn_potion,Autumn potion,18,0,50,50,0,0,21,0,2,0,0,1000000,0,0,0,0,0,0,0,0,0,0,0,0,0,0,0,0,0,0,0,0,331,,5,0,,0,0,1,0,0,0,0,0
10518,0,winter_potion,Winter potion,18,0,50,50,0,0,21,0,2,0,0,1000000,0,0,0,0,0,0,0,0,0,0,0,0,0,0,0,0,0,0,0,0,331,,5,0,,0,0,1,0,0,0,0,0
10519,0,ancient_potion,Ancient potion,18,0,50,50,0,0,21,0,2,0,0,1000000,0,0,0,0,0,0,0,0,0,0,0,0,0,0,0,0,0,0,0,0,331,,5,0,,0,0,1,0,0,0,0,0
10520,0,blood_potion,Blood potion,18,0,50,50,0,0,21,0,2,0,0,1000000,0,0,0,0,0,0,0,0,0,0,0,0,0,0,0,0,0,0,0,0,331,,5,0,,0,0,1,0,0,0,0,0
10521,0,earth_potion,Earth potion,18,0,50,50,0,0,21,0,2,0,0,1000000,0,0,0,0,0,0,0,0,0,0,0,0,0,0,0,0,0,0,0,0,331,,5,0,,0,0,1,0,0,0,0,0
10522,0,sea_potion,Sea potion,18,0,50,50,0,0,21,0,2,0,0,1000000,0,0,0,0,0,0,0,0,0,0,0,0,0,0,0,0,0,0,0,0,331,,5,0,,0,0,1,0,0,0,0,0
10523,0,ruby_potion,Ruby potion,18,0,50,50,0,0,21,0,2,0,0,1000000,0,0,0,0,0,0,0,0,0,0,0,0,0,0,0,0,0,0,0,0,331,,5,0,,0,0,1,0,0,0,0,0
10524,0,,,0,0,1,0,0,0,0,0,2,0,0,1000000,0,0,0,0,0,0,0,0,0,0,0,0,0,0,0,0,0,0,0,0,331,,0,0,,0,0,1,0,0,0,0,0
10525,0,,,0,0,1,0,0,0,0,0,2,0,0,1000000,0,0,0,0,0,0,0,0,0,0,0,0,0,0,0,0,0,0,0,0,331,,0,0,,0,0,1,0,0,0,0,0
10526,0,,,0,0,1,0,0,0,0,0,2,0,0,1000000,0,0,0,0,0,0,0,0,0,0,0,0,0,0,0,0,0,0,0,0,331,,0,0,,0,0,1,0,0,0,0,0
10527,0,,,0,0,1,0,0,0,0,0,2,0,0,1000000,0,0,0,0,0,0,0,0,0,0,0,0,0,0,0,0,0,0,0,0,331,,0,0,,0,0,1,0,0,0,0,0
11000,0,===SMOKED ITEMS===,===SMOKED ITEMS===,0,0,1,0,0,0,0,0,2,0,0,1000000,0,0,0,0,0,0,0,0,0,0,0,0,0,0,0,0,0,0,0,0,331,,0,0,,0,0,1,0,0,0,0,0
11001,0,cigarettes,Cigarettes,2,0,1,0,0,0,32,0,2,0,0,100,0,0,0,0,0,0,0,0,0,0,0,0,0,0,0,0,0,0,0,0,331,puffs,0,0,,0,0,1,0,0,0,0,0
11002,0,herb_pipe,Herb pipe,2,0,1,0,0,0,35,0,2,0,0,100,0,0,0,0,0,0,0,0,0,0,0,0,0,0,0,0,0,0,0,0,331,puffs,400,200,,0,0,1,0,0,0,0,0
11003,0,sonhi_pipe,Sonhi pipe,2,0,1,0,0,0,35,0,2,0,0,50,0,0,0,0,0,0,0,0,0,0,0,0,0,0,0,0,0,0,0,0,331,puffs,200,100,,0,0,1,0,0,0,0,0
11900,0,====ARROWS====,====ARROWS====,0,0,1,0,0,0,0,0,2,0,0,1000000,0,0,0,0,0,0,0,0,0,0,0,0,0,0,0,0,0,0,0,0,331,,0,0,,0,0,1,0,0,0,0,0
11901,0,ranger_arrows,Ranger arrows,23,0,1,0,0,0,312,0,2,0,0,30,0,0,0,0,0,0,0,0,0,0,0,0,0,0,0,0,0,0,0,0,331,,0,0,,0,0,1,0,0,0,0,0
11902,0,split_head_arrows,Split head arrows,23,0,1,0,0,0,312,0,2,0,0,30,0,0,0,0,0,0,0,0,0,0,0,0,0,0,0,0,0,0,0,0,331,,0,0,,0,0,1,0,0,0,0,0
11903,0,cursed_head_arrows,Cursed head arrows,23,0,1,0,0,0,312,0,2,0,0,30,0,0,0,0,0,0,0,0,0,0,0,0,0,0,0,0,0,0,0,0,331,,0,0,,0,0,1,0,0,0,0,0
11904,0,flame_head_arrows,Flame head arrows,23,0,1,0,0,0,312,0,2,0,0,30,0,0,0,0,0,0,0,0,0,0,0,0,0,0,0,0,0,0,0,0,331,,0,0,,0,0,1,0,0,0,0,0
11905,0,steel_tip_arrows,Steel tip arrows,23,0,1,0,0,0,312,0,2,0,0,30,0,0,0,0,0,0,0,0,0,0,0,0,0,0,0,0,0,0,0,0,331,,0,0,,0,0,1,0,0,0,0,0
11906,0,sleep_arrows,Sleep arrows,23,0,1,0,0,0,312,0,2,0,0,30,0,0,0,0,0,0,0,0,0,0,0,0,0,0,0,0,0,0,0,0,331,,0,0,,0,0,1,0,0,0,0,0
11907,0,explosive_arrows,Explosive arrows,23,0,1,0,0,0,312,0,2,0,0,30,0,0,0,0,0,0,0,0,0,0,0,0,0,0,0,0,0,0,0,0,331,,0,0,,0,0,1,0,0,0,0,0
11908,0,dark_arrows,Dark arrows,23,0,1,0,0,0,312,0,2,0,0,30,0,0,0,0,0,0,0,0,0,0,0,0,0,0,0,0,0,0,0,0,331,,0,0,,0,0,1,0,0,0,0,0
11909,0,deamon_arrows,Deamon arrows,23,0,1,0,0,0,312,0,2,0,0,30,0,0,0,0,0,0,0,0,0,0,0,0,0,0,0,0,0,0,0,0,331,,0,0,,0,0,1,0,0,0,0,0
11910,0,,,0,0,1,0,0,0,0,0,2,0,0,1000000,0,0,0,0,0,0,0,0,0,0,0,0,0,0,0,0,0,0,0,0,331,,0,0,,0,0,1,0,0,0,0,0
11911,0,,,0,0,1,0,0,0,0,0,2,0,0,1000000,0,0,0,0,0,0,0,0,0,0,0,0,0,0,0,0,0,0,0,0,331,,0,0,,0,0,1,0,0,0,0,0
11912,0,,,0,0,1,0,0,0,0,0,2,0,0,1000000,0,0,0,0,0,0,0,0,0,0,0,0,0,0,0,0,0,0,0,0,331,,0,0,,0,0,1,0,0,0,0,0
11913,0,,,0,0,1,0,0,0,0,0,2,0,0,1000000,0,0,0,0,0,0,0,0,0,0,0,0,0,0,0,0,0,0,0,0,331,,0,0,,0,0,1,0,0,0,0,0
11914,0,,,0,0,1,0,0,0,0,0,2,0,0,1000000,0,0,0,0,0,0,0,0,0,0,0,0,0,0,0,0,0,0,0,0,331,,0,0,,0,0,1,0,0,0,0,0
12000,0,===MISC===,===MISC===,0,0,1,0,0,0,0,0,2,0,0,1000000,0,0,0,0,0,0,0,0,0,0,0,0,0,0,0,0,0,0,0,0,331,,0,0,,0,0,1,0,0,0,0,0
12001,0,platinum_mold,Platinum Mold,18,0,1,0,0,0,12,0,2,0,0,1000000,0,0,0,0,0,0,0,0,0,0,0,0,0,0,0,0,0,0,0,0,331,,0,0,,0,0,1,0,0,0,0,0
12002,0,small_cup,Small Cup,18,0,1,0,0,0,13,0,2,0,0,1000000,0,0,0,0,0,0,0,0,0,0,0,0,0,0,0,0,0,0,0,0,331,,0,0,,0,0,1,0,0,0,0,0
12003,0,scroll,Scroll,18,0,1,0,0,0,18,0,2,0,0,1000000,0,0,0,0,0,0,0,0,0,0,0,0,0,0,0,0,0,0,0,0,331,,10,5,,0,0,1,0,0,0,0,0
12004,0,ancient_scroll,Ancient Scroll,18,0,1,0,0,0,19,0,2,0,0,1000000,0,0,0,0,0,0,0,0,0,0,0,0,0,0,0,0,0,0,0,0,331,,0,0,,0,0,1,0,0,0,0,0
12005,0,book,Book,18,0,1,0,0,0,20,0,2,0,0,1000000,0,0,0,0,0,0,0,0,0,0,0,0,0,0,0,0,0,0,0,0,331,,10,5,,0,0,1,0,0,0,0,0
12006,0,empty_water_jug,Empty water jug,18,0,1,0,0,0,731,0,2,0,0,1000000,0,0,0,0,0,0,0,0,0,0,0,0,0,0,0,0,0,0,0,0,331,,0,0,,0,0,1,0,0,0,0,0
12007,0,cup,Cup,18,0,1,0,0,0,29,0,2,0,0,1000000,0,0,0,0,0,0,0,0,0,0,0,0,0,0,0,0,0,0,0,0,331,,0,0,,0,0,1,0,0,0,0,0
12009,0,empty_water_skin,Empty water skin,18,0,1,0,0,0,218,0,2,0,0,1000000,0,0,0,0,0,0,0,0,0,0,0,0,0,0,0,0,0,0,0,0,331,,500,250,,0,0,1,0,0,0,0,0
12010,0,mirror,Mirror,18,0,1,0,0,0,43,0,2,0,0,1000000,0,0,0,0,0,0,0,0,0,0,0,0,0,0,0,0,0,0,0,0,331,,0,0,,0,0,1,0,0,0,0,0
12011,0,comb,Comb,18,0,1,0,0,0,44,0,2,0,0,1000000,0,0,0,0,0,0,0,0,0,0,0,0,0,0,0,0,0,0,0,0,331,,40,20,,0,0,1,0,0,0,0,0
12012,0,,,18,0,1,0,0,0,0,0,2,0,0,1000000,0,0,0,0,0,0,0,0,0,0,0,0,0,0,0,0,0,0,0,0,331,,0,0,,0,0,1,0,0,0,0,0
12013,0,pebble,Pebble,18,0,20,0,0,0,1641,0,2,0,0,1000000,0,0,0,0,0,0,0,0,0,0,0,0,0,0,0,0,0,0,0,0,331,,0,0,,0,0,1,0,0,0,0,0
12014,0,coin,Coin,18,0,1,0,0,0,70,0,2,0,0,1000000,0,0,0,0,0,0,0,0,0,0,0,0,0,0,0,0,0,0,0,0,331,,0,0,,0,0,1,0,0,0,0,0
12015,0,empty_bowl,Empty Bowl,18,0,1,0,0,0,74,0,2,0,0,1000000,0,0,0,0,0,0,0,0,0,0,0,0,0,0,0,0,0,0,0,0,331,,0,0,,0,0,1,0,0,0,0,0
12016,0,soup_bowl,Soup bowl,18,0,1,0,0,0,75,0,2,0,0,1000000,0,0,0,0,0,0,0,0,0,0,0,0,0,0,0,0,0,0,0,0,331,,10,5,,0,0,1,0,0,0,0,0
12017,0,cup2,Cup,18,0,1,0,0,0,226,0,2,0,0,1000000,0,0,0,0,0,0,0,0,0,0,0,0,0,0,0,0,0,0,0,0,331,,0,0,,0,0,1,0,0,0,0,0
12018,0,magic_mirror,Magic mirror,18,0,1,0,0,0,43,0,2,0,0,1000000,0,0,0,0,0,0,0,0,0,0,0,0,0,0,0,0,0,0,0,0,331,,6000,3000,,0,0,1,0,0,0,0,0
12019,0,qui_hyang,Qui hyang,18,0,1,0,0,0,309,0,2,0,0,1000000,0,0,0,0,0,0,0,0,0,0,0,0,0,0,0,0,0,0,0,0,331,,0,0,,0,0,1,0,0,0,0,0
12020,0,water_jug,Water jug,18,0,1,0,0,0,731,0,2,0,0,1000000,0,0,0,0,0,0,0,0,0,0,0,0,0,0,0,0,0,0,0,0,331,,0,0,,0,0,1,0,0,0,0,0
12021,0,quest_paper,Quest paper,18,0,1,0,0,0,281,20,2,0,0,1000000,0,0,0,0,0,0,0,0,0,0,0,0,0,0,0,0,1,1,0,0,331,,10,5,,0,0,0,0,0,0,0,0
12022,0,white_paper,White paper,18,0,1,0,0,0,281,0,2,0,0,1000000,0,0,0,0,0,0,0,0,0,0,0,0,0,0,0,0,0,0,0,0,331,,10,5,,0,0,1,0,0,0,0,0
12023,0,paper,Paper,18,0,1,0,0,0,282,0,2,0,0,1000000,0,0,0,0,0,0,0,0,0,0,0,0,0,0,0,0,0,0,0,0,331,,0,0,,0,0,1,0,0,0,0,0
12024,0,ink,Ink,18,0,1,0,0,0,283,0,2,0,0,1000000,0,0,0,0,0,0,0,0,0,0,0,0,0,0,0,0,0,0,0,0,331,,100,50,,0,0,1,0,0,0,0,0
12025,0,ink_pen,Ink Pen,18,0,1,0,0,0,284,0,2,0,0,1000000,0,0,0,0,0,0,0,0,0,0,0,0,0,0,0,0,0,0,0,0,331,,0,0,,0,0,1,0,0,0,0,0
12026,0,ink_pen2,Ink Pen,18,0,1,0,0,0,285,0,2,0,0,1000000,0,0,0,0,0,0,0,0,0,0,0,0,0,0,0,0,0,0,0,0,331,,0,0,,0,0,1,0,0,0,0,0
12027,0,big_yellow_scroll,Big Yellow Scroll,18,0,20,20,0,0,245,0,2,0,0,1000000,0,0,0,0,0,0,0,0,0,0,0,0,0,0,0,0,0,0,0,0,331,,0,0,,0,0,1,0,0,0,0,0
12028,0,yellow_scroll,Yellow scroll,18,0,200,200,0,0,246,0,2,0,0,1000000,0,0,0,0,0,0,0,0,0,0,0,0,0,0,0,0,0,0,0,0,331,,1,0,,0,0,1,0,0,0,0,0
12029,0,kindred_talisman,Kindred talisman,18,0,100,100,0,0,247,0,2,0,0,1000000,0,0,0,0,0,0,0,0,0,0,0,0,0,0,0,0,0,0,0,0,331,,0,0,,0,0,1,0,0,0,0,0
12030,0,big_zibong_essence,Big Zibong Essence,18,0,1,0,0,0,248,0,2,0,0,1000000,0,0,0,0,0,0,0,0,0,0,0,0,0,0,0,0,0,0,0,0,331,,0,0,,0,0,1,0,0,0,0,0
12031,0,blue_scroll,Blue Scroll,18,0,1,0,0,0,249,0,2,0,0,1000000,0,0,0,0,0,0,0,0,0,0,0,0,0,0,0,0,0,0,0,0,331,,0,0,,0,0,1,0,0,0,0,0
12032,0,zibong_essence,Zibong Essence,18,0,1,0,0,0,250,0,2,0,0,1000000,0,0,0,0,0,0,0,0,0,0,0,0,0,0,0,0,0,0,0,0,331,,0,0,,0,0,1,0,0,0,0,0
12033,0,postcard,Postcard,18,0,1,0,0,0,286,0,2,0,0,1000000,0,0,0,0,0,0,0,0,0,0,0,0,0,0,0,0,0,0,0,0,331,,0,0,,0,0,1,0,0,0,0,0
12034,0,moon_paper,Moon paper,18,0,1,0,0,0,281,23,2,0,0,1000000,0,0,0,0,0,0,0,0,0,0,0,0,0,0,0,0,0,0,0,0,331,,5000,2500,,0,0,1,0,0,0,0,0
12035,0,paper2,Paper,18,0,1,0,0,0,290,0,2,0,0,1000000,0,0,0,0,0,0,0,0,0,0,0,0,0,0,0,0,0,0,0,0,331,,0,0,,0,0,1,0,0,0,0,0
12036,0,,,18,0,1,1,0,0,0,0,2,0,0,1000000,0,0,0,0,0,0,0,0,0,0,0,0,0,0,0,0,1,1,0,0,331,,0,0,,0,0,1,0,0,0,0,0
12037,0,smelting_agreement,Smelting Agreement,18,0,1,0,0,0,282,25,2,0,0,1000000,0,0,0,0,0,0,0,0,0,0,0,0,0,0,0,0,0,0,0,0,331,,100,50,,0,0,1,0,0,0,0,0
12038,0,flash_dust,Flash dust,18,0,20,20,0,0,729,0,2,6,0,1000000,0,0,0,0,0,0,0,0,0,0,0,0,0,0,0,0,0,0,0,0,331,,5,2,,0,0,1,0,0,0,0,0
12039,0,flash_powder,Flash powder,18,0,20,20,0,0,729,0,2,26,0,1000000,0,0,0,0,0,0,0,0,0,0,0,0,0,0,0,0,0,0,0,0,331,,12,6,,0,0,1,0,0,0,0,0
12040,2,rogues_powder,Rogue\'s powder,18,0,20,20,0,0,729,0,2,30,0,1000000,0,0,0,0,0,0,0,0,0,0,0,0,0,0,0,0,0,0,0,0,331,,16,8,,0,0,1,0,0,0,0,0
12041,0,spark_powder,Spark powder,18,0,20,20,0,0,29,0,2,50,0,1000000,0,0,0,0,0,0,0,0,0,0,0,0,0,0,0,0,0,0,0,0,331,,40,20,,0,0,1,0,0,0,0,0
12042,0,moon_powder,Moon powder,18,0,20,20,0,0,731,0,2,99,0,1000000,0,0,0,0,0,0,0,0,0,0,0,0,0,0,0,0,0,0,0,0,331,,150,75,,0,0,1,0,0,0,0,0
12043,0,star_powder,Star powder,18,0,20,20,0,0,730,0,2,40,0,1000000,0,0,0,0,0,0,0,0,0,0,0,0,0,0,0,0,0,0,0,0,331,,100,50,,0,0,1,0,0,0,0,0
12044,16,deadly_earth,Deadly earth,18,0,20,20,0,0,721,0,2,99,0,1000000,0,0,0,0,0,0,0,0,0,0,0,0,0,0,0,0,0,0,0,0,331,,1000,500,,0,0,1,0,0,0,0,0
12045,4,holy_dust,Holy dust,18,0,20,20,0,0,75,0,2,40,0,1000000,0,0,0,0,0,0,0,0,0,0,0,0,0,0,0,0,0,0,0,0,331,,60,30,,0,0,1,0,0,0,0,0
12046,0,holy_powder,Holy powder,18,0,20,20,0,0,75,0,2,99,0,1000000,0,0,0,0,0,0,0,0,0,0,0,0,0,0,0,0,0,0,0,0,331,,500,250,,0,0,1,0,0,0,0,0
12047,16,ice_shards,Ice shards,18,0,20,20,0,0,719,0,2,70,0,1000000,0,0,0,0,0,0,0,0,0,0,0,0,0,0,0,0,0,0,0,0,331,,100,50,,0,0,1,0,0,0,0,0
12048,1,shard_bomb,Shard bomb,18,0,20,20,0,0,313,0,2,55,0,1000000,0,0,0,0,0,0,0,0,0,0,0,0,0,0,0,0,0,0,0,0,331,,80,40,,0,0,1,0,0,0,0,0
12049,1,shatter_bomb,Shatter bomb,18,0,20,20,0,0,313,0,2,99,0,1000000,0,0,0,0,0,0,0,0,0,0,0,0,0,0,0,0,0,0,0,0,331,,400,200,,0,0,1,0,0,0,0,0
12050,19,spys_explosives,Spy\'s explosives,18,0,20,20,0,0,313,0,2,70,0,1000000,0,0,0,0,0,0,0,0,0,0,0,0,0,0,0,0,0,0,0,0,331,,100,50,,0,0,1,0,0,0,0,0
12051,2,stealth_explosives,Stealth explosives,18,0,20,20,0,0,313,0,2,99,0,1000000,0,0,0,0,0,0,0,0,0,0,0,0,0,0,0,0,0,0,0,0,331,,200,100,,0,0,1,0,0,0,0,0
12052,2,stealth_powder,Stealth powder,18,0,20,20,0,0,313,0,2,62,0,1000000,0,0,0,0,0,0,0,0,0,0,0,0,0,0,0,0,0,0,0,0,331,,80,40,,0,0,1,0,0,0,0,0
12053,0,sun_powder,Sun powder,18,0,20,20,0,0,733,0,2,99,0,1000000,0,0,0,0,0,0,0,0,0,0,0,0,0,0,0,0,0,0,0,0,331,,200,100,,0,0,1,0,0,0,0,0
12054,0,sea_melodies,Sea melodies,18,0,1,0,0,0,20,0,2,0,0,1000000,0,0,0,0,0,0,0,0,0,0,0,0,0,0,0,0,0,0,0,0,331,,10,5,,0,0,1,0,0,0,0,0
12055,0,sea_poems,Sea poems,18,0,1,0,0,0,20,0,2,0,0,1000000,0,0,0,0,0,0,0,0,0,0,0,0,0,0,0,0,0,0,0,0,331,,10,5,,0,0,1,0,0,0,0,0
12056,0,full_experience_envelope,Full experience envelope,18,0,100,100,0,0,678,0,2,0,0,1000000,0,0,0,0,0,0,0,0,0,0,0,0,0,0,0,0,1,0,1,0,331,,50000,0,,0,0,0,1,0,0,0,0
12057,0,,,0,0,1,0,0,0,0,0,2,0,0,1000000,0,0,0,0,0,0,0,0,0,0,0,0,0,0,0,0,0,0,0,0,331,,0,0,,0,0,1,0,0,0,0,0
12058,0,,,0,0,1,0,0,0,0,0,2,0,0,1000000,0,0,0,0,0,0,0,0,0,0,0,0,0,0,0,0,0,0,0,0,331,,0,0,,0,0,1,0,0,0,0,0
12059,0,,,0,0,1,0,0,0,0,0,2,0,0,1000000,0,0,0,0,0,0,0,0,0,0,0,0,0,0,0,0,0,0,0,0,331,,0,0,,0,0,1,0,0,0,0,0
12060,0,,,0,0,1,0,0,0,0,0,2,0,0,1000000,0,0,0,0,0,0,0,0,0,0,0,0,0,0,0,0,0,0,0,0,331,,0,0,,0,0,1,0,0,0,0,0
12101,0,rose_petals,Rose petals,0,0,50,50,0,0,39,0,2,0,0,1000000,0,0,0,0,0,0,0,0,0,0,0,0,0,0,0,0,0,0,0,0,331,,20,10,,0,0,1,0,0,0,0,0
12103,0,clear_water_song,Clear water song,18,0,1,0,0,0,18,0,2,0,0,1000000,0,0,0,0,0,0,0,0,0,0,0,0,0,0,0,0,0,0,0,0,331,,50,25,,0,0,1,0,0,0,0,0
12104,0,sacred_poem,Sacred poem,18,0,1,0,0,0,18,0,2,0,0,1000000,0,0,0,0,0,0,0,0,0,0,0,0,0,0,0,0,0,0,0,0,331,,2000,1000,,0,0,1,0,0,0,0,0
12105,0,war_poem,War poem,18,0,1,0,0,0,18,0,2,0,0,1000000,0,0,0,0,0,0,0,0,0,0,0,0,0,0,0,0,0,0,0,0,331,,2500,1250,,0,0,1,0,0,0,0,0
12106,0,check_1000,"Check (1,000)",18,0,1,0,0,0,277,0,2,0,0,1000000,0,0,0,0,0,0,0,0,0,0,0,0,0,0,0,0,0,0,0,0,331,,0,0,,0,0,1,0,0,0,0,0
12107,0,check_5000,"Check (5,000)",18,0,1,0,0,0,277,0,2,0,0,1000000,0,0,0,0,0,0,0,0,0,0,0,0,0,0,0,0,0,0,0,0,331,,0,0,,0,0,1,0,0,0,0,0
12108,0,check_10000,"Check (10,000)",18,0,1,0,0,0,278,0,2,0,0,1000000,0,0,0,0,0,0,0,0,0,0,0,0,0,0,0,0,0,0,0,0,331,,0,0,,0,0,1,0,0,0,0,0
12109,0,check_50000,"Check (50,000)",18,0,1,0,0,0,278,0,2,0,0,1000000,0,0,0,0,0,0,0,0,0,0,0,0,0,0,0,0,0,0,0,0,331,,0,0,,0,0,1,0,0,0,0,0
12110,0,check_100000,"Check (100,000)",18,0,1,0,0,0,279,0,2,0,0,1000000,0,0,0,0,0,0,0,0,0,0,0,0,0,0,0,0,0,0,0,0,331,,0,0,,0,0,1,0,0,0,0,0
12111,0,check_500000,"Check (500,000)",18,0,1,0,0,0,279,0,2,0,0,1000000,0,0,0,0,0,0,0,0,0,0,0,0,0,0,0,0,0,0,0,0,331,,0,0,,0,0,1,0,0,0,0,0
12112,0,check_1000000,"Check (1,000,000)",18,0,1,0,0,0,280,0,2,0,0,1000000,0,0,0,0,0,0,0,0,0,0,0,0,0,0,0,0,0,0,0,0,331,,0,0,,0,0,1,0,0,0,0,0
12113,0,little_red_mantle,Little red mantle,13,0,1,0,10,0,3213,0,2,0,0,10000,0,0,0,0,0,0,0,0,0,0,0,0,0,0,0,0,0,0,0,0,331,,5000,2500,,0,0,1,0,0,0,0,0
12114,0,blue_necklace,Blue necklace,14,0,1,0,5,2,3081,2,2,0,0,10000,0,0,0,0,0,0,0,0,0,0,0,0,0,0,0,0,0,0,0,0,331,,5000,2500,,0,0,1,0,0,0,0,0
12115,0,black_bandanna,Black bandanna,11,0,1,0,13,9,3119,13,2,0,0,10000,0,0,0,0,0,0,0,0,0,0,0,0,0,0,0,0,0,0,0,0,331,,5000,2500,,0,0,1,0,0,0,0,0
12116,0,purple_bandanna,Purple bandanna,11,0,1,0,13,6,3119,18,2,0,0,10000,0,0,0,0,0,0,0,0,0,0,0,0,0,0,0,0,0,0,0,0,331,,5000,2500,,0,0,1,0,0,0,0,0
12117,0,white_bandanna,White bandanna,11,0,1,0,13,10,3119,28,2,0,0,10000,0,0,0,0,0,0,0,0,0,0,0,0,0,0,0,0,0,0,0,0,331,,5000,2500,,0,0,1,0,0,0,0,0
12118,0,brown_bandanna,Brown bandanna,11,0,1,0,13,2,3119,22,2,0,0,10000,0,0,0,0,0,0,0,0,0,0,0,0,0,0,0,0,0,0,0,0,331,,5000,2500,,0,0,1,0,0,0,0,0
12119,0,green_bandanna,Green bandanna,11,0,1,0,13,31,3119,31,2,0,0,10000,0,0,0,0,0,0,0,0,0,0,0,0,0,0,0,0,0,0,0,0,331,,5000,2500,,0,0,1,0,0,0,0,0
12120,0,pink_bandanna,Pink bandanna,11,0,1,0,13,16,3119,12,2,0,0,10000,0,0,0,0,0,0,0,0,0,0,0,0,0,0,0,0,0,0,0,0,331,,5000,2500,,0,0,1,0,0,0,0,0
12121,0,lava_bandanna,Lava bandanna,11,0,1,0,13,24,3119,24,2,0,0,10000,0,0,0,0,0,0,0,0,0,0,0,0,0,0,0,0,0,0,0,0,331,,5000,2500,,0,0,1,0,0,0,0,0
12122,0,teal_bandanna,Teal bandanna,11,0,1,0,13,0,3119,0,2,0,0,10000,0,0,0,0,0,0,0,0,0,0,0,0,0,0,0,0,0,0,0,0,331,,5000,2500,,0,0,1,0,0,0,0,0
12123,0,navy_bandanna,Navy bandanna,11,0,1,0,13,1,3119,1,2,0,0,10000,0,0,0,0,0,0,0,0,0,0,0,0,0,0,0,0,0,0,0,0,331,,5000,2500,,0,0,1,0,0,0,0,0
12124,0,darkpurple_bandanna,Dark purple bandanna,11,0,1,0,13,15,3119,18,2,0,0,10000,0,0,0,0,0,0,0,0,0,0,0,0,0,0,0,0,0,0,0,0,331,,5000,2500,,0,0,1,0,0,0,0,0
12125,0,orange_bandanna,Orange bandanna,11,0,1,0,13,17,3119,19,2,0,0,10000,0,0,0,0,0,0,0,0,0,0,0,0,0,0,0,0,0,0,0,0,331,,5000,2500,,0,0,1,0,0,0,0,0
12126,0,babyblue_bandanna,Baby blue bandanna,11,0,1,0,13,18,3119,17,2,0,0,10000,0,0,0,0,0,0,0,0,0,0,0,0,0,0,0,0,0,0,0,0,331,,5000,2500,,0,0,1,0,0,0,0,0
12127,0,star_bandanna,Star bandanna,11,0,1,0,13,58,3119,26,2,0,0,10000,0,0,0,0,0,0,0,0,0,0,0,0,0,0,0,0,0,0,0,0,331,,5000,2500,,0,0,1,0,0,0,0,0
12128,0,,,0,0,1,0,0,0,0,0,2,0,0,1000000,0,0,0,0,0,0,0,0,0,0,0,0,0,0,0,0,0,0,0,0,331,,0,0,,0,0,1,0,0,0,0,0
12129,0,,,0,0,1,0,0,0,0,0,2,0,0,1000000,0,0,0,0,0,0,0,0,0,0,0,0,0,0,0,0,0,0,0,0,331,,0,0,,0,0,1,0,0,0,0,0
12130,0,green_headband,Green headband,12,0,1,0,3,3,2650,3,2,0,0,10000,0,0,0,0,0,0,0,0,0,0,0,0,0,0,0,0,0,0,0,0,331,,5000,2500,,0,0,0,0,0,0,0,0
12131,0,black_headband,Black headband,12,0,1,0,3,5,2650,5,2,0,0,10000,0,0,0,0,0,0,0,0,0,0,0,0,0,0,0,0,0,0,0,0,331,,5000,2500,,0,0,0,0,0,0,0,0
12132,0,white_headband,White headband,12,0,1,0,3,6,2650,6,2,0,0,10000,0,0,0,0,0,0,0,0,0,0,0,0,0,0,0,0,0,0,0,0,331,,5000,2500,,0,0,0,0,0,0,0,0
12133,0,blue_headband,Blue headband,12,0,1,0,3,19,2650,19,2,0,0,10000,0,0,0,0,0,0,0,0,0,0,0,0,0,0,0,0,0,0,0,0,331,,5000,2500,,0,0,0,0,0,0,0,0
12134,0,red_headband,Red headband,12,0,1,0,3,26,2650,26,2,0,0,10000,0,0,0,0,0,0,0,0,0,0,0,0,0,0,0,0,0,0,0,0,331,,5000,2500,,0,0,0,0,0,0,0,0
12135,0,pink_headband,Pink headband,12,0,1,0,3,2,2650,2,2,0,0,10000,0,0,0,0,0,0,0,0,0,0,0,0,0,0,0,0,0,0,0,0,331,,5000,2500,,0,0,0,0,0,0,0,0
12149,0,,,0,0,1,0,0,0,0,0,2,0,0,1000000,0,0,0,0,0,0,0,0,0,0,0,0,0,0,0,0,0,0,0,0,331,,0,0,,0,0,1,0,0,0,0,0
12250,0,===Library Items===,===Library Items===,0,0,1,0,0,0,0,0,2,0,0,1000000,0,0,0,0,0,0,0,0,0,0,0,0,0,0,0,0,0,0,0,0,331,,0,0,,0,0,1,0,0,0,0,0
12251,0,legend,Legend,18,0,1,0,0,0,19,0,2,0,0,1000000,0,0,0,0,0,0,0,0,0,0,0,0,0,0,0,0,0,0,0,0,331,,10000,5000,,0,0,1,0,0,0,0,0
12252,0,divine_chronicles,Divine Chronicles,18,0,1,0,12,0,19,0,2,0,0,1000000,0,0,0,0,0,0,0,0,0,0,0,0,0,0,0,0,0,0,0,0,331,,1000,500,,0,0,1,0,0,0,0,0
12253,0,graced_by_the_muse,Graced by the muse,18,0,1,0,21,0,19,0,2,0,0,1000000,0,0,0,0,0,0,0,0,0,0,0,0,0,0,0,0,0,0,0,0,331,,1000,500,,0,0,1,0,0,0,0,0
12254,0,the_wandering_monk,The wandering monk,18,0,1,0,17,0,19,0,2,0,0,1000000,0,0,0,0,0,0,0,0,0,0,0,0,0,0,0,0,0,0,0,0,331,,1000,500,,0,0,1,0,0,0,0,0
12255,0,tomes_of_the_earth,Tomes of the earth,18,0,1,0,16,0,19,0,2,0,0,1000000,0,0,0,0,0,0,0,0,0,0,0,0,0,0,0,0,0,0,0,0,331,,1000,500,,0,0,1,0,0,0,0,0
12256,0,ranger_code,Ranger Code,18,0,1,0,15,0,19,0,2,0,0,1000000,0,0,0,0,0,0,0,0,0,0,0,0,0,0,0,0,0,0,0,0,331,,1000,500,,0,0,1,0,0,0,0,0
12257,0,kwanhonsagje,Kwanhonsagje,18,0,1,0,14,0,19,0,2,0,0,1000000,0,0,0,0,0,0,0,0,0,0,0,0,0,0,0,0,0,0,0,0,331,,1000,500,,0,0,1,0,0,0,0,0
12258,0,dragons_tooth,Dragon\'s tooth,18,0,1,0,0,0,722,0,2,0,0,1000000,0,0,0,0,0,0,0,0,0,0,0,0,0,0,0,0,0,0,0,0,331,,0,0,,0,0,1,0,0,0,0,0
12259,0,barbarian_runes,Barbarian runes,18,0,1,0,10,0,19,0,2,0,0,1000000,0,0,0,0,0,0,0,0,0,0,0,0,0,0,0,0,0,0,0,0,331,,1000,500,,0,0,1,0,0,0,0,0
12260,0,ancient_parchment,Ancient parchment,18,0,1,0,18,0,19,0,2,0,0,1000000,0,0,0,0,0,0,0,0,0,0,0,0,0,0,0,0,0,0,0,0,331,,1000,500,,0,0,1,0,0,0,0,0
12261,0,knowledge_of_wealth,Knowledge of wealth,18,0,1,0,11,0,19,0,2,0,0,1000000,0,0,0,0,0,0,0,0,0,0,0,0,0,0,0,0,0,0,0,0,331,,1000,500,,0,0,1,0,0,0,0,0
12262,0,spys_journal,Spy\'s journal,18,0,1,0,19,0,19,0,2,0,0,1000000,0,0,0,0,0,0,0,0,0,0,0,0,0,0,0,0,0,0,0,0,331,,1000,500,,0,0,1,0,0,0,0,0
12263,0,shu_jing,Shu jing,18,0,1,0,16,0,19,0,2,0,0,1000000,0,0,0,0,0,0,0,0,0,0,0,0,0,0,0,0,0,0,0,0,331,,1000,500,,0,0,1,0,0,0,0,0
12264,0,chieko,Chieko,18,0,1,0,20,0,19,0,2,0,0,1000000,0,0,0,0,0,0,0,0,0,0,0,0,0,0,0,0,0,0,0,0,331,,1000,500,,0,0,1,0,0,0,0,0
12265,0,,,0,0,1,0,0,0,0,0,2,0,0,1000000,0,0,0,0,0,0,0,0,0,0,0,0,0,0,0,0,0,0,0,0,331,,0,0,,0,0,1,0,0,0,0,0
12266,0,,,0,0,1,0,0,0,0,0,2,0,0,1000000,0,0,0,0,0,0,0,0,0,0,0,0,0,0,0,0,0,0,0,0,331,,0,0,,0,0,1,0,0,0,0,0
12267,0,,,0,0,1,0,0,0,0,0,2,0,0,1000000,0,0,0,0,0,0,0,0,0,0,0,0,0,0,0,0,0,0,0,0,331,,0,0,,0,0,1,0,0,0,0,0
12268,0,,,0,0,1,0,0,0,0,0,2,0,0,1000000,0,0,0,0,0,0,0,0,0,0,0,0,0,0,0,0,0,0,0,0,331,,0,0,,0,0,1,0,0,0,0,0
12269,0,,,0,0,1,0,0,0,0,0,2,0,0,1000000,0,0,0,0,0,0,0,0,0,0,0,0,0,0,0,0,0,0,0,0,331,,0,0,,0,0,1,0,0,0,0,0
12270,0,,,0,0,1,0,0,0,0,0,2,0,0,1000000,0,0,0,0,0,0,0,0,0,0,0,0,0,0,0,0,0,0,0,0,331,,0,0,,0,0,1,0,0,0,0,0
12271,0,,,0,0,1,0,0,0,0,0,2,0,0,1000000,0,0,0,0,0,0,0,0,0,0,0,0,0,0,0,0,0,0,0,0,331,,0,0,,0,0,1,0,0,0,0,0
12272,0,,,0,0,1,0,0,0,0,0,2,0,0,1000000,0,0,0,0,0,0,0,0,0,0,0,0,0,0,0,0,0,0,0,0,331,,0,0,,0,0,1,0,0,0,0,0
12273,0,,,0,0,1,0,0,0,0,0,2,0,0,1000000,0,0,0,0,0,0,0,0,0,0,0,0,0,0,0,0,0,0,0,0,331,,0,0,,0,0,1,0,0,0,0,0
12274,0,,,0,0,1,0,0,0,0,0,2,0,0,1000000,0,0,0,0,0,0,0,0,0,0,0,0,0,0,0,0,0,0,0,0,331,,0,0,,0,0,1,0,0,0,0,0
12275,0,,,0,0,1,0,0,0,0,0,2,0,0,1000000,0,0,0,0,0,0,0,0,0,0,0,0,0,0,0,0,0,0,0,0,331,,0,0,,0,0,1,0,0,0,0,0
13000,0,===crafting mats===,===crafting mats===,0,0,1,0,0,0,0,0,2,0,0,1000000,0,0,0,0,0,0,0,0,0,0,0,0,0,0,0,0,0,0,0,0,331,,0,0,,0,0,1,0,0,0,0,0
13001,0,wool,Wool,18,0,100,100,0,0,232,0,2,0,0,1000000,0,0,0,0,0,0,0,0,0,0,0,0,0,0,0,0,0,0,0,0,331,,40,20,,0,0,1,0,0,0,0,0
13002,0,mica,Mica,18,0,20,20,0,0,275,0,2,0,0,1000000,0,0,0,0,0,0,0,0,0,0,0,0,0,0,0,0,0,0,0,0,331,,30,15,,0,0,1,0,0,0,0,0
13003,0,topaz,Topaz,18,0,1,0,0,0,275,0,2,0,0,1000000,0,0,0,0,0,0,0,0,0,0,0,0,0,0,0,0,0,0,0,0,331,,0,450,,0,0,1,0,0,0,0,0
13004,0,spent_metal,Spent metal,18,0,100,100,0,0,291,0,2,0,0,1000000,0,0,0,0,0,0,0,0,0,0,0,0,0,0,0,0,0,0,0,0,331,,100,50,,0,0,1,0,0,0,0,0
13005,0,obsidian,Obsidian,18,0,75,75,0,0,275,0,2,0,0,1000000,0,0,0,0,0,0,0,0,0,0,0,0,0,0,0,0,0,0,0,0,331,,10,5,,0,0,1,0,0,0,0,0
13006,0,limestone,Limestone,18,0,75,75,0,0,276,0,2,0,0,1000000,0,0,0,0,0,0,0,0,0,0,0,0,0,0,0,0,0,0,0,0,331,,10,5,,0,0,1,0,0,0,0,0
13007,0,quartz,Quartz,18,0,20,20,0,0,720,0,2,0,0,1000000,0,0,0,0,0,0,0,0,0,0,0,0,0,0,0,0,0,0,0,0,331,,0,125,,0,0,1,0,0,0,0,0
13008,0,amethyst,Amethyst,18,0,50,50,0,0,720,0,2,0,0,1000000,0,0,0,0,0,0,0,0,0,0,0,0,0,0,0,0,0,0,0,0,331,,0,600,,0,0,1,0,0,0,0,0
13009,0,amber,Amber,18,0,100,100,0,0,429,0,2,0,0,0,0,0,0,0,0,0,0,0,0,0,0,0,0,0,0,0,0,0,0,0,0,,300,150,,0,0,1,0,0,0,0,0
13010,0,dark_amber,Dark amber,18,0,100,100,0,0,318,0,2,0,0,0,0,0,0,0,0,0,0,0,0,0,0,0,0,0,0,0,0,0,0,0,0,,600,300,,0,0,1,0,0,0,0,0
13011,0,white_amber,White amber,18,0,20,20,0,0,318,4,2,0,0,1000000,0,0,0,0,0,0,0,0,0,0,0,0,0,0,0,0,0,0,0,0,331,,900,450,,0,0,1,0,0,0,0,0
13012,0,tarnished_amber,Tarnished amber,18,0,100,100,0,0,1012,0,2,0,0,1000000,0,0,0,0,0,0,0,0,0,0,0,0,0,0,0,0,0,0,0,0,331,,240,120,,0,0,1,0,0,0,0,0
13013,0,yellow_amber,Yellow amber,18,0,20,20,0,0,760,0,2,0,0,1000000,0,0,0,0,0,0,0,0,0,0,0,0,0,0,0,0,0,0,0,0,331,,1200,600,,0,0,1,0,0,0,0,0
13014,0,cloth,Cloth,18,0,20,20,0,0,1632,0,2,0,0,1000000,0,0,0,0,0,0,0,0,0,0,0,0,0,0,0,0,0,0,0,0,331,,100,50,,0,0,1,0,0,0,0,0
13015,0,fine_cloth,Fine cloth,18,0,20,20,0,0,1633,0,2,0,0,1000000,0,0,0,0,0,0,0,0,0,0,0,0,0,0,0,0,0,0,0,0,331,,800,400,,0,0,1,0,0,0,0,0
13016,0,powdered_yellow_amber,Pwdrd yellow amber,18,0,20,20,0,0,760,0,2,0,0,1000000,0,0,0,0,0,0,0,0,0,0,0,0,0,0,0,0,0,0,0,0,331,,1200,600,,0,0,1,0,0,0,0,0
13017,0,fine_metal,Fine metal,18,0,100,100,0,0,291,0,2,0,0,1000000,0,0,0,0,0,0,0,0,0,0,0,0,0,0,0,0,0,0,0,0,331,,0,0,,0,0,1,0,0,0,0,0
13018,0,metal,Metal,18,0,100,100,0,0,291,0,2,0,0,1000000,0,0,0,0,0,0,0,0,0,0,0,0,0,0,0,0,0,0,0,0,331,,0,0,,0,0,1,0,0,0,0,0
13019,0,diamond,Diamond,18,0,20,20,0,0,720,0,2,0,0,1000000,0,0,0,0,0,0,0,0,0,0,0,0,0,0,0,0,0,0,0,0,331,,0,5000,,0,0,1,0,0,0,0,0
13020,0,ore_poor,Ore [poor],18,0,100,100,0,0,721,0,2,0,0,1000000,0,0,0,0,0,0,0,0,0,0,0,0,0,0,0,0,0,0,0,0,331,,6,0,,0,0,1,0,0,0,0,0
13021,0,ore_med,Ore [med],18,0,100,100,0,0,721,0,2,0,0,1000000,0,0,0,0,0,0,0,0,0,0,0,0,0,0,0,0,0,0,0,0,331,,8,0,,0,0,1,0,0,0,0,0
13022,0,ore_high,Ore [high],18,0,100,100,0,0,721,0,2,0,0,1000000,0,0,0,0,0,0,0,0,0,0,0,0,0,0,0,0,0,0,0,0,331,,10,0,,0,0,1,0,0,0,0,0
13033,0,ore_very_high,Ore [very high],18,0,100,100,0,0,721,0,2,0,0,1000000,0,0,0,0,0,0,0,0,0,0,0,0,0,0,0,0,0,0,0,0,331,,100,0,,0,0,1,0,0,0,0,0
13034,0,gold_ore,Gold ore,18,0,100,100,0,0,721,0,2,0,0,1000000,0,0,0,0,0,0,0,0,0,0,0,0,0,0,0,0,0,0,0,0,331,,800,0,,0,0,1,0,0,0,0,0
13035,0,silver_ore,Silver ore,18,0,100,100,0,0,721,0,2,0,0,1000000,0,0,0,0,0,0,0,0,0,0,0,0,0,0,0,0,0,0,0,0,331,,150,0,,0,0,1,0,0,0,0,0
13036,0,red_amber,Red amber,18,0,20,20,0,0,761,0,2,0,0,1000000,0,0,0,0,0,0,0,0,0,0,0,0,0,0,0,0,0,0,0,0,331,,0,0,,0,0,1,0,0,0,0,0
13037,0,flame_amber,Flame amber,18,0,20,20,0,0,766,0,2,0,0,0,0,0,0,0,0,0,0,0,0,0,0,0,0,0,0,0,0,0,0,0,331,,0,0,,0,0,1,0,0,0,0,0
13038,0,slag,Slag,18,0,100,100,0,0,721,0,2,0,0,1000000,0,0,0,0,0,0,0,0,0,0,0,0,0,0,0,0,0,0,0,0,331,,2,1,,0,0,1,0,0,0,0,0
13039,0,wool_twine,Wool twine,18,0,1,0,0,0,990,0,2,0,0,1000000,0,0,0,0,0,0,0,0,0,0,0,0,0,0,0,0,0,0,0,0,331,,0,10,,0,0,1,0,0,0,0,0
13040,0,ginko_wood,Ginko wood,18,0,100,100,0,0,2258,0,2,0,0,1000000,0,0,0,0,0,0,0,0,0,0,0,0,0,0,0,0,0,0,0,0,331,,0,6,,0,0,1,0,0,0,0,0
13041,0,coal,Coal,18,0,20,20,0,0,17,0,2,0,0,1000000,0,0,0,0,0,0,0,0,0,0,0,0,0,0,0,0,0,0,0,0,331,,20,10,,0,0,1,0,0,0,0,0
13042,0,,,0,0,1,0,0,0,0,0,2,0,0,1000000,0,0,0,0,0,0,0,0,0,0,0,0,0,0,0,0,0,0,0,0,331,,0,0,,0,0,1,0,0,0,0,0
13043,0,hot_coal,Hot coal,18,0,1,0,0,0,1641,53,2,0,0,1000000,0,0,0,0,0,0,0,0,0,0,0,0,0,0,0,0,0,0,0,0,331,,0,0,,0,0,1,0,0,0,0,0
13044,0,crystal,Crystal,18,0,100,100,0,0,720,0,2,0,0,1000000,0,0,0,0,0,0,0,0,0,0,0,0,0,0,0,0,0,0,0,0,331,,0,0,,0,0,1,0,0,0,0,0
13045,0,wood_scraps,Wood scraps,18,0,100,100,0,0,2423,0,2,0,0,1000000,0,0,0,0,0,0,0,0,0,0,0,0,0,0,0,0,0,0,0,0,331,,0,0,,0,0,1,0,0,0,0,0
13046,0,well_crafted_white_amber,Well cftd wt amber,18,0,20,20,0,0,1037,0,2,0,0,0,0,0,0,0,0,0,0,0,0,0,0,0,0,0,0,0,0,0,0,0,331,,10000,5000,,0,0,1,0,0,0,0,0
13047,0,well_crafted_yellow_amber,Well cftd yw amber,18,0,20,20,0,0,1033,0,2,0,0,1000000,0,0,0,0,0,0,0,0,0,0,0,0,0,0,0,0,0,0,0,0,331,,10000,5000,,0,0,1,0,0,0,0,0
13048,0,well_crafted_dark_amber,Well cftd dk amber,18,0,100,100,0,0,1042,0,2,0,0,0,0,0,0,0,0,0,0,0,0,0,0,0,0,0,0,0,0,0,0,0,0,,4000,2000,,0,0,1,0,0,0,0,0
13049,0,well_crafted_amber,Well cftd amber,18,0,100,100,0,0,1035,0,2,0,0,0,0,0,0,0,0,0,0,0,0,0,0,0,0,0,0,0,0,0,0,0,0,,1600,800,,0,0,1,0,0,0,0,0
13050,0,crafted_white_amber,Crafted wt amber,18,0,20,20,0,0,1031,0,2,0,0,1000000,0,0,0,0,0,0,0,0,0,0,0,0,0,0,0,0,0,0,0,0,331,,2400,1200,,0,0,1,0,0,0,0,0
13051,0,crafted_yellow_amber,Crafted yw amber,18,0,20,20,0,0,1021,0,2,0,0,1000000,0,0,0,0,0,0,0,0,0,0,0,0,0,0,0,0,0,0,0,0,331,,3500,1750,,0,0,1,0,0,0,0,0
13052,0,crafted_dark_amber,Crafted dk amber,18,0,100,100,0,0,1030,0,2,0,0,0,0,0,0,0,0,0,0,0,0,0,0,0,0,0,0,0,0,0,0,0,0,,1600,800,,0,0,1,0,0,0,0,0
13053,0,crafted_amber,Crafted amber,18,0,100,100,0,0,1023,0,2,0,0,0,0,0,0,0,0,0,0,0,0,0,0,0,0,0,0,0,0,0,0,0,0,,800,400,,0,0,1,0,0,0,0,0
13054,0,tarnished_white_amber,Tarnished wt amber,18,0,20,20,0,0,1019,0,2,0,0,1000000,0,0,0,0,0,0,0,0,0,0,0,0,0,0,0,0,0,0,0,0,331,,800,400,,0,0,1,0,0,0,0,0
13055,0,tarnished_yellow_amber,Tarnished yw amber,18,0,20,20,0,0,1009,0,2,0,0,1000000,0,0,0,0,0,0,0,0,0,0,0,0,0,0,0,0,0,0,0,0,331,,1000,500,,0,0,1,0,0,0,0,0
13056,0,tarnished_dark_amber,Tarnished dk amber,18,0,100,100,0,0,1018,0,2,0,0,0,0,0,0,0,0,0,0,0,0,0,0,0,0,0,0,0,0,0,0,0,0,,400,200,,0,0,1,0,0,0,0,0
13057,0,silver_tree_branch,Silver tree branch,18,0,1,0,0,0,725,0,2,0,0,1000000,0,0,0,0,0,0,0,0,0,0,0,0,0,0,0,0,0,0,0,0,0,,5,2,,0,0,1,0,0,0,0,0
13058,0,dragon_shard,Dragon shard,18,0,1,0,0,0,720,18,2,0,0,1000000,0,0,0,0,0,0,0,0,0,0,0,0,0,0,0,0,0,0,0,0,331,,5000,2500,,0,0,1,0,0,0,0,0
13059,0,,,0,0,1,0,0,0,0,0,2,0,0,1000000,0,0,0,0,0,0,0,0,0,0,0,0,0,0,0,0,0,0,0,0,331,,0,0,,0,0,1,0,0,0,0,0
13060,0,,,0,0,1,0,0,0,0,0,2,0,0,1000000,0,0,0,0,0,0,0,0,0,0,0,0,0,0,0,0,0,0,0,0,331,,0,0,,0,0,1,0,0,0,0,0
13061,0,,,0,0,1,0,0,0,0,0,2,0,0,1000000,0,0,0,0,0,0,0,0,0,0,0,0,0,0,0,0,0,0,0,0,331,,0,0,,0,0,1,0,0,0,0,0
13062,0,,,0,0,1,0,0,0,0,0,2,0,0,1000000,0,0,0,0,0,0,0,0,0,0,0,0,0,0,0,0,0,0,0,0,331,,0,0,,0,0,1,0,0,0,0,0
14001,0,weaving_tools,Weaving tools,18,0,100,100,0,0,36,0,2,0,0,1000000,0,0,0,0,0,0,0,0,0,0,0,0,0,0,0,0,0,0,0,0,331,,10,5,,0,0,1,0,0,0,0,0
14002,0,fine_weaving_tools,Fine weaving tools,18,0,100,100,0,0,36,0,2,0,0,1000000,0,0,0,0,0,0,0,0,0,0,0,0,0,0,0,0,0,0,0,0,331,,100,50,,0,0,1,0,0,0,0,0
14003,0,shears,Shears,3,0,1,0,33,0,2956,0,2,0,0,5000,1,3,1,3,0,0,0,0,0,0,0,0,0,0,0,0,0,0,0,0,331,,100,50,,0,1,1,0,0,0,0,0
14004,0,mining_pick,Mining pick,3,0,1,0,65,0,2961,0,2,0,0,2000,1,3,1,3,0,0,0,0,0,0,0,0,0,0,0,0,0,0,0,0,331,,200,100,,0,1,1,0,0,0,0,0
14005,0,axe,Axe,3,0,1,0,19,0,645,0,2,0,0,1000000,1,3,1,3,0,0,0,0,0,0,0,0,0,0,0,0,0,0,0,0,331,,50,25,,0,1,1,0,0,0,0,0
14006,0,basic_sickle,Basic sickle,3,0,1,0,85,0,2966,0,2,20,0,5000,1,2,1,2,0,0,0,0,0,0,0,0,0,0,0,0,0,0,0,0,331,,200,100,,0,1,1,0,0,0,0,0
14007,0,wheat,Wheat,18,0,25,25,0,0,856,0,2,0,0,1000000,0,0,0,0,0,0,0,0,0,0,0,0,0,0,0,0,0,0,0,0,331,,200,100,,0,0,1,0,0,0,0,0
14008,0,rice,Rice,18,0,25,25,0,0,3242,19,2,0,0,1000000,0,0,0,0,0,0,0,0,0,0,0,0,0,0,0,0,0,0,0,0,331,,200,100,,0,0,1,0,0,0,0,0
15000,0,====MOUNTS====,====MOUNTS=====,0,0,1,0,0,0,0,0,2,0,0,1000000,0,0,0,0,0,0,0,0,0,0,0,0,0,0,0,0,0,0,0,0,331,,0,0,,0,0,1,0,0,0,0,0
15001,0,horse_mount,Horse mount,24,0,1,0,26,0,3097,0,2,0,0,1000000,0,0,0,0,0,0,0,0,0,0,0,0,0,0,0,0,0,0,1,0,331,,495,0,,1,0,1,1,0,0,0,0
15002,0,white_horse_mount,White horse mount,24,0,1,0,2,0,3097,0,2,0,0,1000000,0,0,0,0,0,0,0,0,0,0,0,0,0,0,0,0,0,0,1,0,331,,495,0,,1,0,1,1,0,0,0,0
15003,0,yellow_horse_mount,Yellow horse mount,24,0,1,0,21,0,3097,0,2,0,0,1000000,0,0,0,0,0,0,0,0,0,0,0,0,0,0,0,0,0,0,1,0,331,,495,0,,1,0,1,1,0,0,0,0
15004,0,red_horse_mount,Red horse mount,24,0,1,0,22,0,3097,0,2,0,0,1000000,0,0,0,0,0,0,0,0,0,0,0,0,0,0,0,0,0,0,1,0,331,,495,0,,1,0,1,1,0,0,0,0
15005,0,gold_horse_mount,Gold horse mount,24,0,1,0,28,0,3097,0,2,0,0,1000000,0,0,0,0,0,0,0,0,0,0,0,0,0,0,0,0,0,0,1,0,331,,495,0,,1,0,1,1,0,0,0,0
15006,0,bridle,Bridle,24,0,1,0,5,0,3097,0,2,0,0,1000000,0,0,0,0,0,0,0,0,0,0,0,0,0,0,0,0,0,0,1,0,331,,995,0,,1,0,1,1,0,0,0,0
15007,0,mountain_goat_pan_flute,Mountain goat pan flute,24,0,1,0,321,0,2071,0,2,0,0,1000000,0,0,0,0,0,0,0,0,0,0,0,0,0,0,0,0,0,0,1,0,331,,995,0,,1,0,1,1,0,0,0,0
15008,0,red_mountain_goat_pan_flute,Red mountain goat pan flute,24,0,1,0,324,0,2071,26,2,0,0,1000000,0,0,0,0,0,0,0,0,0,0,0,0,0,0,0,0,0,0,1,0,331,,995,0,,1,0,1,1,0,0,0,0
15009,0,muddy_boots_mount,Muddy boots mount,24,0,1,0,1281,0,5097,0,2,0,0,1000000,0,0,0,0,0,0,0,0,0,0,0,0,0,0,0,0,0,0,1,0,331,,995,0,,1,0,1,1,0,0,0,0
15010,0,headless_horsemans_horse,Headless horseman\'s horse,24,0,1,0,1121,0,3097,0,2,0,0,1000000,0,0,0,0,0,0,0,0,0,0,0,0,0,0,0,0,0,0,1,0,331,,995,0,,1,0,1,1,0,0,0,0
15011,0,armored_horse_saddle,Armored horse saddle,24,0,1,0,161,0,3097,0,2,0,0,1000000,0,0,0,0,0,0,0,0,0,0,0,0,0,0,0,0,0,0,1,0,331,,995,0,,1,0,1,1,0,0,0,0
15012,0,dragon_dog,Dragon dog,24,0,1,0,193,0,2073,0,2,0,0,1000000,0,0,0,0,0,0,0,0,0,0,0,0,0,0,0,0,0,0,1,0,331,,995,0,,1,0,1,1,0,0,0,0
15013,0,tourmaline_dragon_dog,Tourmaline dragon dog,24,0,1,0,193,0,2073,0,2,0,0,1000000,0,0,0,0,0,0,0,0,0,0,0,0,0,0,0,0,0,0,1,0,331,,995,0,,1,0,1,1,0,0,0,0
15014,0,alexandrite_dragon_dog,Alexandrite dragon dog,24,0,1,0,194,0,2073,0,2,0,0,1000000,0,0,0,0,0,0,0,0,0,0,0,0,0,0,0,0,0,0,1,0,331,,995,0,,1,0,1,1,0,0,0,0
15015,0,bamboo_dragon_dog,Bamboo dragon dog,24,0,1,0,196,0,2073,0,2,0,0,1000000,0,0,0,0,0,0,0,0,0,0,0,0,0,0,0,0,0,0,1,0,331,,995,0,,1,0,1,1,0,0,0,0
15018,0,peridot_dragon_dog,Peridot dragon dog,24,0,1,0,197,0,2073,0,2,0,0,1000000,0,0,0,0,0,0,0,0,0,0,0,0,0,0,0,0,0,0,1,0,331,,995,0,,1,0,1,1,0,0,0,0
15019,0,rhodonite_dragon_dog,Rhodonite dragon dog,24,0,1,0,198,0,2073,0,2,0,0,1000000,0,0,0,0,0,0,0,0,0,0,0,0,0,0,0,0,0,0,1,0,331,,995,0,,1,0,1,1,0,0,0,0
15020,0,sodalite_dragon_dog,Sodalite dragon dog,24,0,1,0,199,0,2073,0,2,0,0,1000000,0,0,0,0,0,0,0,0,0,0,0,0,0,0,0,0,0,0,1,0,331,,995,0,,1,0,1,1,0,0,0,0
15021,0,archon_dragon_dog,Archon dragon dog,24,0,1,0,201,0,2073,0,2,0,0,1000000,0,0,0,0,0,0,0,0,0,0,0,0,0,0,0,0,0,0,1,0,331,,995,0,,1,0,1,1,0,0,0,0
15022,0,jasper_dragon_dog,Jasper dragon dog,24,0,1,0,202,0,2073,0,2,0,0,1000000,0,0,0,0,0,0,0,0,0,0,0,0,0,0,0,0,0,0,1,0,331,,995,0,,1,0,1,1,0,0,0,0
15023,0,phantom_dragon_dog,Phantom dragon dog,24,0,1,0,205,0,2073,0,2,0,0,1000000,0,0,0,0,0,0,0,0,0,0,0,0,0,0,0,0,0,0,1,0,331,,995,0,,1,0,1,1,0,0,0,0
15024,0,sardonyx_dragon_dog,Sardonyx dragon dog,24,0,1,0,207,0,2073,0,2,0,0,1000000,0,0,0,0,0,0,0,0,0,0,0,0,0,0,0,0,0,0,1,0,331,,995,0,,1,0,1,1,0,0,0,0
15025,0,onyx_dragon_dog,Onyx dragon dog,24,0,1,0,210,0,2073,23,2,0,0,1000000,0,0,0,0,0,0,0,0,0,0,0,0,0,0,0,0,0,0,1,0,331,,995,0,,1,0,1,1,0,0,0,0
15026,0,tempest_dragon_dog,Tempest dragon dog,24,0,1,0,211,0,2073,24,2,0,0,1000000,0,0,0,0,0,0,0,0,0,0,0,0,0,0,0,0,0,0,1,0,331,,995,0,,1,0,1,1,0,0,0,0
15027,0,raheem_dragon_dog,Raheem dragon dog,24,0,1,0,212,0,2073,25,2,0,0,1000000,0,0,0,0,0,0,0,0,0,0,0,0,0,0,0,0,0,0,1,0,331,,995,0,,1,0,1,1,0,0,0,0
15028,0,ruby_dragon_dog,Ruby dragon dog,24,0,1,0,213,0,2073,26,2,0,0,1000000,0,0,0,0,0,0,0,0,0,0,0,0,0,0,0,0,0,0,1,0,331,,995,0,,1,0,1,1,0,0,0,0
15029,0,forest_dragon_dog,Forest dragon dog,24,0,1,0,214,0,2073,0,2,0,0,1000000,0,0,0,0,0,0,0,0,0,0,0,0,0,0,0,0,0,0,1,0,331,,995,0,,1,0,1,1,0,0,0,0
15030,0,ivy_dragon_dog,Ivy dragon dog,24,0,1,0,215,0,2073,0,2,0,0,1000000,0,0,0,0,0,0,0,0,0,0,0,0,0,0,0,0,0,0,1,0,331,,995,0,,1,0,1,1,0,0,0,0
15031,0,lazuli_dragon_dog,Lazuli dragon dog,24,0,1,0,216,0,2073,31,2,0,0,1000000,0,0,0,0,0,0,0,0,0,0,0,0,0,0,0,0,0,0,1,0,331,,995,0,,1,0,1,1,0,0,0,0
15032,0,aragonite_dragon_dog,Aragonite dragon dog,24,0,1,0,217,0,2073,2,2,0,0,1000000,0,0,0,0,0,0,0,0,0,0,0,0,0,0,0,0,0,0,1,0,331,,995,0,,1,0,1,1,0,0,0,0
15033,0,garnet_dragon_dog,Garnet dragon dog,24,0,1,0,218,0,2073,28,2,0,0,1000000,0,0,0,0,0,0,0,0,0,0,0,0,0,0,0,0,0,0,1,0,331,,995,0,,1,0,1,1,0,0,0,0
15034,0,amethyst_dragon_dog,Amethyst dragon dog,24,0,1,0,219,0,2073,4,2,0,0,1000000,0,0,0,0,0,0,0,0,0,0,0,0,0,0,0,0,0,0,1,0,331,,995,0,,1,0,1,1,0,0,0,0
15035,0,bloodstone_dragon_dog,Bloodstone dragon dog,24,0,1,0,220,0,2073,0,2,0,0,1000000,0,0,0,0,0,0,0,0,0,0,0,0,0,0,0,0,0,0,1,0,331,,995,0,,1,0,1,1,0,0,0,0
15036,0,topaz_dragon_dog,Topaz dragon dog,24,0,1,0,221,0,2073,0,2,0,0,1000000,0,0,0,0,0,0,0,0,0,0,0,0,0,0,0,0,0,0,1,0,331,,995,0,,1,0,1,1,0,0,0,0
15037,0,earth_dragon_dog,Earth dragon dog,24,0,1,0,223,0,2073,18,2,0,0,1000000,0,0,0,0,0,0,0,0,0,0,0,0,0,0,0,0,0,0,1,0,331,,995,0,,1,0,1,1,0,0,0,0
15038,0,twilight_dragon_dog,Twilight dragon dog,24,0,1,0,224,0,2073,4,2,0,0,1000000,0,0,0,0,0,0,0,0,0,0,0,0,0,0,0,0,0,0,1,0,331,,995,0,,1,0,1,1,0,0,0,0
15039,0,pig_mount,Pig mount,24,0,1,0,682,0,215,0,2,0,0,1000000,0,0,0,0,0,0,0,0,0,0,0,0,0,0,0,0,0,0,1,0,331,,995,0,,1,0,1,1,0,0,0,0
15040,0,black_pig_mount,Black pig mount,24,0,1,0,683,0,215,6,2,0,0,1000000,0,0,0,0,0,0,0,0,0,0,0,0,0,0,0,0,0,0,1,0,331,,995,0,,1,0,1,1,0,0,0,0
15041,0,brown_warthog_mount,Brown warthog mount,24,0,1,0,740,0,2015,6,2,0,0,1000000,0,0,0,0,0,0,0,0,0,0,0,0,0,0,0,0,0,0,1,0,331,,995,0,,1,0,1,1,0,0,0,0
15042,0,black_warthog_mount,Black warthog mount,24,0,1,0,747,0,2015,0,2,0,0,1000000,0,0,0,0,0,0,0,0,0,0,0,0,0,0,0,0,0,0,1,0,331,,995,0,,1,0,1,1,0,0,0,0
15043,0,leopard_mount,Leopard mount,24,0,1,0,550,0,2475,0,2,0,0,1000000,0,0,0,0,0,0,0,0,0,0,0,0,0,0,0,0,0,0,1,0,331,,995,0,,1,0,1,1,0,0,0,0
15044,0,snow_leopard_mount,Snow leopard mount,24,0,1,0,556,0,2475,0,2,0,0,1000000,0,0,0,0,0,0,0,0,0,0,0,0,0,0,0,0,0,0,1,0,331,,995,0,,1,0,1,1,0,0,0,0
15045,0,black_leopard_mount,Black leopard mount,24,0,1,0,555,0,2475,0,2,0,0,1000000,0,0,0,0,0,0,0,0,0,0,0,0,0,0,0,0,0,0,1,0,331,,995,0,,1,0,1,1,0,0,0,0
15046,0,brown_chicken_mount,Brown chicken mount,24,0,1,0,586,0,1522,0,2,0,0,1000000,0,0,0,0,0,0,0,0,0,0,0,0,0,0,0,0,0,0,1,0,331,,995,0,,1,0,1,1,0,0,0,0
15047,0,white_chicken_mount,White chicken mount,24,0,1,0,588,0,1522,6,2,0,0,1000000,0,0,0,0,0,0,0,0,0,0,0,0,0,0,0,0,0,0,1,0,331,,995,0,,1,0,1,1,0,0,0,0
15048,0,fox_mount,Fox mount,24,0,1,0,613,0,1525,11,2,0,0,1000000,0,0,0,0,0,0,0,0,0,0,0,0,0,0,0,0,0,0,1,0,331,,995,0,,1,0,1,1,0,0,0,0
15049,0,snow_fox_mount,Snow fox mount,24,0,1,0,620,0,1525,11,2,0,0,1000000,0,0,0,0,0,0,0,0,0,0,0,0,0,0,0,0,0,0,1,0,331,,995,0,,1,0,1,1,0,0,0,0
15050,0,snow_winter_fox_mount,Snow winter fox mount,24,0,1,0,1249,0,5100,0,2,0,0,1000000,0,0,0,0,0,0,0,0,0,0,0,0,0,0,0,0,0,0,1,0,331,,995,0,,1,0,1,1,0,0,0,0
15051,0,black_winter_fox_mount,Black winter fox mount,24,0,1,0,1254,0,5100,5,2,0,0,1000000,0,0,0,0,0,0,0,0,0,0,0,0,0,0,0,0,0,0,1,0,331,,995,0,,1,0,1,1,0,0,0,0
15052,0,ice_winter_fox_mount,Ice winter fox mount,24,0,1,0,1261,0,5100,12,2,0,0,1000000,0,0,0,0,0,0,0,0,0,0,0,0,0,0,0,0,0,0,1,0,331,,995,0,,1,0,1,1,0,0,0,0
15053,0,blue_tip_winter_fox_mount,Blue-tip winter fox mount,24,0,1,0,1262,0,5100,25,2,0,0,1000000,0,0,0,0,0,0,0,0,0,0,0,0,0,0,0,0,0,0,1,0,331,,995,0,,1,0,1,1,0,0,0,0
15054,0,pink_winter_fox_mount,Pink winter fox mount,24,0,1,0,1268,0,5100,19,2,0,0,1000000,0,0,0,0,0,0,0,0,0,0,0,0,0,0,0,0,0,0,1,0,331,,995,0,,1,0,1,1,0,0,0,0
15055,0,purple_winter_fox_mount,Purple winter fox mount,24,0,1,0,1274,0,5100,13,2,0,0,1000000,0,0,0,0,0,0,0,0,0,0,0,0,0,0,0,0,0,0,1,0,331,,995,0,,1,0,1,1,0,0,0,0
15056,0,gold_winter_fox_mount,Gold winter fox mount,24,0,1,0,1276,0,5100,27,2,0,0,1000000,0,0,0,0,0,0,0,0,0,0,0,0,0,0,0,0,0,0,1,0,331,,995,0,,1,0,1,1,0,0,0,0
15057,0,night_winter_fox_mount,Night winter fox mount,24,0,1,0,1277,0,5100,28,2,0,0,1000000,0,0,0,0,0,0,0,0,0,0,0,0,0,0,0,0,0,0,1,0,331,,995,0,,1,0,1,1,0,0,0,0
15058,0,brown_winter_fox_mount,Brown winter fox mount,24,0,1,0,1278,0,5100,29,2,0,0,1000000,0,0,0,0,0,0,0,0,0,0,0,0,0,0,0,0,0,0,1,0,331,,995,0,,1,0,1,1,0,0,0,0
15059,0,purple_tip_winter_fox_mount,Purple-tip winter fox mount,24,0,1,0,1279,0,5100,30,2,0,0,1000000,0,0,0,0,0,0,0,0,0,0,0,0,0,0,0,0,0,0,1,0,331,,995,0,,1,0,1,1,0,0,0,0
15060,0,stealth_winter_fox_mount,Stealth winter fox mount,24,0,1,0,1280,0,5100,5,2,0,0,1000000,0,0,0,0,0,0,0,0,0,0,0,0,0,0,0,0,0,0,1,0,331,,995,0,,1,0,1,1,0,0,0,0
15061,0,green_bobcat_mount,Green bobcat mount,24,0,1,0,1314,0,5199,1,2,0,0,1000000,0,0,0,0,0,0,0,0,0,0,0,0,0,0,0,0,0,0,1,0,331,,995,0,,1,0,1,1,0,0,0,0
15062,0,blue_bobcat_mount,Blue bobcat mount,24,0,1,0,1321,0,5199,8,2,0,0,1000000,0,0,0,0,0,0,0,0,0,0,0,0,0,0,0,0,0,0,1,0,331,,995,0,,1,0,1,1,0,0,0,0
15063,0,brown_bobcat_mount,Brown bobcat mount,24,0,1,0,1322,0,5199,9,2,0,0,1000000,0,0,0,0,0,0,0,0,0,0,0,0,0,0,0,0,0,0,1,0,331,,995,0,,1,0,1,1,0,0,0,0
15064,0,purple_bobcat_mount,Purple bobcat mount,24,0,1,0,1320,0,5199,7,2,0,0,1000000,0,0,0,0,0,0,0,0,0,0,0,0,0,0,0,0,0,0,1,0,331,,995,0,,1,0,1,1,0,0,0,0
15065,0,black_bobcat_mount,Black bobcat mount,24,0,1,0,1323,0,5199,10,2,0,0,1000000,0,0,0,0,0,0,0,0,0,0,0,0,0,0,0,0,0,0,1,0,331,,995,0,,1,0,1,1,0,0,0,0
15066,0,dark_green_bobcat_mount,Dark green bobcat mount,24,0,1,0,1327,0,5199,14,2,0,0,1000000,0,0,0,0,0,0,0,0,0,0,0,0,0,0,0,0,0,0,1,0,331,,995,0,,1,0,1,1,0,0,0,0
15067,0,white_bobcat_mount,White bobcat mount,24,0,1,0,1342,0,5199,29,2,0,0,1000000,0,0,0,0,0,0,0,0,0,0,0,0,0,0,0,0,0,0,1,0,331,,995,0,,1,0,1,1,0,0,0,0
15068,0,gold_bobcat_mount,Gold bobcat mount,24,0,1,0,1343,0,5199,30,2,0,0,1000000,0,0,0,0,0,0,0,0,0,0,0,0,0,0,0,0,0,0,1,0,331,,995,0,,1,0,1,1,0,0,0,0
15069,0,red_bobcat_mount,Red bobcat mount,24,0,1,0,1344,0,5199,31,2,0,0,1000000,0,0,0,0,0,0,0,0,0,0,0,0,0,0,0,0,0,0,1,0,331,,995,0,,1,0,1,1,0,0,0,0
15070,0,stone_bobcat_mount,Stone bobcat mount,24,0,1,0,1316,0,5199,3,2,0,0,1000000,0,0,0,0,0,0,0,0,0,0,0,0,0,0,0,0,0,0,1,0,331,,995,0,,1,0,1,1,0,0,0,0
15071,0,festive_dragon_mount,Festive dragon mount,24,0,1,0,1345,0,5200,0,2,0,0,1000000,0,0,0,0,0,0,0,0,0,0,0,0,0,0,0,0,0,0,1,0,331,,995,0,,1,0,1,1,0,0,0,0
15072,0,rudolph_sleigh_mount,Rudolph sleigh mount,24,0,1,0,1377,0,5192,0,2,0,0,1000000,0,0,0,0,0,0,0,0,0,0,0,0,0,0,0,0,0,0,1,0,331,,995,0,,1,0,1,1,0,0,0,0
15073,0,pink_cloud_mount,Pink cloud mount,24,0,1,0,1091,0,5077,2,2,0,0,1000000,0,0,0,0,0,0,0,0,0,0,0,0,0,0,0,0,1,0,1,0,331,,995,0,,1,0,1,1,0,0,0,0
15074,0,white_cloud_mount,White cloud mount,24,0,1,0,1089,0,5077,0,2,0,0,1000000,0,0,0,0,0,0,0,0,0,0,0,0,0,0,0,0,1,0,1,0,331,,995,0,,1,0,1,1,0,0,0,0
15075,0,dark_cloud_mount,Dark cloud mount,24,0,1,0,1094,0,5077,5,2,0,0,1000000,0,0,0,0,0,0,0,0,0,0,0,0,0,0,0,0,1,0,1,0,331,,995,0,,1,0,1,1,0,0,0,0
15076,0,evening_cloud_mount,Evening cloud mount,24,0,1,0,1097,0,5077,8,2,0,0,1000000,0,0,0,0,0,0,0,0,0,0,0,0,0,0,0,0,1,0,1,0,331,,995,0,,1,0,1,1,0,0,0,0
15077,0,moonlight_cloud_mount,Moonlight cloud mount,24,0,1,0,1111,0,5077,22,2,0,0,1000000,0,0,0,0,0,0,0,0,0,0,0,0,0,0,0,0,0,0,1,0,331,,995,0,,1,0,1,1,0,0,0,0
15078,0,sunrise_cloud_mount,Sunrise cloud mount,24,0,1,0,1120,0,5077,31,2,0,0,1000000,0,0,0,0,0,0,0,0,0,0,0,0,0,0,0,0,0,0,1,0,331,,995,0,,1,0,1,1,0,0,0,0
15079,0,black_elephant_mount,Black elephant mount,24,0,1,0,1409,0,5379,20,2,0,0,1000000,0,0,0,0,0,0,0,0,0,0,0,0,0,0,0,0,0,0,1,0,331,,995,0,,1,0,1,1,0,0,0,0
15080,0,brown_elephant_mount,Brown elephant mount,24,0,1,0,1411,0,5379,2,2,0,0,1000000,0,0,0,0,0,0,0,0,0,0,0,0,0,0,0,0,0,0,1,0,331,,995,0,,1,0,1,1,0,0,0,0
15081,0,maroon_elephant_mount,Maroon elephant mount,24,0,1,0,1413,0,5379,4,2,0,0,1000000,0,0,0,0,0,0,0,0,0,0,0,0,0,0,0,0,0,0,1,0,331,,995,0,,1,0,1,1,0,0,0,0
15082,0,green_elephant_mount,Green elephant mount,24,0,1,0,1417,0,5379,8,2,0,0,1000000,0,0,0,0,0,0,0,0,0,0,0,0,0,0,0,0,0,0,1,0,331,,995,0,,1,0,1,1,0,0,0,0
15083,0,slateblue_elephant_mount,Slateblue elephant mount,24,0,1,0,1431,0,5379,246,2,0,0,1000000,0,0,0,0,0,0,0,0,0,0,0,0,0,0,0,0,0,0,1,0,331,,995,0,,1,0,1,1,0,0,0,0
15084,0,purple_lamb_mount,Purple lamb mount,24,0,1,0,1441,0,5380,0,2,0,0,1000000,0,0,0,0,0,0,0,0,0,0,0,0,0,0,0,0,0,0,1,0,331,,995,0,,1,0,1,1,0,0,0,0
15085,0,grey_lamb_mount,Grey lamb mount,24,0,1,0,1453,0,5380,12,2,0,0,1000000,0,0,0,0,0,0,0,0,0,0,0,0,0,0,0,0,0,0,1,0,331,,995,0,,1,0,1,1,0,0,0,0
15086,0,yellow_lamb_mount,Yellow lamb mount,24,0,1,0,1447,0,5380,6,2,0,0,1000000,0,0,0,0,0,0,0,0,0,0,0,0,0,0,0,0,0,0,1,0,331,,995,0,,1,0,1,1,0,0,0,0
15087,0,brown_lion_mount,Brown lion mount,24,0,1,0,1473,0,5381,0,2,0,0,1000000,0,0,0,0,0,0,0,0,0,0,0,0,0,0,0,0,0,0,1,0,331,,995,0,,1,0,1,1,0,0,0,0
15088,0,grey_lion_mount,Grey lion mount,24,0,1,0,1491,0,5381,56,2,0,0,1000000,0,0,0,0,0,0,0,0,0,0,0,0,0,0,0,0,0,0,1,0,331,,995,0,,1,0,1,1,0,0,0,0
15089,0,silver_lion_mount,Silver lion mount,24,0,1,0,1497,0,5381,248,2,0,0,1000000,0,0,0,0,0,0,0,0,0,0,0,0,0,0,0,0,0,0,1,0,331,,995,0,,1,0,1,1,0,0,0,0
15090,0,green_lama_mount,Green lama mount,24,0,1,0,1505,0,5382,0,2,0,0,1000000,0,0,0,0,0,0,0,0,0,0,0,0,0,0,0,0,0,0,1,0,331,,995,0,,1,0,1,1,0,0,0,0
15091,0,silver_lama_mount,Silver lama mount,24,0,1,0,1523,0,5382,18,2,0,0,1000000,0,0,0,0,0,0,0,0,0,0,0,0,0,0,0,0,0,0,1,0,331,,995,0,,1,0,1,1,0,0,0,0
15092,0,purple_elk_mount,Purple elk mount,24,0,1,0,1537,0,5383,0,2,0,0,1000000,0,0,0,0,0,0,0,0,0,0,0,0,0,0,0,0,0,0,1,0,331,,995,0,,1,0,1,1,0,0,0,0
15093,0,brown_elk_mount,Brown elk mount,24,0,1,0,1541,0,5383,4,2,0,0,1000000,0,0,0,0,0,0,0,0,0,0,0,0,0,0,0,0,0,0,1,0,331,,995,0,,1,0,1,1,0,0,0,0
15094,0,gold_elk_mount,Gold elk mount,24,0,1,0,1543,0,5383,6,2,0,0,1000000,0,0,0,0,0,0,0,0,0,0,0,0,0,0,0,0,0,0,1,0,331,,995,0,,1,0,1,1,0,0,0,0
15095,0,olive_elk_mount,Olive elk mount,24,0,1,0,1547,0,5383,10,2,0,0,1000000,0,0,0,0,0,0,0,0,0,0,0,0,0,0,0,0,0,0,1,0,331,,995,0,,1,0,1,1,0,0,0,0
15096,0,green_elk_mount,Green elk mount,24,0,1,0,1545,0,5383,8,2,0,0,1000000,0,0,0,0,0,0,0,0,0,0,0,0,0,0,0,0,0,0,1,0,331,,995,0,,1,0,1,1,0,0,0,0
15097,0,grey_elk_mount,Grey elk mount,24,0,1,0,1565,0,5383,28,2,0,0,1000000,0,0,0,0,0,0,0,0,0,0,0,0,0,0,0,0,0,0,1,0,331,,995,0,,1,0,1,1,0,0,0,0
15098,0,green_ceratops_mount,Green ceratops mount,24,0,1,0,1569,0,5384,0,2,0,0,1000000,0,0,0,0,0,0,0,0,0,0,0,0,0,0,0,0,0,0,1,0,331,,995,0,,1,0,1,1,0,0,0,0
15099,0,cyan_ceratops_mount,Cyan ceratops mount,24,0,1,0,1574,0,5384,5,2,0,0,1000000,0,0,0,0,0,0,0,0,0,0,0,0,0,0,0,0,0,0,1,0,331,,995,0,,1,0,1,1,0,0,0,0
15100,0,red_ceratops_mount,Red ceratops mount,24,0,1,0,1590,0,5384,21,2,0,0,1000000,0,0,0,0,0,0,0,0,0,0,0,0,0,0,0,0,0,0,1,0,331,,995,0,,1,0,1,1,0,0,0,0
15101,0,black_ceratops_mount,Black ceratops mount,24,0,1,0,1593,0,5384,224,2,0,0,1000000,0,0,0,0,0,0,0,0,0,0,0,0,0,0,0,0,0,0,1,0,331,,995,0,,1,0,1,1,0,0,0,0
15102,0,fennec_mount,Fennec mount,24,0,1,0,1601,0,5385,0,2,0,0,1000000,0,0,0,0,0,0,0,0,0,0,0,0,0,0,0,0,0,0,1,0,331,,995,0,,1,0,1,1,0,0,0,0
15103,0,pomeranian_mount,Pomeranian mount,24,0,1,0,1633,0,5386,0,2,0,0,1000000,0,0,0,0,0,0,0,0,0,0,0,0,0,0,0,0,0,0,1,0,331,,995,0,,1,0,1,1,0,0,0,0
15104,0,yellow_anteater_mount,Yellow anteater mount,24,0,1,0,1665,0,5387,0,2,0,0,1000000,0,0,0,0,0,0,0,0,0,0,0,0,0,0,0,0,0,0,1,0,331,,995,0,,1,0,1,1,0,0,0,0
15105,0,brown_anteater_mount,Brown anteater mount,24,0,1,0,1677,0,5387,198,2,0,0,1000000,0,0,0,0,0,0,0,0,0,0,0,0,0,0,0,0,0,0,1,0,331,,995,0,,1,0,1,1,0,0,0,0
15106,0,purple_anteater_mount,Purple anteater mount,24,0,1,0,1671,0,5387,199,2,0,0,1000000,0,0,0,0,0,0,0,0,0,0,0,0,0,0,0,0,0,0,1,0,331,,995,0,,1,0,1,1,0,0,0,0
15107,0,green_rhino_mount,Green rhino mount,24,0,1,0,1026,0,2017,30,2,0,0,1000000,0,0,0,0,0,0,0,0,0,0,0,0,0,0,0,0,0,0,1,0,331,,995,0,,1,0,1,1,0,0,0,0
15108,0,blue_rhino_mount,Blue rhino mount,24,0,1,0,1033,0,2017,31,2,0,0,1000000,0,0,0,0,0,0,0,0,0,0,0,0,0,0,0,0,0,0,1,0,331,,995,0,,1,0,1,1,0,0,0,0
15109,0,brown_rhino_mount,Brown rhino mount,24,0,1,0,1034,0,2017,9,2,0,0,1000000,0,0,0,0,0,0,0,0,0,0,0,0,0,0,0,0,0,0,1,0,331,,995,0,,1,0,1,1,0,0,0,0
15110,0,purple_rhino_mount,Purple rhino mount,24,0,1,0,1032,0,2017,4,2,0,0,1000000,0,0,0,0,0,0,0,0,0,0,0,0,0,0,0,0,0,0,1,0,331,,995,0,,1,0,1,1,0,0,0,0
15111,0,black_rhino_mount,Black rhino mount,24,0,1,0,1035,0,2017,7,2,0,0,1000000,0,0,0,0,0,0,0,0,0,0,0,0,0,0,0,0,0,0,1,0,331,,995,0,,1,0,1,1,0,0,0,0
15112,0,dark_green_rhino_mount,Dark green rhino mount,24,0,1,0,1039,0,2017,11,2,0,0,1000000,0,0,0,0,0,0,0,0,0,0,0,0,0,0,0,0,0,0,1,0,331,,995,0,,1,0,1,1,0,0,0,0
15113,0,white_rhino_mount,White rhino mount,24,0,1,0,1054,0,2017,8,2,0,0,1000000,0,0,0,0,0,0,0,0,0,0,0,0,0,0,0,0,0,0,1,0,331,,995,0,,1,0,1,1,0,0,0,0
15114,0,gold_rhino_mount,Gold rhino mount,24,0,1,0,1055,0,2017,25,2,0,0,1000000,0,0,0,0,0,0,0,0,0,0,0,0,0,0,0,0,0,0,1,0,331,,995,0,,1,0,1,1,0,0,0,0
15115,0,red_rhino_mount,Red rhino mount,24,0,1,0,1056,0,2017,26,2,0,0,1000000,0,0,0,0,0,0,0,0,0,0,0,0,0,0,0,0,0,0,1,0,331,,995,0,,1,0,1,1,0,0,0,0
15116,0,stone_rhino_mount,Stone rhino mount,24,0,1,0,1028,0,2017,3,2,0,0,1000000,0,0,0,0,0,0,0,0,0,0,0,0,0,0,0,0,0,0,1,0,331,,995,0,,1,0,1,1,0,0,0,0
15117,0,blue_ninetails_mount,Blue ninetails mount,24,0,1,0,963,0,4253,6,2,0,0,1000000,0,0,0,0,0,0,0,0,0,0,0,0,0,0,0,0,0,0,1,0,331,,995,0,,1,0,1,1,0,0,0,0
15118,0,brown_ninetails_mount,Brown ninetails mount,24,0,1,0,970,0,4253,1,2,0,0,1000000,0,0,0,0,0,0,0,0,0,0,0,0,0,0,0,0,0,0,1,0,331,,995,0,,1,0,1,1,0,0,0,0
15119,0,purple_ninetails_mount,Purple ninetails mount,24,0,1,0,985,0,4253,8,2,0,0,1000000,0,0,0,0,0,0,0,0,0,0,0,0,0,0,0,0,0,0,1,0,331,,995,0,,1,0,1,1,0,0,0,0
15120,0,black_ninetails_mount,Black ninetails mount,24,0,1,0,989,0,4253,17,2,0,0,1000000,0,0,0,0,0,0,0,0,0,0,0,0,0,0,0,0,0,0,1,0,331,,995,0,,1,0,1,1,0,0,0,0
15121,0,white_ninetails_mount,White ninetails mount,24,0,1,0,990,0,4253,0,2,0,0,1000000,0,0,0,0,0,0,0,0,0,0,0,0,0,0,0,0,0,0,1,0,331,,995,0,,1,0,1,1,0,0,0,0
15122,0,gold_ninetails_mount,Gold ninetails mount,24,0,1,0,991,0,4253,19,2,0,0,1000000,0,0,0,0,0,0,0,0,0,0,0,0,0,0,0,0,0,0,1,0,331,,995,0,,1,0,1,1,0,0,0,0
15123,0,red_ninetails_mount,Red ninetails mount,24,0,1,0,992,0,4253,20,2,0,0,1000000,0,0,0,0,0,0,0,0,0,0,0,0,0,0,0,0,0,0,1,0,331,,995,0,,1,0,1,1,0,0,0,0
15124,0,pegasus_mount,Pegasus mount,24,0,1,0,993,0,4710,11,2,0,0,1000000,0,0,0,0,0,0,0,0,0,0,0,0,0,0,0,0,0,0,1,0,331,,995,0,,1,0,1,1,0,0,0,0
15125,0,zebra_mount,Zebra mount,24,0,1,0,289,0,2606,0,2,0,0,1000000,0,0,0,0,0,0,0,0,0,0,0,0,0,0,0,0,0,0,1,0,331,,995,0,,1,0,1,1,0,0,0,0
15126,0,polar_bear,Polar bear,24,0,1,0,353,0,2427,0,2,0,0,1000000,0,0,0,0,0,0,0,0,0,0,0,0,0,0,0,0,0,0,1,0,331,,995,0,,1,0,1,1,0,0,0,0
15127,0,snowy_polar_bear,Snowy polar bear,24,0,1,0,353,0,2427,0,2,0,0,1000000,0,0,0,0,0,0,0,0,0,0,0,0,0,0,0,0,0,0,1,0,331,,995,0,,1,0,1,1,0,0,0,0
15128,0,shivery_polar_bear,Shivery polar bear,24,0,1,0,355,0,2427,0,2,0,0,1000000,0,0,0,0,0,0,0,0,0,0,0,0,0,0,0,0,0,0,1,0,331,,995,0,,1,0,1,1,0,0,0,0
15129,0,murky_polar_bear,Murky polar bear,24,0,1,0,356,0,2427,0,2,0,0,1000000,0,0,0,0,0,0,0,0,0,0,0,0,0,0,0,0,0,0,1,0,331,,995,0,,1,0,1,1,0,0,0,0
15130,0,algid_polar_bear,Algid polar bear,24,0,1,0,357,0,2427,0,2,0,0,1000000,0,0,0,0,0,0,0,0,0,0,0,0,0,0,0,0,0,0,1,0,331,,995,0,,1,0,1,1,0,0,0,0
15131,0,snappy_polar_bear,Snappy polar bear,24,0,1,0,358,0,2427,0,2,0,0,1000000,0,0,0,0,0,0,0,0,0,0,0,0,0,0,0,0,0,0,1,0,331,,995,0,,1,0,1,1,0,0,0,0
15132,0,chilled_polar_bear,Chilled polar bear,24,0,1,0,360,0,2427,0,2,0,0,1000000,0,0,0,0,0,0,0,0,0,0,0,0,0,0,0,0,0,0,1,0,331,,995,0,,1,0,1,1,0,0,0,0
15133,0,siberian_polar_bear,Siberian polar bear,24,0,1,0,361,0,2427,0,2,0,0,1000000,0,0,0,0,0,0,0,0,0,0,0,0,0,0,0,0,0,0,1,0,331,,995,0,,1,0,1,1,0,0,0,0
15134,0,archon_polar_bear,Archon polar bear,24,0,1,0,362,0,2427,0,2,0,0,1000000,0,0,0,0,0,0,0,0,0,0,0,0,0,0,0,0,0,0,1,0,331,,995,0,,1,0,1,1,0,0,0,0
15135,0,cool_polar_bear,Cool polar bear,24,0,1,0,363,0,2427,0,2,0,0,1000000,0,0,0,0,0,0,0,0,0,0,0,0,0,0,0,0,0,0,1,0,331,,995,0,,1,0,1,1,0,0,0,0
15136,0,gelid_polar_bear,Gelid polar bear,24,0,1,0,364,0,2427,0,2,0,0,1000000,0,0,0,0,0,0,0,0,0,0,0,0,0,0,0,0,0,0,1,0,331,,995,0,,1,0,1,1,0,0,0,0
15137,0,sharp_polar_bear,Sharp polar bear,24,0,1,0,365,0,2427,0,2,0,0,1000000,0,0,0,0,0,0,0,0,0,0,0,0,0,0,0,0,0,0,1,0,331,,995,0,,1,0,1,1,0,0,0,0
15138,0,freezing_polar_bear,Freezing polar bear,24,0,1,0,366,0,2427,0,2,0,0,1000000,0,0,0,0,0,0,0,0,0,0,0,0,0,0,0,0,0,0,1,0,331,,995,0,,1,0,1,1,0,0,0,0
15139,0,bleak_polar_bear,Bleak polar bear,24,0,1,0,370,0,2427,0,2,0,0,1000000,0,0,0,0,0,0,0,0,0,0,0,0,0,0,0,0,0,0,1,0,331,,995,0,,1,0,1,1,0,0,0,0
15140,0,brumal_polar_bear,Brumal polar bear,24,0,1,0,372,0,2427,0,2,0,0,1000000,0,0,0,0,0,0,0,0,0,0,0,0,0,0,0,0,0,0,1,0,331,,995,0,,1,0,1,1,0,0,0,0
15141,0,heated_polar_bear,Heated polar bear,24,0,1,0,373,0,2427,0,2,0,0,1000000,0,0,0,0,0,0,0,0,0,0,0,0,0,0,0,0,0,0,1,0,331,,995,0,,1,0,1,1,0,0,0,0
15142,0,raw_polar_bear,Raw polar bear,24,0,1,0,374,0,2427,0,2,0,0,1000000,0,0,0,0,0,0,0,0,0,0,0,0,0,0,0,0,0,0,1,0,331,,995,0,,1,0,1,1,0,0,0,0
15143,0,frost_polar_bear,Frost polar bear,24,0,1,0,376,0,2427,0,2,0,0,1000000,0,0,0,0,0,0,0,0,0,0,0,0,0,0,0,0,0,0,1,0,331,,995,0,,1,0,1,1,0,0,0,0
15144,0,bitter_polar_bear,Bitter polar bear,24,0,1,0,378,0,2427,0,2,0,0,1000000,0,0,0,0,0,0,0,0,0,0,0,0,0,0,0,0,0,0,1,0,331,,995,0,,1,0,1,1,0,0,0,0
15145,0,frore_polar_bear,Frore polar bear,24,0,1,0,379,0,2427,0,2,0,0,1000000,0,0,0,0,0,0,0,0,0,0,0,0,0,0,0,0,0,0,1,0,331,,995,0,,1,0,1,1,0,0,0,0
15146,0,crisp_polar_bear,Crisp polar bear,24,0,1,0,380,0,2427,0,2,0,0,1000000,0,0,0,0,0,0,0,0,0,0,0,0,0,0,0,0,0,0,1,0,331,,995,0,,1,0,1,1,0,0,0,0
15147,0,wintery_polar_bear,Wintery polar bear,24,0,1,0,381,0,2427,0,2,0,0,1000000,0,0,0,0,0,0,0,0,0,0,0,0,0,0,0,0,0,0,1,0,331,,995,0,,1,0,1,1,0,0,0,0
15148,0,icy_polar_bear,Icy polar bear,24,0,1,0,382,0,2427,0,2,0,0,1000000,0,0,0,0,0,0,0,0,0,0,0,0,0,0,0,0,0,0,1,0,331,,995,0,,1,0,1,1,0,0,0,0
15149,0,deer_horn,Deer horn,24,0,1,0,102,0,2074,0,2,0,0,1000000,0,0,0,0,0,0,0,0,0,0,0,0,0,0,0,0,0,0,1,0,331,,995,0,,1,0,1,1,0,0,0,0
15150,0,argyle_deer_horn,Argyle deer horn,24,0,1,0,97,0,2074,0,2,0,0,1000000,0,0,0,0,0,0,0,0,0,0,0,0,0,0,0,0,0,0,1,0,331,,995,0,,1,0,1,1,0,0,0,0
15151,0,andiron_deer_horn,Andiron deer horn,24,0,1,0,98,0,2074,0,2,0,0,1000000,0,0,0,0,0,0,0,0,0,0,0,0,0,0,0,0,0,0,1,0,331,,995,0,,1,0,1,1,0,0,0,0
15152,0,manitou_deer_horn,Manitou deer horn,24,0,1,0,99,0,2074,0,2,0,0,1000000,0,0,0,0,0,0,0,0,0,0,0,0,0,0,0,0,0,0,1,0,331,,995,0,,1,0,1,1,0,0,0,0
15153,0,rosemary_deer_horn,Rosemary deer horn,24,0,1,0,100,0,2074,0,2,0,0,1000000,0,0,0,0,0,0,0,0,0,0,0,0,0,0,0,0,0,0,1,0,331,,995,0,,1,0,1,1,0,0,0,0
15154,0,auburn_deer_horn,Auburn deer horn,24,0,1,0,101,0,2074,0,2,0,0,1000000,0,0,0,0,0,0,0,0,0,0,0,0,0,0,0,0,0,0,1,0,331,,995,0,,1,0,1,1,0,0,0,0
15155,0,merioa_deer_horn,Merioa deer horn,24,0,1,0,103,0,2074,0,2,0,0,1000000,0,0,0,0,0,0,0,0,0,0,0,0,0,0,0,0,0,0,1,0,331,,995,0,,1,0,1,1,0,0,0,0
15156,0,framboise_deer_horn,Framboise deer horn,24,0,1,0,104,0,2074,0,2,0,0,1000000,0,0,0,0,0,0,0,0,0,0,0,0,0,0,0,0,0,0,1,0,331,,995,0,,1,0,1,1,0,0,0,0
15157,0,blissful_deer_horn,Blissful deer horn,24,0,1,0,105,0,2074,0,2,0,0,1000000,0,0,0,0,0,0,0,0,0,0,0,0,0,0,0,0,0,0,1,0,331,,995,0,,1,0,1,1,0,0,0,0
15158,0,calimian_deer_horn,Calimian deer horn,24,0,1,0,106,0,2074,0,2,0,0,1000000,0,0,0,0,0,0,0,0,0,0,0,0,0,0,0,0,0,0,1,0,331,,995,0,,1,0,1,1,0,0,0,0
15159,0,sika_deer_horn,Sika deer horn,24,0,1,0,107,0,2074,0,2,0,0,1000000,0,0,0,0,0,0,0,0,0,0,0,0,0,0,0,0,0,0,1,0,331,,995,0,,1,0,1,1,0,0,0,0
15160,0,roe_deer_horn,Roe deer horn,24,0,1,0,108,0,2074,0,2,0,0,1000000,0,0,0,0,0,0,0,0,0,0,0,0,0,0,0,0,0,0,1,0,331,,995,0,,1,0,1,1,0,0,0,0
15161,0,sunda_deer_horn,Sunda deer horn,24,0,1,0,109,0,2074,0,2,0,0,1000000,0,0,0,0,0,0,0,0,0,0,0,0,0,0,0,0,0,0,1,0,331,,995,0,,1,0,1,1,0,0,0,0
15162,0,sambar_deer_horn,Sambar deer horn,24,0,1,0,110,0,2074,0,2,0,0,1000000,0,0,0,0,0,0,0,0,0,0,0,0,0,0,0,0,0,0,1,0,331,,995,0,,1,0,1,1,0,0,0,0
15163,0,fallow_deer_horn,Fallow deer horn,24,0,1,0,112,0,2074,0,2,0,0,1000000,0,0,0,0,0,0,0,0,0,0,0,0,0,0,0,0,0,0,1,0,331,,995,0,,1,0,1,1,0,0,0,0
15164,0,archon_deer_horn,Archon deer horn,24,0,1,0,117,0,2074,0,2,0,0,1000000,0,0,0,0,0,0,0,0,0,0,0,0,0,0,0,0,0,0,1,0,331,,995,0,,1,0,1,1,0,0,0,0
15165,0,fire_deer_horn,Fire deer horn,24,0,1,0,122,0,2074,0,2,0,0,1000000,0,0,0,0,0,0,0,0,0,0,0,0,0,0,0,0,0,0,1,0,331,,995,0,,1,0,1,1,0,0,0,0
15166,0,barasingha_deer_horn,Barasingha deer horn,24,0,1,0,127,0,2074,0,2,0,0,1000000,0,0,0,0,0,0,0,0,0,0,0,0,0,0,0,0,0,0,1,0,331,,995,0,,1,0,1,1,0,0,0,0
15167,0,rusa_deer_horn,Rusa deer horn,24,0,1,0,128,0,2074,28,2,0,0,1000000,0,0,0,0,0,0,0,0,0,0,0,0,0,0,0,0,0,0,1,0,331,,995,0,,1,0,1,1,0,0,0,0
15168,0,doe_horn,Doe horn,24,0,1,0,70,0,2074,0,2,0,0,1000000,0,0,0,0,0,0,0,0,0,0,0,0,0,0,0,0,0,0,1,0,331,,995,0,,1,0,1,1,0,0,0,0
15169,0,brown_doe_horn,Brown doe horn,24,0,1,0,70,0,2074,2,2,0,0,1000000,0,0,0,0,0,0,0,0,0,0,0,0,0,0,0,0,0,0,1,0,331,,995,0,,1,0,1,1,0,0,0,0
15170,0,green_doe_horn,Green doe horn,24,0,1,0,65,0,2074,0,2,0,0,1000000,0,0,0,0,0,0,0,0,0,0,0,0,0,0,0,0,0,0,1,0,331,,995,0,,1,0,1,1,0,0,0,0
15171,0,yellow_doe_horn,Yellow doe horn,24,0,1,0,95,0,2074,0,2,0,0,1000000,0,0,0,0,0,0,0,0,0,0,0,0,0,0,0,0,0,0,1,0,331,,995,0,,1,0,1,1,0,0,0,0
15172,0,black_doe_horn,Black doe horn,24,0,1,0,93,0,2074,0,2,0,0,1000000,0,0,0,0,0,0,0,0,0,0,0,0,0,0,0,0,0,0,1,0,331,,995,0,,1,0,1,1,0,0,0,0
15173,0,white_doe_horn,White doe horn,24,0,1,0,94,0,2074,0,2,0,0,1000000,0,0,0,0,0,0,0,0,0,0,0,0,0,0,0,0,0,0,1,0,331,,995,0,,1,0,1,1,0,0,0,0
15174,0,turtle_shell,Turtle shell,24,0,1,0,129,0,1520,0,2,0,0,1000000,0,0,0,0,0,0,0,0,0,0,0,0,0,0,0,0,0,0,1,0,331,,995,0,,1,0,1,1,0,0,0,0
15175,0,seaweed_turtle_shell,Seaweed turtle shell,24,0,1,0,129,0,1520,0,2,0,0,1000000,0,0,0,0,0,0,0,0,0,0,0,0,0,0,0,0,0,0,1,0,331,,995,0,,1,0,1,1,0,0,0,0
15176,0,sky_turtle_shell,Sky turtle shell,24,0,1,0,130,0,1520,0,2,0,0,1000000,0,0,0,0,0,0,0,0,0,0,0,0,0,0,0,0,0,0,1,0,331,,995,0,,1,0,1,1,0,0,0,0
15177,0,golden_turtle_shell,Golden turtle shell,24,0,1,0,131,0,1520,0,2,0,0,1000000,0,0,0,0,0,0,0,0,0,0,0,0,0,0,0,0,0,0,1,0,331,,995,0,,1,0,1,1,0,0,0,0
15178,0,blush_turtle_shell,Blush turtle shell,24,0,1,0,132,0,1520,0,2,0,0,1000000,0,0,0,0,0,0,0,0,0,0,0,0,0,0,0,0,0,0,1,0,331,,995,0,,1,0,1,1,0,0,0,0
15179,0,copper_turtle_shell,Copper turtle shell,24,0,1,0,133,0,1520,0,2,0,0,1000000,0,0,0,0,0,0,0,0,0,0,0,0,0,0,0,0,0,0,1,0,331,,995,0,,1,0,1,1,0,0,0,0
15180,0,ambergris_turtle_shell,Ambergris turtle shell,24,0,1,0,134,0,1520,0,2,0,0,1000000,0,0,0,0,0,0,0,0,0,0,0,0,0,0,0,0,0,0,1,0,331,,995,0,,1,0,1,1,0,0,0,0
15181,0,floral_turtle_shell,Floral turtle shell,24,0,1,0,135,0,1520,0,2,0,0,1000000,0,0,0,0,0,0,0,0,0,0,0,0,0,0,0,0,0,0,1,0,331,,995,0,,1,0,1,1,0,0,0,0
15182,0,frost_turtle_shell,Frost turtle shell,24,0,1,0,136,0,1520,0,2,0,0,1000000,0,0,0,0,0,0,0,0,0,0,0,0,0,0,0,0,0,0,1,0,331,,995,0,,1,0,1,1,0,0,0,0
15183,0,coral_turtle_shell,Coral turtle shell,24,0,1,0,137,0,1520,0,2,0,0,1000000,0,0,0,0,0,0,0,0,0,0,0,0,0,0,0,0,0,0,1,0,331,,995,0,,1,0,1,1,0,0,0,0
15184,0,coco_turtle_shell,Coco turtle shell,24,0,1,0,138,0,1520,0,2,0,0,1000000,0,0,0,0,0,0,0,0,0,0,0,0,0,0,0,0,0,0,1,0,331,,995,0,,1,0,1,1,0,0,0,0
15185,0,linen_turtle_shell,Linen turtle shell,24,0,1,0,139,0,1520,0,2,0,0,1000000,0,0,0,0,0,0,0,0,0,0,0,0,0,0,0,0,0,0,1,0,331,,995,0,,1,0,1,1,0,0,0,0
15186,0,clay_turtle_shell,Clay turtle shell,24,0,1,0,141,0,1520,0,2,0,0,1000000,0,0,0,0,0,0,0,0,0,0,0,0,0,0,0,0,0,0,1,0,331,,995,0,,1,0,1,1,0,0,0,0
15187,0,sunset_turtle_shell,Sunset turtle shell,24,0,1,0,156,0,1520,0,2,0,0,1000000,0,0,0,0,0,0,0,0,0,0,0,0,0,0,0,0,0,0,1,0,331,,995,0,,1,0,1,1,0,0,0,0
15188,0,holiday_turtle_shell,Holiday turtle shell,24,0,1,0,157,0,1520,0,2,0,0,1000000,0,0,0,0,0,0,0,0,0,0,0,0,0,0,0,0,0,0,1,0,331,,995,0,,1,0,1,1,0,0,0,0
15189,0,emerald_turtle_shell,Emerald turtle shell,24,0,1,0,160,0,1520,16,2,0,0,1000000,0,0,0,0,0,0,0,0,0,0,0,0,0,0,0,0,0,0,1,0,331,,995,0,,1,0,1,1,0,0,0,0
15190,0,panther_collar,Panther collar,24,0,1,0,53,0,2050,0,2,0,0,1000000,0,0,0,0,0,0,0,0,0,0,0,0,0,0,0,0,0,0,1,0,331,,995,0,,1,0,1,1,0,0,0,0
15191,0,midnight_panther_collar,Midnight panther collar,24,0,1,0,33,0,2050,0,2,0,0,1000000,0,0,0,0,0,0,0,0,0,0,0,0,0,0,0,0,0,0,1,0,331,,995,0,,1,0,1,1,0,0,0,0
15192,0,black_panther_collar,Black panther collar,24,0,1,0,53,0,2050,0,2,0,0,1000000,0,0,0,0,0,0,0,0,0,0,0,0,0,0,0,0,0,0,1,0,331,,995,0,,1,0,1,1,0,0,0,0
15193,0,white_panther_collar,White panther collar,24,0,1,0,54,0,2050,0,2,0,0,1000000,0,0,0,0,0,0,0,0,0,0,0,0,0,0,0,0,0,0,1,0,331,,995,0,,1,0,1,1,0,0,0,0
15194,0,yellow_panther_collar,Yellow panther collar,24,0,1,0,55,0,2050,0,2,0,0,1000000,0,0,0,0,0,0,0,0,0,0,0,0,0,0,0,0,0,0,1,0,331,,995,0,,1,0,1,1,0,0,0,0
15195,0,red_panther_collar,Red panther collar,24,0,1,0,56,0,2050,0,2,0,0,1000000,0,0,0,0,0,0,0,0,0,0,0,0,0,0,0,0,0,0,1,0,331,,995,0,,1,0,1,1,0,0,0,0
15196,0,green_panther_collar,Green panther collar,24,0,1,0,57,0,2050,28,2,0,0,1000000,0,0,0,0,0,0,0,0,0,0,0,0,0,0,0,0,0,0,1,0,331,,995,0,,1,0,1,1,0,0,0,0
15197,0,tiger_mount,Tiger mount,24,0,1,0,225,0,3448,0,2,0,0,1000000,0,0,0,0,0,0,0,0,0,0,0,0,0,0,0,0,0,0,1,0,331,,995,0,,1,0,1,1,0,0,0,0
15198,0,black_tiger_mount,Black tiger mount,24,0,1,0,242,0,3448,0,2,0,0,1000000,0,0,0,0,0,0,0,0,0,0,0,0,0,0,0,0,0,0,1,0,331,,995,0,,1,0,1,1,0,0,0,0
15199,0,white_tiger_mount,White tiger mount,24,0,1,0,225,0,3448,0,2,0,0,1000000,0,0,0,0,0,0,0,0,0,0,0,0,0,0,0,0,0,0,1,0,331,,995,0,,1,0,1,1,0,0,0,0
15200,0,brown_tiger_mount,Brown tiger mount,24,0,1,0,227,0,3448,0,2,0,0,1000000,0,0,0,0,0,0,0,0,0,0,0,0,0,0,0,0,0,0,1,0,331,,995,0,,1,0,1,1,0,0,0,0
15201,0,orange_tiger_mount,Orange tiger mount,24,0,1,0,234,0,3448,0,2,0,0,1000000,0,0,0,0,0,0,0,0,0,0,0,0,0,0,0,0,0,0,1,0,331,,995,0,,1,0,1,1,0,0,0,0
15202,0,horned_tiger_mount,Horned tiger mount,24,0,1,0,385,0,3448,0,2,0,0,1000000,0,0,0,0,0,0,0,0,0,0,0,0,0,0,0,0,0,0,1,0,331,,995,0,,1,0,1,1,0,0,0,0
15203,0,purple_bunny_mount,Purple bunny mount,24,0,1,0,456,0,3697,8,2,0,0,1000000,0,0,0,0,0,0,0,0,0,0,0,0,0,0,0,0,0,0,1,0,331,,995,0,,1,0,1,1,0,0,0,0
15204,0,white_bunny_mount,White bunny mount,24,0,1,0,460,0,3697,0,2,0,0,1000000,0,0,0,0,0,0,0,0,0,0,0,0,0,0,0,0,0,0,1,0,331,,995,0,,1,0,1,1,0,0,0,0
15205,0,brown_bunny_mount,Brown bunny mount,24,0,1,0,461,0,3697,0,2,0,0,1000000,0,0,0,0,0,0,0,0,0,0,0,0,0,0,0,0,0,0,1,0,331,,995,0,,1,0,1,1,0,0,0,0
15206,0,eagle_mount,Eagle mount,24,0,1,0,481,0,3571,0,2,0,0,1000000,0,0,0,0,0,0,0,0,0,0,0,0,0,0,0,0,0,0,1,0,331,,995,0,,1,0,1,1,0,0,0,0
15207,0,blue_bull_mount,Blue bull mount,24,0,1,0,515,0,2017,31,2,0,0,1000000,0,0,0,0,0,0,0,0,0,0,0,0,0,0,0,0,0,0,1,0,331,,995,0,,1,0,1,1,0,0,0,0
15208,0,brown_bull_mount,Brown bull mount,24,0,1,0,522,0,2017,1,2,0,0,1000000,0,0,0,0,0,0,0,0,0,0,0,0,0,0,0,0,0,0,1,0,331,,995,0,,1,0,1,1,0,0,0,0
15209,0,black_bull_mount,Black bull mount,24,0,1,0,523,0,2017,0,2,0,0,1000000,0,0,0,0,0,0,0,0,0,0,0,0,0,0,0,0,0,0,1,0,331,,995,0,,1,0,1,1,0,0,0,0
15210,0,white_bull_mount,White bull mount,24,0,1,0,524,0,2017,0,2,0,0,1000000,0,0,0,0,0,0,0,0,0,0,0,0,0,0,0,0,0,0,1,0,331,,995,0,,1,0,1,1,0,0,0,0
15211,0,red_bull_mount,Red bull mount,24,0,1,0,544,0,2017,0,2,0,0,1000000,0,0,0,0,0,0,0,0,0,0,0,0,0,0,0,0,0,0,1,0,331,,995,0,,1,0,1,1,0,0,0,0
15212,0,scorpion_mount,Scorpion mount,24,0,1,0,709,0,1602,0,2,0,0,1000000,0,0,0,0,0,0,0,0,0,0,0,0,0,0,0,0,0,0,1,0,331,,995,0,,1,0,1,1,0,0,0,0
15213,0,black_scorpion_mount,Black scorpion mount,24,0,1,0,733,0,1602,5,2,0,0,1000000,0,0,0,0,0,0,0,0,0,0,0,0,0,0,0,0,0,0,1,0,331,,995,0,,1,0,1,1,0,0,0,0
15214,0,red_scorpion_mount,Red scorpion mount,24,0,1,0,736,0,1602,0,2,0,0,1000000,0,0,0,0,0,0,0,0,0,0,0,0,0,0,0,0,0,0,1,0,331,,995,0,,1,0,1,1,0,0,0,0
15215,0,brown_wolf_mount,Brown wolf mount,24,0,1,0,772,0,3991,26,2,0,0,1000000,0,0,0,0,0,0,0,0,0,0,0,0,0,0,0,0,0,0,1,0,331,,995,0,,1,0,1,1,0,0,0,0
15216,0,black_wolf_mount,Black wolf mount,24,0,1,0,779,0,3991,0,2,0,0,1000000,0,0,0,0,0,0,0,0,0,0,0,0,0,0,0,0,0,0,1,0,331,,995,0,,1,0,1,1,0,0,0,0
15217,0,white_wolf_mount,White wolf mount,24,0,1,0,780,0,3991,0,2,0,0,1000000,0,0,0,0,0,0,0,0,0,0,0,0,0,0,0,0,0,0,1,0,331,,995,0,,1,0,1,1,0,0,0,0
15218,0,purple_bat_mount,Purple bat mount,24,0,1,0,837,0,3130,9,2,0,0,1000000,0,0,0,0,0,0,0,0,0,0,0,0,0,0,0,0,0,0,1,0,331,,995,0,,1,0,1,1,0,0,0,0
15219,0,blue_bat_mount,Blue bat mount,24,0,1,0,838,0,3130,7,2,0,0,1000000,0,0,0,0,0,0,0,0,0,0,0,0,0,0,0,0,0,0,1,0,331,,995,0,,1,0,1,1,0,0,0,0
15220,0,black_bat_mount,Black bat mount,24,0,1,0,840,0,3130,0,2,0,0,1000000,0,0,0,0,0,0,0,0,0,0,0,0,0,0,0,0,0,0,1,0,331,,995,0,,1,0,1,1,0,0,0,0
15221,0,white_bat_mount,White bat mount,24,0,1,0,841,0,3130,1,2,0,0,1000000,0,0,0,0,0,0,0,0,0,0,0,0,0,0,0,0,0,0,1,0,331,,995,0,,1,0,1,1,0,0,0,0
15222,0,green_bat_mount,Green bat mount,24,0,1,0,844,0,3130,4,2,0,0,1000000,0,0,0,0,0,0,0,0,0,0,0,0,0,0,0,0,0,0,1,0,331,,995,0,,1,0,1,1,0,0,0,0
15223,0,purple_snake_mount,Purple snake mount,24,0,1,0,896,0,3442,4,2,0,0,1000000,0,0,0,0,0,0,0,0,0,0,0,0,0,0,0,0,0,0,1,0,331,,995,0,,1,0,1,1,0,0,0,0
15224,0,black_snake_mount,Black snake mount,24,0,1,0,867,0,3442,25,2,0,0,1000000,0,0,0,0,0,0,0,0,0,0,0,0,0,0,0,0,0,0,1,0,331,,995,0,,1,0,1,1,0,0,0,0
15225,0,white_snake_mount,White snake mount,24,0,1,0,868,0,3442,8,2,0,0,1000000,0,0,0,0,0,0,0,0,0,0,0,0,0,0,0,0,0,0,1,0,331,,995,0,,1,0,1,1,0,0,0,0
15226,0,brown_snake_mount,Brown snake mount,24,0,1,0,869,0,3442,9,2,0,0,1000000,0,0,0,0,0,0,0,0,0,0,0,0,0,0,0,0,0,0,1,0,331,,995,0,,1,0,1,1,0,0,0,0
15227,0,green_snake_mount,Green snake mount,24,0,1,0,871,0,3442,11,2,0,0,1000000,0,0,0,0,0,0,0,0,0,0,0,0,0,0,0,0,0,0,1,0,331,,995,0,,1,0,1,1,0,0,0,0
15228,0,black_peacock_mount,Black peacock mount,24,0,1,0,801,0,4563,0,2,0,0,1000000,0,0,0,0,0,0,0,0,0,0,0,0,0,0,0,0,0,0,1,0,331,,995,0,,1,0,1,1,0,0,0,0
15229,0,red_peacock_mount,Red peacock mount,24,0,1,0,806,0,4563,5,2,0,0,1000000,0,0,0,0,0,0,0,0,0,0,0,0,0,0,0,0,0,0,1,0,331,,995,0,,1,0,1,1,0,0,0,0
15230,0,purple_peacock_mount,Purple peacock mount,24,0,1,0,808,0,4563,7,2,0,0,1000000,0,0,0,0,0,0,0,0,0,0,0,0,0,0,0,0,0,0,1,0,331,,995,0,,1,0,1,1,0,0,0,0
15231,0,floral_peacock_mount,Floral peacock mount,24,0,1,0,817,0,4563,16,2,0,0,1000000,0,0,0,0,0,0,0,0,0,0,0,0,0,0,0,0,0,0,1,0,331,,995,0,,1,0,1,1,0,0,0,0
15232,0,blue_peacock_mount,Blue peacock mount,24,0,1,0,814,0,4563,13,2,0,0,1000000,0,0,0,0,0,0,0,0,0,0,0,0,0,0,0,0,0,0,1,0,331,,995,0,,1,0,1,1,0,0,0,0
15233,0,green_peacock_mount,Green peacock mount,24,0,1,0,813,0,4563,12,2,0,0,1000000,0,0,0,0,0,0,0,0,0,0,0,0,0,0,0,0,0,0,1,0,331,,995,0,,1,0,1,1,0,0,0,0
15234,0,green_gama,Green gama,24,0,1,0,418,0,4072,0,2,0,0,1000000,0,0,0,0,0,0,0,0,0,0,0,0,0,0,0,0,0,0,1,0,331,,995,0,,1,0,1,1,0,0,0,0
15235,0,brown_gama,Brown gama,24,0,1,0,419,0,4072,0,2,0,0,1000000,0,0,0,0,0,0,0,0,0,0,0,0,0,0,0,0,0,0,1,0,331,,995,0,,1,0,1,1,0,0,0,0
15236,0,black_gama,Black gama,24,0,1,0,424,0,4072,0,2,0,0,1000000,0,0,0,0,0,0,0,0,0,0,0,0,0,0,0,0,0,0,1,0,331,,995,0,,1,0,1,1,0,0,0,0
15237,0,white_gama,White gama,24,0,1,0,425,0,4072,0,2,0,0,1000000,0,0,0,0,0,0,0,0,0,0,0,0,0,0,0,0,0,0,1,0,331,,995,0,,1,0,1,1,0,0,0,0
15238,0,tan_gama,Tan gama,24,0,1,0,426,0,4072,0,2,0,0,1000000,0,0,0,0,0,0,0,0,0,0,0,0,0,0,0,0,0,0,1,0,331,,995,0,,1,0,1,1,0,0,0,0
15239,0,blue_gama,Blue gama,24,0,1,0,436,0,4072,0,2,0,0,1000000,0,0,0,0,0,0,0,0,0,0,0,0,0,0,0,0,0,0,1,0,331,,995,0,,1,0,1,1,0,0,0,0
15240,0,orange_gama,Orange gama,24,0,1,0,448,0,4072,0,2,0,0,1000000,0,0,0,0,0,0,0,0,0,0,0,0,0,0,0,0,0,0,1,0,331,,995,0,,1,0,1,1,0,0,0,0
15241,0,red_gama,Red gama,24,0,1,0,417,0,4072,0,2,0,0,1000000,0,0,0,0,0,0,0,0,0,0,0,0,0,0,0,0,0,0,1,0,331,,995,0,,1,0,1,1,0,0,0,0
15242,0,green_firetail_mount,Green firetail mount,24,0,1,0,898,0,1522,28,2,0,0,1000000,0,0,0,0,0,0,0,0,0,0,0,0,0,0,0,0,0,0,1,0,331,,995,0,,1,0,1,1,0,0,0,0
15243,0,blue_firetail_mount,Blue firetail mount,24,0,1,0,905,0,1522,12,2,0,0,1000000,0,0,0,0,0,0,0,0,0,0,0,0,0,0,0,0,0,0,1,0,331,,995,0,,1,0,1,1,0,0,0,0
15244,0,brown_firetail_mount,Brown firetail mount,24,0,1,0,906,0,1522,0,2,0,0,1000000,0,0,0,0,0,0,0,0,0,0,0,0,0,0,0,0,0,0,1,0,331,,995,0,,1,0,1,1,0,0,0,0
15245,0,purple_firetail_mount,Purple firetail mount,24,0,1,0,904,0,1522,2,2,0,0,1000000,0,0,0,0,0,0,0,0,0,0,0,0,0,0,0,0,0,0,1,0,331,,995,0,,1,0,1,1,0,0,0,0
15246,0,black_firetail_mount,Black firetail mount,24,0,1,0,907,0,1522,5,2,0,0,1000000,0,0,0,0,0,0,0,0,0,0,0,0,0,0,0,0,0,0,1,0,331,,995,0,,1,0,1,1,0,0,0,0
15247,0,dark_green_firetail_mount,Dark green firetail mount,24,0,1,0,911,0,1522,16,2,0,0,1000000,0,0,0,0,0,0,0,0,0,0,0,0,0,0,0,0,0,0,1,0,331,,995,0,,1,0,1,1,0,0,0,0
15248,0,white_firetail_mount,White firetail mount,24,0,1,0,926,0,1522,6,2,0,0,1000000,0,0,0,0,0,0,0,0,0,0,0,0,0,0,0,0,0,0,1,0,331,,995,0,,1,0,1,1,0,0,0,0
15249,0,gold_firetail_mount,Gold firetail mount,24,0,1,0,927,0,1522,25,2,0,0,1000000,0,0,0,0,0,0,0,0,0,0,0,0,0,0,0,0,0,0,1,0,331,,995,0,,1,0,1,1,0,0,0,0
15250,0,red_firetail_mount,Red firetail mount,24,0,1,0,928,0,1522,4,2,0,0,1000000,0,0,0,0,0,0,0,0,0,0,0,0,0,0,0,0,0,0,1,0,331,,995,0,,1,0,1,1,0,0,0,0
15251,0,stone_firetail_mount,Stone firetail mount,24,0,1,0,900,0,1522,17,2,0,0,1000000,0,0,0,0,0,0,0,0,0,0,0,0,0,0,0,0,0,0,1,0,331,,995,0,,1,0,1,1,0,0,0,0
15252,0,husky_mount,Husky mount,24,0,1,0,929,0,3438,0,2,0,0,1000000,0,0,0,0,0,0,0,0,0,0,0,0,0,0,0,0,0,0,1,0,331,,995,0,,1,0,1,1,0,0,0,0
15253,0,=== NON STANDARD NTK MOUNTS===,==== NON STANDARD NTK MOUNTS====,0,0,1,0,0,0,0,0,2,0,0,1000000,0,0,0,0,0,0,0,0,0,0,0,0,0,0,0,0,0,0,0,0,331,,0,0,,0,0,1,0,0,0,0,0
15254,0,fiery_winter_fox_mount,Fiery winter fox mount,24,0,1,0,1271,0,5100,22,2,0,0,1000000,0,0,0,0,0,0,0,0,0,0,0,0,0,0,0,0,0,0,1,0,331,,995,0,,1,0,1,1,0,0,0,0
15255,0,forest_winter_fox_mount,Forest winter fox mount,24,0,1,0,1273,0,5100,24,2,0,0,1000000,0,0,0,0,0,0,0,0,0,0,0,0,0,0,0,0,0,0,1,0,331,,995,0,,1,0,1,1,0,0,0,0
15256,0,blood_tip_winter_fox_mount,Blood tip winter fox mount,24,0,1,0,1255,0,5100,0,2,0,0,1000000,0,0,0,0,0,0,0,0,0,0,0,0,0,0,0,0,0,0,1,0,331,,995,0,,1,0,1,1,0,0,0,0
15257,0,aqua_tip_winter_fox_mount,Aqua tip winter fox mount,24,0,1,0,1257,0,5100,0,2,0,0,1000000,0,0,0,0,0,0,0,0,0,0,0,0,0,0,0,0,0,0,1,0,331,,995,0,,1,0,1,1,0,0,0,0
15258,0,red_tip_winter_fox_mount,Red tip winter fox mount,24,0,1,0,1258,0,5100,0,2,0,0,1000000,0,0,0,0,0,0,0,0,0,0,0,0,0,0,0,0,0,0,1,0,331,,995,0,,1,0,1,1,0,0,0,0
15259,0,peach_winter_fox_mount,Peach winter fox mount,24,0,1,0,1264,0,5100,15,2,0,0,1000000,0,0,0,0,0,0,0,0,0,0,0,0,0,0,0,0,0,0,1,0,331,,995,0,,1,0,1,1,0,0,0,0
15260,0,twilight_winter_fox_mount,Twilight winter fox mount,24,0,1,0,1265,0,5100,16,2,0,0,1000000,0,0,0,0,0,0,0,0,0,0,0,0,0,0,0,0,0,0,1,0,331,,995,0,,1,0,1,1,0,0,0,0
15261,0,steel_winter_fox_mount,Steel winter fox mount,24,0,1,0,1266,0,5100,17,2,0,0,1000000,0,0,0,0,0,0,0,0,0,0,0,0,0,0,0,0,0,0,1,0,331,,995,0,,1,0,1,1,0,0,0,0
15262,0,black_tip_winter_fox_mount,Black tip winter fox mount,24,0,1,0,1267,0,5100,10,2,0,0,1000000,0,0,0,0,0,0,0,0,0,0,0,0,0,0,0,0,0,0,1,0,331,,995,0,,1,0,1,1,0,0,0,0
15263,0,blue_rooster_mount,Blue rooster mount,24,0,1,0,596,0,1522,0,2,0,0,1000000,0,0,0,0,0,0,0,0,0,0,0,0,0,0,0,0,1,0,1,0,331,,995,0,,1,0,1,1,0,0,0,0
15264,0,,,0,0,1,0,0,0,0,0,2,0,0,1000000,0,0,0,0,0,0,0,0,0,0,0,0,0,0,0,0,0,0,0,0,331,,0,0,,0,0,1,0,0,0,0,0
15265,0,,,0,0,1,0,0,0,0,0,2,0,0,1000000,0,0,0,0,0,0,0,0,0,0,0,0,0,0,0,0,0,0,0,0,331,,0,0,,0,0,1,0,0,0,0,0
15266,0,,,0,0,1,0,0,0,0,0,2,0,0,1000000,0,0,0,0,0,0,0,0,0,0,0,0,0,0,0,0,0,0,0,0,331,,0,0,,0,0,1,0,0,0,0,0
15267,0,,,0,0,1,0,0,0,0,0,2,0,0,1000000,0,0,0,0,0,0,0,0,0,0,0,0,0,0,0,0,0,0,0,0,331,,0,0,,0,0,1,0,0,0,0,0
15268,0,,,0,0,1,0,0,0,0,0,2,0,0,1000000,0,0,0,0,0,0,0,0,0,0,0,0,0,0,0,0,0,0,0,0,331,,0,0,,0,0,1,0,0,0,0,0
15269,0,,,0,0,1,0,0,0,0,0,2,0,0,1000000,0,0,0,0,0,0,0,0,0,0,0,0,0,0,0,0,0,0,0,0,331,,0,0,,0,0,1,0,0,0,0,0
15270,0,,,0,0,1,0,0,0,0,0,2,0,0,1000000,0,0,0,0,0,0,0,0,0,0,0,0,0,0,0,0,0,0,0,0,331,,0,0,,0,0,1,0,0,0,0,0
16000,0,==== PREMIUM ITEM SKINS ====,==== PREMIUM ITEM SKINS =====,0,0,1,0,0,0,0,0,2,0,0,1000000,0,0,0,0,0,0,0,0,0,0,0,0,0,0,0,0,0,0,0,0,331,,0,0,,0,0,1,0,0,0,0,0
16001,0,forsaken_orb_blade,Forsaken orb blade,27,3,1,0,383,0,5209,0,2,0,0,1000000,0,0,0,0,0,0,0,0,0,0,0,0,0,0,0,0,0,0,1,0,331,,500,0,,1,1,0,1,0,0,0,0
16002,0,forsaken_orb_sabre,Forsaken orb sabre,27,3,1,0,381,0,5207,0,2,0,0,1000000,0,0,0,0,0,0,0,0,0,0,0,0,0,0,0,0,0,0,1,0,331,,500,0,,1,1,0,1,0,0,0,0
16003,0,shadowsteel_claymore,Shadowsteel claymore,27,3,1,0,361,0,5108,0,2,0,0,1000000,0,0,0,0,0,0,0,0,0,0,0,0,0,0,0,0,0,0,1,0,331,,500,0,,1,1,0,1,0,0,0,0
16004,0,cursed_soul_reaver,Cursed soul reaver,27,3,1,0,364,0,5066,0,2,0,0,1000000,0,0,0,0,0,0,0,0,0,0,0,0,0,0,0,0,0,0,0,0,331,,500,0,,1,1,0,1,0,0,0,0
16005,0,yearn_blade,Yearn blade,27,3,1,0,393,0,5343,0,2,0,0,1000000,0,0,0,0,0,0,0,0,0,0,0,0,0,0,0,0,0,0,0,0,331,,500,0,,1,1,0,1,0,0,0,0
16006,0,mourn_blade,Mourn blade,27,3,1,0,394,0,5344,0,2,0,0,1000000,0,0,0,0,0,0,0,0,0,0,0,0,0,0,0,0,0,0,0,0,331,,500,0,,1,1,0,1,0,0,0,0
16007,0,tiger_blitz,Tiger blitz,27,3,1,0,396,0,5367,0,2,0,0,1000000,0,0,0,0,0,0,0,0,0,0,0,0,0,0,0,0,0,0,0,0,331,,900,0,,1,1,0,1,0,0,0,0
16008,0,bear_blitz,Bear blitz,27,3,1,0,395,0,5366,0,2,0,0,1000000,0,0,0,0,0,0,0,0,0,0,0,0,0,0,0,0,0,0,0,0,331,,900,0,,1,1,0,1,0,0,0,0
16009,0,rose_bouquet_bundle,Rose bouquet bundle,27,3,1,0,424,0,5752,0,2,0,0,1000000,0,0,0,0,0,0,0,0,0,0,0,0,0,0,0,0,0,0,0,0,331,,500,0,,1,1,0,1,0,0,0,0
16010,0,broom_stick,Broom stick,27,3,1,0,355,0,4924,0,2,0,0,1000000,0,0,0,0,0,0,0,0,0,0,0,0,0,0,0,0,0,0,0,0,331,,235,0,,1,1,0,1,0,0,0,0
16011,0,smoke_fury,Smoke fury,27,3,1,0,422,0,5739,0,2,0,0,1000000,0,0,0,0,0,0,0,0,0,0,0,0,0,0,0,0,0,0,0,0,331,,600,0,,1,1,0,1,0,0,0,0
16012,0,saber_claw,Saber claw,27,3,1,0,368,0,5084,0,2,0,0,1000000,0,0,0,0,0,0,0,0,0,0,0,0,0,0,0,0,0,0,0,0,331,,600,0,,1,1,0,1,0,0,0,0
16013,0,pink_stuffed_bunny,Pink stuffed bunny,27,3,1,0,320,0,4288,0,2,0,0,1000000,0,0,0,0,0,0,0,0,0,0,0,0,0,0,0,0,0,0,0,0,331,,350,0,,1,1,0,1,0,0,0,0
16014,0,azure_stuffed_bunny,Azure stuffed bunny,27,3,1,0,320,29,4288,29,2,0,0,1000000,0,0,0,0,0,0,0,0,0,0,0,0,0,0,0,0,0,0,0,0,331,,350,0,,1,1,0,1,0,0,0,0
16015,0,yellow_stuffed_bunny,Yellow stuffed bunny,27,3,1,0,320,9,4288,9,2,0,0,1000000,0,0,0,0,0,0,0,0,0,0,0,0,0,0,0,0,0,0,0,0,331,,350,0,,1,1,0,1,0,0,0,0
16016,0,lime_stuffed_bunny,Lime stuffed bunny,27,3,1,0,320,11,4288,11,2,0,0,1000000,0,0,0,0,0,0,0,0,0,0,0,0,0,0,0,0,0,0,0,0,331,,350,0,,1,1,0,1,0,0,0,0
16017,0,patchwork_stuffed_bunny,Patchwork stuffed bunny,27,3,1,0,320,6,4288,6,2,0,0,1000000,0,0,0,0,0,0,0,0,0,0,0,0,0,0,0,0,0,0,0,0,331,,350,0,,1,1,0,1,0,0,0,0
16018,0,white_stuffed_bunny,White stuffed bunny,27,3,1,0,320,22,4288,22,2,0,0,1000000,0,0,0,0,0,0,0,0,0,0,0,0,0,0,0,0,0,0,0,0,331,,350,0,,1,1,0,1,0,0,0,0
16019,0,red_stuffed_bunny,Red stuffed bunny,27,3,1,0,320,10,4288,10,2,0,0,1000000,0,0,0,0,0,0,0,0,0,0,0,0,0,0,0,0,0,0,0,0,331,,350,0,,1,1,0,1,0,0,0,0
16020,0,blue_stuffed_bunny,Blue stuffed bunny,27,3,1,0,320,3,4288,3,2,0,0,1000000,0,0,0,0,0,0,0,0,0,0,0,0,0,0,0,0,0,0,0,0,331,,350,0,,1,1,0,1,0,0,0,0
16021,0,tan_stuffed_bunny,Tan stuffed bunny,27,3,1,0,320,22,4288,22,2,0,0,1000000,0,0,0,0,0,0,0,0,0,0,0,0,0,0,0,0,0,0,0,0,331,,350,0,,1,1,0,1,0,0,0,0
16022,0,green_stuffed_bunny,Green stuffed bunny,27,3,1,0,320,1,4288,1,2,0,0,1000000,0,0,0,0,0,0,0,0,0,0,0,0,0,0,0,0,0,0,0,0,331,,350,0,,1,1,0,1,0,0,0,0
16023,0,purple_stuffed_bunny,Purple stuffed bunny,27,3,1,0,320,30,4288,30,2,0,0,1000000,0,0,0,0,0,0,0,0,0,0,0,0,0,0,0,0,0,0,0,0,331,,350,0,,1,1,0,1,0,0,0,0
16024,0,black_stuffed_bunny,Black stuffed bunny,27,3,1,0,320,7,4288,7,2,0,0,1000000,0,0,0,0,0,0,0,0,0,0,0,0,0,0,0,0,0,0,0,0,331,,350,0,,1,1,0,1,0,0,0,0
16025,0,,,0,0,1,0,0,0,0,0,2,0,0,1000000,0,0,0,0,0,0,0,0,0,0,0,0,0,0,0,0,0,0,0,0,331,,0,0,,0,0,1,0,0,0,0,0
16026,0,,,0,0,1,0,0,0,0,0,2,0,0,1000000,0,0,0,0,0,0,0,0,0,0,0,0,0,0,0,0,0,0,0,0,331,,0,0,,0,0,1,0,0,0,0,0
16027,0,,,0,0,1,0,0,0,0,0,2,0,0,1000000,0,0,0,0,0,0,0,0,0,0,0,0,0,0,0,0,0,0,0,0,331,,0,0,,0,0,1,0,0,0,0,0
16028,0,,,0,0,1,0,0,0,0,0,2,0,0,1000000,0,0,0,0,0,0,0,0,0,0,0,0,0,0,0,0,0,0,0,0,331,,0,0,,0,0,1,0,0,0,0,0
16029,0,,,0,0,1,0,0,0,0,0,2,0,0,1000000,0,0,0,0,0,0,0,0,0,0,0,0,0,0,0,0,0,0,0,0,331,,0,0,,0,0,1,0,0,0,0,0
16030,0,,,0,0,1,0,0,0,0,0,2,0,0,1000000,0,0,0,0,0,0,0,0,0,0,0,0,0,0,0,0,0,0,0,0,331,,0,0,,0,0,1,0,0,0,0,0
16031,0,,,0,0,1,0,0,0,0,0,2,0,0,1000000,0,0,0,0,0,0,0,0,0,0,0,0,0,0,0,0,0,0,0,0,331,,0,0,,0,0,1,0,0,0,0,0
16032,0,,,0,0,1,0,0,0,0,0,2,0,0,1000000,0,0,0,0,0,0,0,0,0,0,0,0,0,0,0,0,0,0,0,0,331,,0,0,,0,0,1,0,0,0,0,0
16033,0,,,0,0,1,0,0,0,0,0,2,0,0,1000000,0,0,0,0,0,0,0,0,0,0,0,0,0,0,0,0,0,0,0,0,331,,0,0,,0,0,1,0,0,0,0,0
16034,0,,,0,0,1,0,0,0,0,0,2,0,0,1000000,0,0,0,0,0,0,0,0,0,0,0,0,0,0,0,0,0,0,0,0,331,,0,0,,0,0,1,0,0,0,0,0
16035,0,,,0,0,1,0,0,0,0,0,2,0,0,1000000,0,0,0,0,0,0,0,0,0,0,0,0,0,0,0,0,0,0,0,0,331,,0,0,,0,0,1,0,0,0,0,0
16036,0,,,0,0,1,0,0,0,0,0,2,0,0,1000000,0,0,0,0,0,0,0,0,0,0,0,0,0,0,0,0,0,0,0,0,331,,0,0,,0,0,1,0,0,0,0,0
16037,0,,,0,0,1,0,0,0,0,0,2,0,0,1000000,0,0,0,0,0,0,0,0,0,0,0,0,0,0,0,0,0,0,0,0,331,,0,0,,0,0,1,0,0,0,0,0
16038,0,,,0,0,1,0,0,0,0,0,2,0,0,1000000,0,0,0,0,0,0,0,0,0,0,0,0,0,0,0,0,0,0,0,0,331,,0,0,,0,0,1,0,0,0,0,0
16039,0,,,0,0,1,0,0,0,0,0,2,0,0,1000000,0,0,0,0,0,0,0,0,0,0,0,0,0,0,0,0,0,0,0,0,331,,0,0,,0,0,1,0,0,0,0,0
16040,0,,,0,0,1,0,0,0,0,0,2,0,0,1000000,0,0,0,0,0,0,0,0,0,0,0,0,0,0,0,0,0,0,0,0,331,,0,0,,0,0,1,0,0,0,0,0
17000,0,===PREMIUM====,====PREMIUM====,0,0,1,0,0,0,0,0,2,0,0,1000000,0,0,0,0,0,0,0,0,0,0,0,0,0,0,0,0,0,0,0,0,331,,0,0,,0,0,1,0,0,0,0,0
17001,0,item_protection_i,Item protection I,18,0,1,0,0,0,2878,0,2,0,0,1,0,0,0,0,0,0,0,0,0,0,0,0,0,0,0,0,0,0,1,0,331,,100,0,,1,0,0,1,0,0,0,0
17002,0,item_protection_ii,Item protection II,18,0,1,0,0,0,2878,0,2,0,0,2,0,0,0,0,0,0,0,0,0,0,0,0,0,0,0,0,0,0,1,0,331,,180,0,,1,0,0,1,0,0,0,0
17003,0,Item_protection_iii,Item protection III,18,0,1,0,0,0,2878,0,2,0,0,3,0,0,0,0,0,0,0,0,0,0,0,0,0,0,0,0,0,0,1,0,331,,250,0,,1,0,0,1,0,0,0,0
17004,0,item_protection_v,Item protection V,18,0,1,0,0,0,2878,0,2,0,0,5,0,0,0,0,0,0,0,0,0,0,0,0,0,0,0,0,0,0,1,0,331,,400,0,,1,0,0,1,0,0,0,0
17005,0,butterfly_wing,Butterfly wing,4,0,1,0,0,0,5010,0,2,0,0,1000000,0,0,0,0,0,0,0,0,0,0,0,0,0,0,0,0,0,0,1,0,331,,0,0,,1,1,0,1,0,0,0,0
17006,0,random_mount_i,Random mount I,18,0,1,0,0,0,3626,0,2,0,0,1000000,0,0,0,0,0,0,0,0,0,0,0,0,0,0,0,0,0,0,1,0,331,,535,0,,1,0,0,1,0,0,0,0
17007,0,random_mount_ii,Random mount II,18,0,1,0,0,0,3626,1,2,0,0,1000000,0,0,0,0,0,0,0,0,0,0,0,0,0,0,0,0,0,0,1,0,331,,535,0,,1,0,0,1,0,0,0,0
17008,0,random_mount_iii,Random mount III,18,0,1,0,0,0,3626,3,2,0,0,1000000,0,0,0,0,0,0,0,0,0,0,0,0,0,0,0,0,0,0,1,0,331,,535,0,,1,0,0,1,0,0,0,0
17009,0,easter_gift_box,Empty gift box,18,0,1,0,0,0,3627,2,2,0,0,1000000,0,0,0,0,0,0,0,0,0,0,0,0,0,0,0,0,0,0,1,0,331,,0,0,,1,0,0,1,0,0,0,0
17010,0,easter_basket,Easter basket,18,0,1,0,0,0,5261,0,2,0,0,1000000,0,0,0,0,0,0,0,0,0,0,0,0,0,0,0,0,0,0,1,0,331,,0,0,,1,0,0,1,0,0,0,0
17011,0,easter_egg,Easter egg,18,0,1,0,0,0,3697,24,2,0,0,1000000,0,0,0,0,0,0,0,0,0,0,0,0,0,0,0,0,0,0,1,0,331,,0,0,,1,0,0,1,0,0,0,0
17012,0,empty_wool_bag,Empty wool bag,18,0,1,0,0,0,2232,9,2,0,0,1,0,0,0,0,0,0,0,0,0,0,0,0,0,0,0,0,0,0,1,0,331,,925,0,,1,0,0,1,0,0,0,0
17013,0,empty_amber_bag,Empty amber bag,18,0,1,0,0,0,2232,5,2,0,0,1,0,0,0,0,0,0,0,0,0,0,0,0,0,0,0,0,0,0,1,0,331,,925,0,,1,0,0,1,0,0,0,0
17014,0,crafting_stone,Crafting stone,18,0,1,0,0,0,1771,2,2,0,0,1,0,0,0,0,0,0,0,0,0,0,0,0,0,0,0,0,0,0,1,0,331,,400,0,Boosts your crafting experience for 2 hours,1,1,0,1,0,0,0,0
17015,0,empty_cloth_bag,Empty cloth bag,18,0,1,0,0,0,2232,13,2,0,0,1,0,0,0,0,0,0,0,0,0,0,0,0,0,0,0,0,0,0,1,0,331,,925,0,,1,0,0,1,0,0,0,0
17016,0,empty_farmers_bag,Empty farmers bag,18,0,1,0,0,0,2232,6,2,0,0,1,0,0,0,0,0,0,0,0,0,0,0,0,0,0,0,0,0,0,1,0,331,,925,0,,1,0,0,1,0,0,0,0
17017,0,empty_fish_bag,Empty fish bag,18,0,1,0,0,0,2232,0,2,0,0,1,0,0,0,0,0,0,0,0,0,0,0,0,0,0,0,0,0,0,1,0,331,,925,0,,1,0,0,1,0,0,0,0
17018,0,empty_food_bag,Empty food bag,18,0,1,0,0,0,2232,12,2,0,0,1,0,0,0,0,0,0,0,0,0,0,0,0,0,0,0,0,0,0,1,0,331,,925,0,,1,0,0,1,0,0,0,0
17019,0,empty_meat_bag,Empty meat bag,18,0,1,0,0,0,2232,22,2,0,0,1,0,0,0,0,0,0,0,0,0,0,0,0,0,0,0,0,0,0,1,0,331,,925,0,,1,0,0,1,0,0,0,0
17020,0,empty_ginko_bag,Empty ginko bag,18,0,1,0,0,0,2232,3,2,0,0,1,0,0,0,0,0,0,0,0,0,0,0,0,0,0,0,0,0,0,1,0,331,,925,0,,1,0,0,1,0,0,0,0
17021,0,empty_metal_bag,Empty metal bag,18,0,1,0,0,0,2232,25,2,0,0,1,0,0,0,0,0,0,0,0,0,0,0,0,0,0,0,0,0,0,1,0,331,,925,0,,1,0,0,1,0,0,0,0
17022,0,empty_ore_bag,Empty ore bag,18,0,1,0,0,0,2232,12,2,0,0,1,0,0,0,0,0,0,0,0,0,0,0,0,0,0,0,0,0,0,1,0,331,,925,0,,1,0,0,1,0,0,0,0
17023,0,cleanse_alignment,Cleanse alignment,18,0,1,0,0,0,3643,0,2,0,0,1,0,0,0,0,0,0,0,0,0,0,0,0,0,0,0,0,0,0,1,0,331,,595,0,,1,0,0,1,0,0,0,0
17024,0,amber_bag,Amber bag,21,0,1,0,0,0,2232,5,2,0,0,500,0,0,0,0,0,0,0,0,0,0,0,0,0,0,0,0,0,0,1,0,331,,0,0,,1,0,0,1,0,0,0,0
17025,0,crafted_amber_bag,Cftd ambr bag,21,0,1,0,0,0,2232,5,2,0,0,500,0,0,0,0,0,0,0,0,0,0,0,0,0,0,0,0,0,0,1,0,331,,0,0,,1,0,0,1,0,0,0,0
17026,0,well_crafted_amber_bag,Well cftd ambr bag,21,0,1,0,0,0,2232,5,2,0,0,500,0,0,0,0,0,0,0,0,0,0,0,0,0,0,0,0,0,0,1,0,331,,0,0,,1,0,0,1,0,0,0,0
17027,0,dark_amber_bag,Dk ambr bag,21,0,1,0,0,0,2232,30,2,0,0,500,0,0,0,0,0,0,0,0,0,0,0,0,0,0,0,0,0,0,1,0,331,,0,0,,1,0,0,1,0,0,0,0
17028,0,crafted_dark_amber_bag,Cftd dk ambr bag,21,0,1,0,0,0,2232,30,2,0,0,500,0,0,0,0,0,0,0,0,0,0,0,0,0,0,0,0,0,0,1,0,331,,0,0,,1,0,0,1,0,0,0,0
17029,0,white_amber_bag,Wt amber bag,21,0,1,0,0,0,2232,20,2,0,0,100,0,0,0,0,0,0,0,0,0,0,0,0,0,0,0,0,0,0,1,0,331,,0,0,,1,0,0,1,0,0,0,0
17030,0,crafted_white_amber_bag,Cftd wt amber bag,21,0,1,0,0,0,2232,20,2,0,0,100,0,0,0,0,0,0,0,0,0,0,0,0,0,0,0,0,0,0,1,0,331,,0,0,,1,0,0,1,0,0,0,0
17031,0,well_crafted_white_amber_bag,Well cftd wt amber bag,21,0,1,0,0,0,2232,20,2,0,0,100,0,0,0,0,0,0,0,0,0,0,0,0,0,0,0,0,0,0,1,0,331,,0,0,,1,0,0,1,0,0,0,0
17032,0,yellow_amber_bag,Yw ambr bag,21,0,1,0,0,0,2232,21,2,0,0,100,0,0,0,0,0,0,0,0,0,0,0,0,0,0,0,0,0,0,1,0,331,,0,0,,1,0,0,1,0,0,0,0
17033,0,crafted_yellow_amber_bag,Cftd yw ambr bag,21,0,1,0,0,0,2232,21,2,0,0,100,0,0,0,0,0,0,0,0,0,0,0,0,0,0,0,0,0,0,1,0,331,,0,0,,1,0,0,1,0,0,0,0
17034,0,well_crafted_yellow_amber_bag,Well cftd yw ambr bag,21,0,1,0,0,0,2232,21,2,0,0,100,0,0,0,0,0,0,0,0,0,0,0,0,0,0,0,0,0,0,1,0,331,,0,0,,1,0,0,1,0,0,0,0
17035,0,wool_bag,Wool bag,21,0,1,0,0,0,2232,9,2,0,0,125,0,0,0,0,0,0,0,0,0,0,0,0,0,0,0,0,0,0,1,0,331,,0,0,,1,0,0,1,0,0,0,0
17036,0,ore_poor_bag,Ore [poor] bag,21,0,1,0,0,0,2232,12,2,0,0,125,0,0,0,0,0,0,0,0,0,0,0,0,0,0,0,0,0,0,1,0,331,,0,0,,1,0,0,1,0,0,0,0
17037,0,ore_med_bag,Ore [med] bag,21,0,1,0,0,0,2232,12,2,0,0,125,0,0,0,0,0,0,0,0,0,0,0,0,0,0,0,0,0,0,1,0,331,,0,0,,1,0,0,1,0,0,0,0
17038,0,ore_high_bag,Ore [high] bag,21,0,1,0,0,0,2232,12,2,0,0,125,0,0,0,0,0,0,0,0,0,0,0,0,0,0,0,0,0,0,1,0,331,,0,0,,1,0,0,1,0,0,0,0
17039,0,ore_very_high_bag,Ore [Very high] bag,21,0,1,0,0,0,2232,12,2,0,0,125,0,0,0,0,0,0,0,0,0,0,0,0,0,0,0,0,0,0,1,0,331,,0,0,,1,0,0,1,0,0,0,0
17040,0,ginko_bag,Ginko bag,21,0,1,0,0,0,2232,3,2,0,0,150,0,0,0,0,0,0,0,0,0,0,0,0,0,0,0,0,0,0,1,0,331,,0,0,,1,0,0,1,0,0,0,0
17041,0,cloth_bag,Cloth bag,21,0,1,0,0,0,2232,13,2,0,0,100,0,0,0,0,0,0,0,0,0,0,0,0,0,0,0,0,0,0,1,0,331,,0,0,,1,0,0,1,0,0,0,0
17042,0,fine_cloth_bag,Fine cloth bag,21,0,1,0,0,0,2232,13,2,0,0,100,0,0,0,0,0,0,0,0,0,0,0,0,0,0,0,0,0,0,1,0,331,,0,0,,1,0,0,1,0,0,0,0
17043,0,beef_bag,Beef bag,21,0,1,0,0,0,2232,22,2,0,0,100,0,0,0,0,0,0,0,0,0,0,0,0,0,0,0,0,0,0,1,0,331,,0,0,,1,0,0,1,0,0,0,0
17044,0,lean_beef_bag,Lean beef bag,21,0,1,0,0,0,2232,22,2,0,0,100,0,0,0,0,0,0,0,0,0,0,0,0,0,0,0,0,0,0,1,0,331,,0,0,,1,0,0,1,0,0,0,0
17045,0,rare_pork_bag,Rare pork bag,21,0,1,0,0,0,2232,22,2,0,0,100,0,0,0,0,0,0,0,0,0,0,0,0,0,0,0,0,0,0,1,0,331,,0,0,,1,0,0,1,0,0,0,0
17046,0,egg_bag,Egg bag,21,0,1,0,0,0,2232,22,2,0,0,60,0,0,0,0,0,0,0,0,0,0,0,0,0,0,0,0,0,0,1,0,331,,0,0,,1,0,0,1,0,0,0,0
17047,0,metal_bag,Metal bag,21,0,1,0,0,0,2232,25,2,0,0,110,0,0,0,0,0,0,0,0,0,0,0,0,0,0,0,0,0,0,1,0,331,,0,0,,1,0,0,1,0,0,0,0
17048,0,fine_metal_bag,Fine metal bag,21,0,1,0,0,0,2232,25,2,0,0,110,0,0,0,0,0,0,0,0,0,0,0,0,0,0,0,0,0,0,1,0,331,,0,0,,1,0,0,1,0,0,0,0
17049,0,scrawny_fish_bag,Scrawny fish bag,21,0,1,0,0,0,2232,0,2,0,0,50,0,0,0,0,0,0,0,0,0,0,0,0,0,0,0,0,0,0,1,0,331,,0,0,,1,0,0,1,0,0,0,0
17050,0,tiny_fish_bag,Tiny fish bag,21,0,1,0,0,0,2232,0,2,0,0,50,0,0,0,0,0,0,0,0,0,0,0,0,0,0,0,0,0,0,1,0,331,,0,0,,1,0,0,1,0,0,0,0
17051,0,small_fish_bag,Small fish bag,21,0,1,0,0,0,2232,0,2,0,0,50,0,0,0,0,0,0,0,0,0,0,0,0,0,0,0,0,0,0,1,0,331,,0,0,,1,0,0,1,0,0,0,0
17052,0,large_fish_bag,Large fish bag,21,0,1,0,0,0,2232,0,2,0,0,50,0,0,0,0,0,0,0,0,0,0,0,0,0,0,0,0,0,0,1,0,331,,0,0,,1,0,0,1,0,0,0,0
17053,0,tasty_fish_bag,Tasty fish bag,21,0,1,0,0,0,2232,0,2,0,0,50,0,0,0,0,0,0,0,0,0,0,0,0,0,0,0,0,0,0,1,0,331,,0,0,,1,0,0,1,0,0,0,0
17054,0,delicious_fish_bag,Delicious fish bag,21,0,1,0,0,0,2232,0,2,0,0,50,0,0,0,0,0,0,0,0,0,0,0,0,0,0,0,0,0,0,1,0,331,,0,0,,1,0,0,1,0,0,0,0
17055,0,well_crafted_dark_amber_bag,Well Cftd dark amber bag,21,0,1,0,0,0,2232,30,2,0,0,500,0,0,0,0,0,0,0,0,0,0,0,0,0,0,0,0,0,0,1,0,331,,0,0,,1,0,0,1,0,0,0,0
17056,0,wheat_bag,Wheat bag,18,0,1,0,0,0,2232,6,2,0,0,125,0,0,0,0,0,0,0,0,0,0,0,0,0,0,0,0,0,0,1,0,331,,0,0,,1,0,0,1,0,0,0,0
17057,0,peas_bag,Peas bag,18,0,1,0,0,0,2232,6,2,0,0,125,0,0,0,0,0,0,0,0,0,0,0,0,0,0,0,0,0,0,1,0,331,,0,0,,1,0,0,1,0,0,0,0
17058,0,Rice bag,Rice bag,18,0,1,0,0,0,2232,6,2,0,0,125,0,0,0,0,0,0,0,0,0,0,0,0,0,0,0,0,0,0,1,0,331,,0,0,,1,0,0,1,0,0,0,0
17059,0,name_change_voucher,Name change voucher,18,0,1,0,0,0,277,0,2,0,0,1000000,0,0,0,0,0,0,0,0,0,0,0,0,0,0,0,0,0,0,1,0,331,,495,0,,1,1,0,1,0,0,0,0
17060,0,skill_assessment,Skill assessment,18,0,1,0,0,0,277,0,2,0,0,1000000,0,0,0,0,0,0,0,0,0,0,0,0,0,0,0,0,0,0,1,0,331,,50,0,,1,1,0,1,0,0,0,0
17061,0,scale_mail_coat,Scalemail Coat,16,0,1,0,210,0,120,0,0,1,0,100000,0,0,0,0,0,0,0,0,0,0,0,0,0,0,0,0,0,0,1,0,331,,395,0,,1,1,0,1,0,0,0,0
17062,0,war_platemail_coat,Platemail Coat,16,0,1,0,12,0,139,0,0,1,0,100000,0,0,0,0,0,0,0,0,0,0,0,0,0,0,0,0,0,0,1,0,331,,395,0,,1,1,0,1,0,0,0,0
17063,0,scale_dress_coat,Scale Dress Coat,16,0,1,0,211,0,180,0,1,1,0,100000,0,0,0,0,0,0,0,0,0,0,0,0,0,0,0,0,0,0,1,0,331,,395,0,,1,1,0,1,0,0,0,0
17064,0,war_dress_coat,War Dress Coat,16,0,1,0,13,0,199,0,1,1,0,100000,0,0,0,0,0,0,0,0,0,0,0,0,0,0,0,0,0,0,1,0,331,,395,0,,1,1,0,1,0,0,0,0
17065,0,waistcoat_coat,Waistcoat Coat,16,0,1,0,2,0,89,0,0,1,0,100000,0,0,0,0,0,0,0,0,0,0,0,0,0,0,0,0,0,0,1,0,331,,395,0,,1,1,0,1,0,0,0,0
17066,0,blouse_coat,Blouse Coat,16,0,1,0,7,0,159,0,1,1,0,100000,0,0,0,0,0,0,0,0,0,0,0,0,0,0,0,0,0,0,1,0,331,,395,0,,1,1,0,1,0,0,0,0
17067,0,armor_coat,Armor Coat,16,0,1,0,4,0,109,0,0,1,0,100000,0,0,0,0,0,0,0,0,0,0,0,0,0,0,0,0,0,0,1,0,331,,395,0,,1,1,0,1,0,0,0,0
17068,0,armor_dress_coat,Armor Dress Coat,16,0,1,0,8,0,169,0,1,1,0,100000,0,0,0,0,0,0,0,0,0,0,0,0,0,0,0,0,0,0,1,0,331,,395,0,,1,1,0,1,0,0,0,0
17069,0,garb_coat,Garb Coat,16,0,1,0,3,0,99,0,0,1,0,100000,0,0,0,0,0,0,0,0,0,0,0,0,0,0,0,0,0,0,1,0,331,,395,0,,1,1,0,1,0,0,0,0
17070,0,dress_coat,Dress Coat,16,0,1,0,6,0,149,0,1,1,0,100000,0,0,0,0,0,0,0,0,0,0,0,0,0,0,0,0,0,0,1,0,331,,395,0,,1,1,0,1,0,0,0,0
17071,0,skirt_coat,Skirt Coat,16,0,1,0,11,0,189,0,1,1,0,100000,0,0,0,0,0,0,0,0,0,0,0,0,0,0,0,0,0,0,1,0,331,,395,0,,1,1,0,1,0,0,0,0
17072,0,clothes_coat,Clothes Coat,16,0,1,0,10,0,129,0,0,1,0,100000,0,0,0,0,0,0,0,0,0,0,0,0,0,0,0,0,0,0,1,0,331,,395,0,,1,1,0,1,0,0,0,0
17073,0,robes_coat,Robes Coat,16,0,1,0,20,0,469,0,0,1,0,100000,0,0,0,0,0,0,0,0,0,0,0,0,0,0,0,0,0,0,1,0,331,,395,0,,1,1,0,1,0,0,0,0
17074,0,gown_coat,Gown Coat,16,0,1,0,18,0,450,0,1,1,0,100000,0,0,0,0,0,0,0,0,0,0,0,0,0,0,0,0,0,0,1,0,331,,395,0,,1,1,0,1,0,0,0,0
17075,0,mantle_coat,Mantle Coat,16,0,1,0,21,0,491,0,0,1,0,100000,0,0,0,0,0,0,0,0,0,0,0,0,0,0,0,0,0,0,1,0,331,,395,0,,1,1,0,1,0,0,0,0
17076,0,drapery_coat,Drapery Coat,16,0,1,0,27,0,581,0,1,1,0,100000,0,0,0,0,0,0,0,0,0,0,0,0,0,0,0,0,0,0,1,0,331,,395,0,,1,1,0,1,0,0,0,0
17077,0,heavy_plate_coat,Heavy Plate Coat,16,0,1,0,32,0,521,0,2,1,0,100000,0,0,0,0,0,0,0,0,0,0,0,0,0,0,0,0,0,0,1,0,331,,395,0,,1,1,0,1,0,0,0,0
17078,0,kan_certificate_500,500 Kan Certificate,18,0,1,0,0,0,277,0,2,0,0,1000000,0,0,0,0,0,0,0,0,0,0,0,0,0,0,0,0,0,0,1,0,331,,500,0,,1,1,0,1,0,0,0,0
17079,0,kan_certificate_1000,1000 Kan Certificate,18,0,1,0,0,0,277,0,2,0,0,1000000,0,0,0,0,0,0,0,0,0,0,0,0,0,0,0,0,0,0,1,0,331,,1000,0,,1,1,0,1,0,0,0,0
17080,0,kan_certificate_1500,1500 Kan Certificate,18,0,1,0,0,0,277,0,2,0,0,1000000,0,0,0,0,0,0,0,0,0,0,0,0,0,0,0,0,0,0,1,0,331,,1500,0,,1,1,0,1,0,0,0,0
17081,0,kan_certificate_2000,2000 Kan Certificate,18,0,1,0,0,0,277,0,2,0,0,1000000,0,0,0,0,0,0,0,0,0,0,0,0,0,0,0,0,0,0,1,0,331,,2000,0,,1,1,0,1,0,0,0,0
17082,0,kan_certificate_2500,2500 Kan Certificate,18,0,1,0,0,0,277,0,2,0,0,1000000,0,0,0,0,0,0,0,0,0,0,0,0,0,0,0,0,0,0,1,0,331,,2500,0,,1,1,0,1,0,0,0,0
17083,0,kan_certificate_3000,3000 Kan Certificate,18,0,1,0,0,0,277,0,2,0,0,1000000,0,0,0,0,0,0,0,0,0,0,0,0,0,0,0,0,0,0,1,0,331,,3000,0,,1,1,0,1,0,0,0,0
17084,0,kan_certificate_3500,3500 Kan Certificate,18,0,1,0,0,0,277,0,2,0,0,1000000,0,0,0,0,0,0,0,0,0,0,0,0,0,0,0,0,0,0,1,0,331,,3500,0,,1,1,0,1,0,0,0,0
17085,0,kan_certificate_4000,4000 Kan Certificate,18,0,1,0,0,0,277,0,2,0,0,1000000,0,0,0,0,0,0,0,0,0,0,0,0,0,0,0,0,0,0,1,0,331,,4000,0,,1,1,0,1,0,0,0,0
17086,0,kan_certificate_4500,4500 Kan Certificate,18,0,1,0,0,0,277,0,2,0,0,1000000,0,0,0,0,0,0,0,0,0,0,0,0,0,0,0,0,0,0,1,0,331,,4500,0,,1,1,0,1,0,0,0,0
17087,0,kan_certificate_5000,5000 Kan Certificate,18,0,1,0,0,0,277,0,2,0,0,1000000,0,0,0,0,0,0,0,0,0,0,0,0,0,0,0,0,0,0,1,0,331,,5000,0,,1,1,0,1,0,0,0,0
17088,0,green_sprite_wings,Green sprite wings,13,0,1,0,108,32,5372,32,2,1,0,100000,0,0,0,0,0,0,0,0,0,0,0,0,0,0,0,0,0,0,1,0,331,,395,0,,1,1,0,1,0,0,0,0
17089,0,blue_sprite_wings,Blue sprite wings,13,0,1,0,108,50,5372,50,2,1,0,100000,0,0,0,0,0,0,0,0,0,0,0,0,0,0,0,0,0,0,1,0,331,,395,0,,1,1,0,1,0,0,0,0
17090,0,teal_sprite_wings,Teal sprite wings,13,0,1,0,108,34,5372,34,2,1,0,100000,0,0,0,0,0,0,0,0,0,0,0,0,0,0,0,0,0,0,1,0,331,,395,0,,1,1,0,1,0,0,0,0
17091,0,grey_sprite_wings,Grey sprite wings,13,0,1,0,108,40,5372,40,2,1,0,100000,0,0,0,0,0,0,0,0,0,0,0,0,0,0,0,0,0,0,1,0,331,,395,0,,1,1,0,1,0,0,0,0
17092,0,silver_sprite_wings,Silver sprite wings,13,0,1,0,108,41,5372,41,2,1,0,100000,0,0,0,0,0,0,0,0,0,0,0,0,0,0,0,0,0,0,1,0,331,,395,0,,1,1,0,1,0,0,0,0
17093,0,golden_sprite_wings,Golden sprite wings,13,0,1,0,108,42,5372,42,2,1,0,100000,0,0,0,0,0,0,0,0,0,0,0,0,0,0,0,0,0,0,1,0,331,,395,0,,1,1,0,1,0,0,0,0
17094,0,red_sprite_wings,Red sprite wings,13,0,1,0,108,43,5372,43,2,1,0,100000,0,0,0,0,0,0,0,0,0,0,0,0,0,0,0,0,0,0,1,0,331,,395,0,,1,1,0,1,0,0,0,0
17095,0,pink_sprite_wings,Pink sprite wings,13,0,1,0,108,0,5372,0,2,1,0,100000,0,0,0,0,0,0,0,0,0,0,0,0,0,0,0,0,0,0,1,0,331,,395,0,,1,1,0,1,0,0,0,0
17096,0,purple_sprite_wings,Purple sprite wings,13,0,1,0,108,108,5372,108,2,1,0,100000,0,0,0,0,0,0,0,0,0,0,0,0,0,0,0,0,0,0,1,0,331,,395,0,,1,1,0,1,0,0,0,0
17097,0,mulberry_sprite_wings,Mulberry sprite wings,13,0,1,0,108,99,5372,99,2,1,0,100000,0,0,0,0,0,0,0,0,0,0,0,0,0,0,0,0,0,0,1,0,331,,395,0,,1,1,0,1,0,0,0,0
17098,0,fuschia_sprite_wings,Fuschia sprite wings,13,0,1,0,108,100,5372,100,2,1,0,100000,0,0,0,0,0,0,0,0,0,0,0,0,0,0,0,0,0,0,1,0,331,,395,0,,1,1,0,1,0,0,0,0
17099,0,blue_ogre_head,Blue ogre head,12,0,1,0,122,0,3677,0,2,1,0,100000,0,0,0,0,0,0,0,0,0,0,0,0,0,0,0,0,0,0,1,0,331,,195,0,,1,1,0,1,0,0,0,0
17100,0,blue_ogre_body,Blue ogre body,16,0,1,0,10082,0,3678,0,2,1,0,100000,0,0,0,0,0,0,0,0,0,0,0,0,0,0,0,0,0,0,1,0,331,,395,0,,1,1,0,1,0,0,0,0
17101,0,blood_ogre_head,Blood ogre head,12,0,1,0,122,15,3677,15,2,1,0,100000,0,0,0,0,0,0,0,0,0,0,0,0,0,0,0,0,0,0,1,0,331,,195,0,,1,1,0,1,0,0,0,0
17102,0,blood_ogre_body,Blood ogre body,16,0,1,0,10082,15,3678,15,2,1,0,100000,0,0,0,0,0,0,0,0,0,0,0,0,0,0,0,0,0,0,1,0,331,,395,0,,1,1,0,1,0,0,0,0
17103,0,green_ogre_head,Green ogre head,12,0,1,0,122,16,3677,16,2,1,0,100000,0,0,0,0,0,0,0,0,0,0,0,0,0,0,0,0,0,0,1,0,331,,195,0,,1,1,0,1,0,0,0,0
17104,0,green_ogre_body,Green ogre body,16,0,1,0,10082,16,3678,16,2,1,0,100000,0,0,0,0,0,0,0,0,0,0,0,0,0,0,0,0,0,0,1,0,331,,395,0,,1,1,0,1,0,0,0,0
17105,0,blue_ogress_head,Blue ogress head,12,0,1,0,123,0,3679,0,2,1,0,100000,0,0,0,0,0,0,0,0,0,0,0,0,0,0,0,0,0,0,1,0,331,,195,0,,1,1,0,1,0,0,0,0
17106,0,blue_ogress_body,Blue ogress body,16,0,1,0,10083,0,3680,0,2,1,0,100000,0,0,0,0,0,0,0,0,0,0,0,0,0,0,0,0,0,0,1,0,331,,395,0,,1,1,0,1,0,0,0,0
17107,0,blood_ogress_head,Blood ogress head,12,0,1,0,123,15,3679,15,2,1,0,100000,0,0,0,0,0,0,0,0,0,0,0,0,0,0,0,0,0,0,1,0,331,,195,0,,1,1,0,1,0,0,0,0
17108,0,blood_ogress_body,Blood ogress body,16,0,1,0,10083,15,3680,15,2,1,0,100000,0,0,0,0,0,0,0,0,0,0,0,0,0,0,0,0,0,0,1,0,331,,395,0,,1,1,0,1,0,0,0,0
17109,0,green_ogress_head,Green ogress head,12,0,1,0,123,16,3679,16,2,1,0,100000,0,0,0,0,0,0,0,0,0,0,0,0,0,0,0,0,0,0,1,0,331,,195,0,,1,1,0,1,0,0,0,0
17110,0,green_ogress_body,Green ogress body,16,0,1,0,10083,16,3680,16,2,1,0,100000,0,0,0,0,0,0,0,0,0,0,0,0,0,0,0,0,0,0,1,0,331,,395,0,,1,1,0,1,0,0,0,0
17111,0,inventory_space,Inventory space,18,0,1,0,0,0,2964,0,2,1,0,100000,0,0,0,0,0,0,0,0,0,0,0,0,0,0,0,0,0,0,1,0,331,,250,0,Adds 5 additional inventory slots to your character,1,1,0,1,0,0,0,0
17112,0,experience_envelope_pack_1_day,Experience envelope pack 1 day,18,0,1,0,0,0,3058,8,2,1,0,100000,0,0,0,0,0,0,0,0,0,0,0,0,0,0,0,0,0,0,1,0,331,,100,0,,1,1,0,1,0,0,0,0
17113,0,experience_envelope_pack_7_days,Experience envelope pack 7 days,18,0,1,0,0,0,3058,2,2,1,0,100000,0,0,0,0,0,0,0,0,0,0,0,0,0,0,0,0,0,0,1,0,331,,250,0,,1,1,0,1,0,0,0,0
17114,0,experience_envelope_pack_30_days,Experience envelope pack 30 days,18,0,1,0,0,0,3058,5,2,1,0,100000,0,0,0,0,0,0,0,0,0,0,0,0,0,0,0,0,0,0,1,0,331,,650,0,,1,1,0,1,0,0,0,0
17115,0,yellow_recess_outfit,Yellow recess outfit,16,0,1,0,10114,0,4021,0,2,1,0,100000,0,0,0,0,0,0,0,0,0,0,0,0,0,0,0,0,0,0,1,0,331,,250,0,,1,1,0,1,0,0,0,0
17116,0,lavender_recess_outfit,Lavender recess outfit,16,0,1,0,10114,71,4021,71,2,1,0,100000,0,0,0,0,0,0,0,0,0,0,0,0,0,0,0,0,0,0,1,0,331,,250,0,,1,1,0,1,0,0,0,0
17117,0,white_recess_outfit,White recess outfit,16,0,1,0,10114,43,4021,43,2,1,0,100000,0,0,0,0,0,0,0,0,0,0,0,0,0,0,0,0,0,0,1,0,331,,250,0,,1,1,0,1,0,0,0,0
17118,0,black_recess_outfit,Black recess outfit,16,0,1,0,10114,42,4021,42,2,1,0,100000,0,0,0,0,0,0,0,0,0,0,0,0,0,0,0,0,0,0,1,0,331,,250,0,,1,1,0,1,0,0,0,0
17119,0,blue_recess_outfit,Blue recess outfit,16,0,1,0,10114,32,4021,32,2,1,0,100000,0,0,0,0,0,0,0,0,0,0,0,0,0,0,0,0,0,0,1,0,331,,250,0,,1,1,0,1,0,0,0,0
17120,0,gold_recess_outfit,Gold recess outfit,16,0,1,0,10114,198,4021,198,2,1,0,100000,0,0,0,0,0,0,0,0,0,0,0,0,0,0,0,0,0,0,1,0,331,,250,0,,1,1,0,1,0,0,0,0
17121,0,lilac_recess_outfit,Lilac recess outfit,16,0,1,0,10114,70,4021,70,2,1,0,100000,0,0,0,0,0,0,0,0,0,0,0,0,0,0,0,0,0,0,1,0,331,,250,0,,1,1,0,1,0,0,0,0
17122,0,lime_recess_outfit,Lime recess outfit,16,0,1,0,10114,33,4021,33,2,1,0,100000,0,0,0,0,0,0,0,0,0,0,0,0,0,0,0,0,0,0,1,0,331,,250,0,,1,1,0,1,0,0,0,0
17123,0,nuage_recess_outfit,Nuage recess outfit,16,0,1,0,10114,226,4021,226,2,1,0,100000,0,0,0,0,0,0,0,0,0,0,0,0,0,0,0,0,0,0,1,0,331,,250,0,,1,1,0,1,0,0,0,0
17124,0,red_recess_outfit,Red recess outfit,16,0,1,0,10114,22,4021,22,2,1,0,100000,0,0,0,0,0,0,0,0,0,0,0,0,0,0,0,0,0,0,1,0,331,,250,0,,1,1,0,1,0,0,0,0
17125,0,ruby_recess_outfit,Ruby recess outfit,16,0,1,0,10114,232,4021,232,2,1,0,100000,0,0,0,0,0,0,0,0,0,0,0,0,0,0,0,0,0,0,1,0,331,,250,0,,1,1,0,1,0,0,0,0
17126,0,yellow_recess_lid,Yellow recess lid,12,0,1,0,125,0,4025,0,2,1,0,100000,0,0,0,0,0,0,0,0,0,0,0,0,0,0,0,0,0,0,1,0,331,,50,0,,1,1,0,1,0,0,0,0
17127,0,lavender_recess_lid,Lavender recess lid,12,0,1,0,125,71,4025,71,2,1,0,100000,0,0,0,0,0,0,0,0,0,0,0,0,0,0,0,0,0,0,1,0,331,,50,0,,1,1,0,1,0,0,0,0
17128,0,white_recess_lid,White recess lid,12,0,1,0,125,43,4025,43,2,1,0,100000,0,0,0,0,0,0,0,0,0,0,0,0,0,0,0,0,0,0,1,0,331,,50,0,,1,1,0,1,0,0,0,0
17129,0,black_recess_lid,Black recess lid,12,0,1,0,125,42,4025,42,2,1,0,100000,0,0,0,0,0,0,0,0,0,0,0,0,0,0,0,0,0,0,1,0,331,,50,0,,1,1,0,1,0,0,0,0
17130,0,blue_recess_lid,Blue recess lid,12,0,1,0,125,32,4025,32,2,1,0,100000,0,0,0,0,0,0,0,0,0,0,0,0,0,0,0,0,0,0,1,0,331,,50,0,,1,1,0,1,0,0,0,0
17131,0,gold_recess_lid,Gold recess lid,12,0,1,0,125,198,4025,198,2,1,0,100000,0,0,0,0,0,0,0,0,0,0,0,0,0,0,0,0,0,0,1,0,331,,50,0,,1,1,0,1,0,0,0,0
17132,0,lilac_recess_lid,Lilac recess lid,12,0,1,0,125,70,4025,70,2,1,0,100000,0,0,0,0,0,0,0,0,0,0,0,0,0,0,0,0,0,0,1,0,331,,50,0,,1,1,0,1,0,0,0,0
17133,0,lime_recess_lid,Lime recess lid,12,0,1,0,125,33,4025,33,2,1,0,100000,0,0,0,0,0,0,0,0,0,0,0,0,0,0,0,0,0,0,1,0,331,,50,0,,1,1,0,1,0,0,0,0
17134,0,nuage_recess_lid,Nuage recess lid,12,0,1,0,125,226,4025,226,2,1,0,100000,0,0,0,0,0,0,0,0,0,0,0,0,0,0,0,0,0,0,1,0,331,,50,0,,1,1,0,1,0,0,0,0
17135,0,red_recess_lid,Red recess lid,12,0,1,0,125,22,4025,22,2,1,0,100000,0,0,0,0,0,0,0,0,0,0,0,0,0,0,0,0,0,0,1,0,331,,50,0,,1,1,0,1,0,0,0,0
17136,0,ruby_recess_lid,Ruby recess lid,12,0,1,0,125,232,4025,232,2,1,0,100000,0,0,0,0,0,0,0,0,0,0,0,0,0,0,0,0,0,0,1,0,331,,50,0,,1,1,0,1,0,0,0,0
17137,0,forest_angel_wings,Forest angel wings,13,0,1,0,14,11,3596,11,2,1,0,100000,0,0,0,0,0,0,0,0,0,0,0,0,0,0,0,0,0,0,1,0,331,,125,0,,1,1,0,1,0,0,0,0
17138,0,fuschia_angel_wings,Fuschia angel wings,13,0,1,0,14,10,3596,10,2,1,0,100000,0,0,0,0,0,0,0,0,0,0,0,0,0,0,0,0,0,0,1,0,331,,125,0,,1,1,0,1,0,0,0,0
17139,0,garnet_angel_wings,Garnet angel wings,13,0,1,0,14,20,3596,20,2,1,0,100000,0,0,0,0,0,0,0,0,0,0,0,0,0,0,0,0,0,0,1,0,331,,125,0,,1,1,0,1,0,0,0,0
17140,0,gorevan_angel_wings,Gorevan angel wings,13,0,1,0,14,2,3596,2,2,1,0,100000,0,0,0,0,0,0,0,0,0,0,0,0,0,0,0,0,0,0,1,0,331,,125,0,,1,1,0,1,0,0,0,0
17141,0,lavender_angel_wings,Lavender angel wings,13,0,1,0,14,28,3596,28,2,1,0,100000,0,0,0,0,0,0,0,0,0,0,0,0,0,0,0,0,0,0,1,0,331,,125,0,,1,1,0,1,0,0,0,0
17142,0,fuschia_angel_wings,Fuschia angel wings,13,0,1,0,14,10,3596,10,2,1,0,100000,0,0,0,0,0,0,0,0,0,0,0,0,0,0,0,0,0,0,1,0,331,,125,0,,1,1,0,1,0,0,0,0
17143,0,lilac_angel_wings,Lilac angel wings,13,0,1,0,14,70,3596,70,2,1,0,100000,0,0,0,0,0,0,0,0,0,0,0,0,0,0,0,0,0,0,1,0,331,,125,0,,1,1,0,1,0,0,0,0
17144,0,mauve_angel_wings,Mauve angel wings,13,0,1,0,14,2,3596,2,2,1,0,100000,0,0,0,0,0,0,0,0,0,0,0,0,0,0,0,0,0,0,1,0,331,,125,0,,1,1,0,1,0,0,0,0
17145,0,midnight_angel_wings,Midnight angel wings,13,0,1,0,14,6,3596,6,2,1,0,100000,0,0,0,0,0,0,0,0,0,0,0,0,0,0,0,0,0,0,1,0,331,,125,0,,1,1,0,1,0,0,0,0
17146,0,mustard_angel_wings,Mustard angel wings,13,0,1,0,14,5,3596,5,2,1,0,100000,0,0,0,0,0,0,0,0,0,0,0,0,0,0,0,0,0,0,1,0,331,,125,0,,1,1,0,1,0,0,0,0
17147,0,nuage_angel_wings,Nuage angel wings,13,0,1,0,14,226,3596,226,2,1,0,100000,0,0,0,0,0,0,0,0,0,0,0,0,0,0,0,0,0,0,1,0,331,,125,0,,1,1,0,1,0,0,0,0
17148,0,old_rose_angel_wings,Old rose angel wings,13,0,1,0,14,10,3596,10,2,1,0,100000,0,0,0,0,0,0,0,0,0,0,0,0,0,0,0,0,0,0,1,0,331,,125,0,,1,1,0,1,0,0,0,0
17149,0,pink_angel_wings,Pink angel wings,13,0,1,0,14,10,3596,10,2,1,0,100000,0,0,0,0,0,0,0,0,0,0,0,0,0,0,0,0,0,0,1,0,331,,125,0,,1,1,0,1,0,0,0,0
17150,0,primavera_angel_wings,Primavera angel wings,13,0,1,0,14,4,3596,4,2,1,0,100000,0,0,0,0,0,0,0,0,0,0,0,0,0,0,0,0,0,0,1,0,331,,125,0,,1,1,0,1,0,0,0,0
17151,0,purple_angel_wings,Purple angel wings,13,0,1,0,14,8,3596,8,2,1,0,100000,0,0,0,0,0,0,0,0,0,0,0,0,0,0,0,0,0,0,1,0,331,,125,0,,1,1,0,1,0,0,0,0
17152,0,ruby_angel_wings,Ruby angel wings,13,0,1,0,14,20,3596,20,2,1,0,100000,0,0,0,0,0,0,0,0,0,0,0,0,0,0,0,0,0,0,1,0,331,,125,0,,1,1,0,1,0,0,0,0
17153,0,silver_angel_wings,Silver angel wings,13,0,1,0,14,18,3596,18,2,1,0,100000,0,0,0,0,0,0,0,0,0,0,0,0,0,0,0,0,0,0,1,0,331,,125,0,,1,1,0,1,0,0,0,0
17154,0,slate_angel_wings,Slate angel wings,13,0,1,0,14,6,3596,6,2,1,0,100000,0,0,0,0,0,0,0,0,0,0,0,0,0,0,0,0,0,0,1,0,331,,125,0,,1,1,0,1,0,0,0,0
17155,0,storm_angel_wings,Storm angel wings,13,0,1,0,14,23,3596,23,2,1,0,100000,0,0,0,0,0,0,0,0,0,0,0,0,0,0,0,0,0,0,1,0,331,,125,0,,1,1,0,1,0,0,0,0
17156,0,strawberry_angel_wings,Strawberry angel wings,13,0,1,0,14,148,3596,148,2,1,0,100000,0,0,0,0,0,0,0,0,0,0,0,0,0,0,0,0,0,0,1,0,331,,125,0,,1,1,0,1,0,0,0,0
17157,0,sun_angel_wings,Sun angel wings,13,0,1,0,14,19,3596,19,2,1,0,100000,0,0,0,0,0,0,0,0,0,0,0,0,0,0,0,0,0,0,1,0,331,,125,0,,1,1,0,1,0,0,0,0
17158,0,sunset_angel_wings,Sunset angel wings,13,0,1,0,14,9,3596,9,2,1,0,100000,0,0,0,0,0,0,0,0,0,0,0,0,0,0,0,0,0,0,1,0,331,,125,0,,1,1,0,1,0,0,0,0
17159,0,tundra_angel_wings,Tundra angel wings,13,0,1,0,14,7,3596,7,2,1,0,100000,0,0,0,0,0,0,0,0,0,0,0,0,0,0,0,0,0,0,1,0,331,,125,0,,1,1,0,1,0,0,0,0
17160,0,twilight_angel_wings,Twilight angel wings,13,0,1,0,14,12,3596,12,2,1,0,100000,0,0,0,0,0,0,0,0,0,0,0,0,0,0,0,0,0,0,1,0,331,,125,0,,1,1,0,1,0,0,0,0
17161,0,vermilion_angel_wings,Vermilion angel wings,13,0,1,0,14,3,3596,3,2,1,0,100000,0,0,0,0,0,0,0,0,0,0,0,0,0,0,0,0,0,0,1,0,331,,125,0,,1,1,0,1,0,0,0,0
17162,0,asuuri_mantiya,Asuuri mantiya,13,0,1,0,2,13,3070,13,2,1,0,100000,0,0,0,0,0,0,0,0,0,0,0,0,0,0,0,0,0,0,1,0,331,,275,0,,1,1,0,1,0,0,0,0
17163,0,aurora_mantiya,Aurora mantiya,13,0,1,0,2,14,3070,14,2,1,0,100000,0,0,0,0,0,0,0,0,0,0,0,0,0,0,0,0,0,0,1,0,331,,275,0,,1,1,0,1,0,0,0,0
17164,0,bistre_mantiya,Bistre mantiya,13,0,1,0,2,22,3070,22,2,1,0,100000,0,0,0,0,0,0,0,0,0,0,0,0,0,0,0,0,0,0,1,0,331,,275,0,,1,1,0,1,0,0,0,0
17165,0,cadmium_mantiya,Cadmium mantiya,13,0,1,0,2,20,3070,20,2,1,0,100000,0,0,0,0,0,0,0,0,0,0,0,0,0,0,0,0,0,0,1,0,331,,275,0,,1,1,0,1,0,0,0,0
17166,0,caeruleus_mantiya,Caeruleus mantiya,13,0,1,0,2,231,3070,231,2,1,0,100000,0,0,0,0,0,0,0,0,0,0,0,0,0,0,0,0,0,0,1,0,331,,275,0,,1,1,0,1,0,0,0,0
17167,0,celadon_mantiya,Celadon mantiya,13,0,1,0,2,4,3070,4,2,1,0,100000,0,0,0,0,0,0,0,0,0,0,0,0,0,0,0,0,0,0,1,0,331,,275,0,,1,1,0,1,0,0,0,0
17168,0,cerulean_mantiya,Cerulean mantiya,13,0,1,0,2,5,3070,5,2,1,0,100000,0,0,0,0,0,0,0,0,0,0,0,0,0,0,0,0,0,0,1,0,331,,275,0,,1,1,0,1,0,0,0,0
17169,0,chamoline_mantiya,Chamoline mantiya,13,0,1,0,2,6,3070,6,2,1,0,100000,0,0,0,0,0,0,0,0,0,0,0,0,0,0,0,0,0,0,1,0,331,,275,0,,1,1,0,1,0,0,0,0
17170,0,falcon_mantiya,Falcon mantiya,13,0,1,0,2,236,3070,236,2,1,0,100000,0,0,0,0,0,0,0,0,0,0,0,0,0,0,0,0,0,0,1,0,331,,275,0,,1,1,0,1,0,0,0,0
17171,0,gainsboro_mantiya,Gainsboro mantiya,13,0,1,0,2,18,3070,18,2,1,0,100000,0,0,0,0,0,0,0,0,0,0,0,0,0,0,0,0,0,0,1,0,331,,275,0,,1,1,0,1,0,0,0,0
17172,0,gold_glow_mantiya,Gold glow mantiya,13,0,1,0,2,19,3070,19,2,1,0,100000,0,0,0,0,0,0,0,0,0,0,0,0,0,0,0,0,0,0,1,0,331,,275,0,,1,1,0,1,0,0,0,0
17173,0,hunter_mantiya,Hunter mantiya,13,0,1,0,2,63,3070,63,2,1,0,100000,0,0,0,0,0,0,0,0,0,0,0,0,0,0,0,0,0,0,1,0,331,,275,0,,1,1,0,1,0,0,0,0
17174,0,kremlin_mantiya,Kremlin mantiya,13,0,1,0,2,11,3070,11,2,1,0,100000,0,0,0,0,0,0,0,0,0,0,0,0,0,0,0,0,0,0,1,0,331,,275,0,,1,1,0,1,0,0,0,0
17175,0,leaf_mantiya,Leaf mantiya,13,0,1,0,2,228,3070,228,2,1,0,100000,0,0,0,0,0,0,0,0,0,0,0,0,0,0,0,0,0,0,1,0,331,,275,0,,1,1,0,1,0,0,0,0
17176,0,peridot_mantiya,Peridot mantiya,13,0,1,0,2,10,3070,10,2,1,0,100000,0,0,0,0,0,0,0,0,0,0,0,0,0,0,0,0,0,0,1,0,331,,275,0,,1,1,0,1,0,0,0,0
17177,0,pine_mantiya,Pine mantiya,13,0,1,0,2,7,3070,7,2,1,0,100000,0,0,0,0,0,0,0,0,0,0,0,0,0,0,0,0,0,0,1,0,331,,275,0,,1,1,0,1,0,0,0,0
17178,0,prismatic_mantiya,Prismatic mantiya,13,0,1,0,2,16,3070,16,2,1,0,100000,0,0,0,0,0,0,0,0,0,0,0,0,0,0,0,0,0,0,1,0,331,,275,0,,1,1,0,1,0,0,0,0
17179,0,quercitron_mantiya,Quercitron mantiya,13,0,1,0,2,8,3070,8,2,1,0,100000,0,0,0,0,0,0,0,0,0,0,0,0,0,0,0,0,0,0,1,0,331,,275,0,,1,1,0,1,0,0,0,0
17180,0,romantic_mantiya,Romantic mantiya,13,0,1,0,2,9,3070,9,2,1,0,100000,0,0,0,0,0,0,0,0,0,0,0,0,0,0,0,0,0,0,1,0,331,,275,0,,1,1,0,1,0,0,0,0
17181,0,royal_mantiya,Royal mantiya,13,0,1,0,2,28,3070,28,2,1,0,100000,0,0,0,0,0,0,0,0,0,0,0,0,0,0,0,0,0,0,1,0,331,,275,0,,1,1,0,1,0,0,0,0
17182,0,ruskea_mantiya,Ruskea mantiya,13,0,1,0,2,234,3070,234,2,1,0,100000,0,0,0,0,0,0,0,0,0,0,0,0,0,0,0,0,0,0,1,0,331,,275,0,,1,1,0,1,0,0,0,0
17183,0,russet_mantiya,Russet mantiya,13,0,1,0,2,12,3070,12,2,1,0,100000,0,0,0,0,0,0,0,0,0,0,0,0,0,0,0,0,0,0,1,0,331,,275,0,,1,1,0,1,0,0,0,0
17184,0,sapphire_mantiya,Sapphire mantiya,13,0,1,0,2,90,3070,90,2,1,0,100000,0,0,0,0,0,0,0,0,0,0,0,0,0,0,0,0,0,0,1,0,331,,275,0,,1,1,0,1,0,0,0,0
17185,0,silver_mantiya,Silver mantiya,13,0,1,0,2,206,3070,206,2,1,0,100000,0,0,0,0,0,0,0,0,0,0,0,0,0,0,0,0,0,0,1,0,331,,275,0,,1,1,0,1,0,0,0,0
17186,0,sorcerer_mantiya,Sorcerer mantiya,13,0,1,0,2,31,3070,31,2,1,0,100000,0,0,0,0,0,0,0,0,0,0,0,0,0,0,0,0,0,0,1,0,331,,275,0,,1,1,0,1,0,0,0,0
17187,0,supreme_mantiya,Supreme mantiya,13,0,1,0,2,15,3070,15,2,1,0,100000,0,0,0,0,0,0,0,0,0,0,0,0,0,0,0,0,0,0,1,0,331,,275,0,,1,1,0,1,0,0,0,0
17188,0,tarragona_mantiya,Tarragona mantiya,13,0,1,0,2,25,3070,25,2,1,0,100000,0,0,0,0,0,0,0,0,0,0,0,0,0,0,0,0,0,0,1,0,331,,275,0,,1,1,0,1,0,0,0,0
17189,0,venetus_mantiya,Venetus mantiya,13,0,1,0,2,23,3070,23,2,1,0,100000,0,0,0,0,0,0,0,0,0,0,0,0,0,0,0,0,0,0,1,0,331,,275,0,,1,1,0,1,0,0,0,0
17190,0,veronan_mantiya,Veronan mantiya,13,0,1,0,2,24,3070,24,2,1,0,100000,0,0,0,0,0,0,0,0,0,0,0,0,0,0,0,0,0,0,1,0,331,,275,0,,1,1,0,1,0,0,0,0
17191,0,whimsical_mantiya,Whimsical mantiya,13,0,1,0,2,25,3070,25,2,1,0,100000,0,0,0,0,0,0,0,0,0,0,0,0,0,0,0,0,0,0,1,0,331,,275,0,,1,1,0,1,0,0,0,0
17192,0,xanadu_mantiya,Xanadu mantiya,13,0,1,0,2,26,3070,26,2,1,0,100000,0,0,0,0,0,0,0,0,0,0,0,0,0,0,0,0,0,0,1,0,331,,275,0,,1,1,0,1,0,0,0,0
17193,0,yu_chi_mantiya,Yu chi mantiya,13,0,1,0,2,27,3070,27,2,1,0,100000,0,0,0,0,0,0,0,0,0,0,0,0,0,0,0,0,0,0,1,0,331,,275,0,,1,1,0,1,0,0,0,0
17194,0,zaffiro_mantiya,Zaffiro mantiya,13,0,1,0,2,6,3070,6,2,1,0,100000,0,0,0,0,0,0,0,0,0,0,0,0,0,0,0,0,0,0,1,0,331,,275,0,,1,1,0,1,0,0,0,0
17195,0,pink_great_butterfly_wings,Pink great butterfly wings,13,0,1,0,54,0,4739,0,2,1,0,100000,0,0,0,0,0,0,0,0,0,0,0,0,0,0,0,0,0,0,1,0,331,,325,0,,1,1,0,1,0,0,0,0
17196,0,black_great_butterfly_wings,Black great butterfly wings,13,0,1,0,54,22,4739,22,2,1,0,100000,0,0,0,0,0,0,0,0,0,0,0,0,0,0,0,0,0,0,1,0,331,,325,0,,1,1,0,1,0,0,0,0
17197,0,white_great_butterfly_wings,White great butterfly wings,13,0,1,0,54,23,4739,23,2,1,0,100000,0,0,0,0,0,0,0,0,0,0,0,0,0,0,0,0,0,0,1,0,331,,325,0,,1,1,0,1,0,0,0,0
17198,0,gold_great_butterfly_wings,Gold great butterfly wings,13,0,1,0,54,24,4739,24,2,1,0,100000,0,0,0,0,0,0,0,0,0,0,0,0,0,0,0,0,0,0,1,0,331,,325,0,,1,1,0,1,0,0,0,0
17199,0,red_great_butterfly_wings,Red great butterfly wings,13,0,1,0,54,25,4739,25,2,1,0,100000,0,0,0,0,0,0,0,0,0,0,0,0,0,0,0,0,0,0,1,0,331,,325,0,,1,1,0,1,0,0,0,0
17200,0,slate_great_butterfly_wings,Slate great butterfly wings,13,0,1,0,54,32,4739,32,2,1,0,100000,0,0,0,0,0,0,0,0,0,0,0,0,0,0,0,0,0,0,1,0,331,,325,0,,1,1,0,1,0,0,0,0
17201,0,blue_great_butterfly_wings,Blue great butterfly wings,13,0,1,0,54,34,4739,34,2,1,0,100000,0,0,0,0,0,0,0,0,0,0,0,0,0,0,0,0,0,0,1,0,331,,325,0,,1,1,0,1,0,0,0,0
17202,0,green_great_butterfly_wings,Green great butterfly wings,13,0,1,0,54,45,4739,45,2,1,0,100000,0,0,0,0,0,0,0,0,0,0,0,0,0,0,0,0,0,0,1,0,331,,325,0,,1,1,0,1,0,0,0,0
17203,0,plum_great_butterfly_wings,Plum great butterfly wings,13,0,1,0,54,51,4739,51,2,1,0,100000,0,0,0,0,0,0,0,0,0,0,0,0,0,0,0,0,0,0,1,0,331,,325,0,,1,1,0,1,0,0,0,0
17204,0,fuschia_great_butterfly_wings,Fuschia great butterfly wings,13,0,1,0,54,190,4739,190,2,1,0,100000,0,0,0,0,0,0,0,0,0,0,0,0,0,0,0,0,0,0,1,0,331,,325,0,,1,1,0,1,0,0,0,0
17205,0,amber_great_butterfly_wings,Amber great butterfly wings,13,0,1,0,54,191,4739,191,2,1,0,100000,0,0,0,0,0,0,0,0,0,0,0,0,0,0,0,0,0,0,1,0,331,,325,0,,1,1,0,1,0,0,0,0
17206,0,purple_great_butterfly_wings,Purple great butterfly wings,13,0,1,0,54,197,4739,197,2,1,0,100000,0,0,0,0,0,0,0,0,0,0,0,0,0,0,0,0,0,0,1,0,331,,325,0,,1,1,0,1,0,0,0,0
17207,0,magenta_great_butterfly_wings,Magenta great butterfly wings,13,0,1,0,54,204,4739,204,2,1,0,100000,0,0,0,0,0,0,0,0,0,0,0,0,0,0,0,0,0,0,1,0,331,,325,0,,1,1,0,1,0,0,0,0
17208,0,bizarre_ghost_coat,Bizarre ghost coat,16,0,1,0,10008,24,3120,24,2,1,0,100000,0,0,0,0,0,0,0,0,0,0,0,0,0,0,0,0,0,0,1,0,331,,550,0,,1,1,0,1,0,0,0,0
17209,0,black_ghost_coat,Black ghost coat,16,0,1,0,10008,27,3120,27,2,1,0,100000,0,0,0,0,0,0,0,0,0,0,0,0,0,0,0,0,0,0,1,0,331,,550,0,,1,1,0,1,0,0,0,0
17210,0,brown_ghost_coat,Brown ghost coat,16,0,1,0,10008,3,3120,3,2,1,0,100000,0,0,0,0,0,0,0,0,0,0,0,0,0,0,0,0,0,0,1,0,331,,550,0,,1,1,0,1,0,0,0,0
17211,0,chilling_ghost_coat,Chilling ghost coat,16,0,1,0,10008,17,3120,17,2,1,0,100000,0,0,0,0,0,0,0,0,0,0,0,0,0,0,0,0,0,0,1,0,331,,550,0,,1,1,0,1,0,0,0,0
17212,0,creepy_ghost_coat,Creepy ghost coat,16,0,1,0,10008,2,3120,2,2,1,0,100000,0,0,0,0,0,0,0,0,0,0,0,0,0,0,0,0,0,0,1,0,331,,550,0,,1,1,0,1,0,0,0,0
17213,0,dire_ghost_coat,Dire ghost coat,16,0,1,0,10008,20,3120,20,2,1,0,100000,0,0,0,0,0,0,0,0,0,0,0,0,0,0,0,0,0,0,1,0,331,,550,0,,1,1,0,1,0,0,0,0
17214,0,eerie_ghost_coat,Eerie ghost coat,16,0,1,0,10008,4,3120,4,2,1,0,100000,0,0,0,0,0,0,0,0,0,0,0,0,0,0,0,0,0,0,1,0,331,,550,0,,1,1,0,1,0,0,0,0
17215,0,frightening_ghost_coat,Frightening ghost coat,16,0,1,0,10008,15,3120,15,2,1,0,100000,0,0,0,0,0,0,0,0,0,0,0,0,0,0,0,0,0,0,1,0,331,,550,0,,1,1,0,1,0,0,0,0
17216,0,gloomy_ghost_coat,Gloomy ghost coat,16,0,1,0,10008,13,3120,13,2,1,0,100000,0,0,0,0,0,0,0,0,0,0,0,0,0,0,0,0,0,0,1,0,331,,550,0,,1,1,0,1,0,0,0,0
17217,0,gray_ghost_coat,Gray ghost coat,16,0,1,0,10008,10,3120,10,2,1,0,100000,0,0,0,0,0,0,0,0,0,0,0,0,0,0,0,0,0,0,1,0,331,,550,0,,1,1,0,1,0,0,0,0
17218,0,grim_ghost_coat,Grim ghost coat,16,0,1,0,10008,9,3120,9,2,1,0,100000,0,0,0,0,0,0,0,0,0,0,0,0,0,0,0,0,0,0,1,0,331,,550,0,,1,1,0,1,0,0,0,0
17219,0,haunted_ghost_coat,Haunted ghost coat,16,0,1,0,10008,10,3120,10,2,1,0,100000,0,0,0,0,0,0,0,0,0,0,0,0,0,0,0,0,0,0,1,0,331,,550,0,,1,1,0,1,0,0,0,0
17220,0,murkey_ghost_coat,Murky ghost coat,16,0,1,0,10008,22,3120,22,2,1,0,100000,0,0,0,0,0,0,0,0,0,0,0,0,0,0,0,0,0,0,1,0,331,,550,0,,1,1,0,1,0,0,0,0
17221,0,mysterious_ghost_coat,Mysterious ghost coat,16,0,1,0,10008,29,3120,29,2,1,0,100000,0,0,0,0,0,0,0,0,0,0,0,0,0,0,0,0,0,0,1,0,331,,550,0,,1,1,0,1,0,0,0,0
17222,0,odd_ghost_coat,Odd ghost coat,16,0,1,0,10008,14,3120,14,2,1,0,100000,0,0,0,0,0,0,0,0,0,0,0,0,0,0,0,0,0,0,1,0,331,,550,0,,1,1,0,1,0,0,0,0
17223,0,ominous_ghost_coat,Ominous ghost coat,16,0,1,0,10008,225,3120,225,2,1,0,100000,0,0,0,0,0,0,0,0,0,0,0,0,0,0,0,0,0,0,1,0,331,,550,0,,1,1,0,1,0,0,0,0
17224,0,purple_ghost_coat,Purple ghost coat,16,0,1,0,10008,18,3120,18,2,1,0,100000,0,0,0,0,0,0,0,0,0,0,0,0,0,0,0,0,0,0,1,0,331,,550,0,,1,1,0,1,0,0,0,0
17225,0,red_ghost_coat,Red ghost coat,16,0,1,0,10008,30,3120,30,2,1,0,100000,0,0,0,0,0,0,0,0,0,0,0,0,0,0,0,0,0,0,1,0,331,,550,0,,1,1,0,1,0,0,0,0
17226,0,scary_ghost_coat,Scary ghost coat,16,0,1,0,10008,227,3120,227,2,1,0,100000,0,0,0,0,0,0,0,0,0,0,0,0,0,0,0,0,0,0,1,0,331,,550,0,,1,1,0,1,0,0,0,0
17227,0,bizarre_ghost_coat,Shadowy ghost coat,16,0,1,0,10008,16,3120,16,2,1,0,100000,0,0,0,0,0,0,0,0,0,0,0,0,0,0,0,0,0,0,1,0,331,,550,0,,1,1,0,1,0,0,0,0
17228,0,sinister_ghost_coat,Sinister ghost coat,16,0,1,0,10008,248,3120,248,2,1,0,100000,0,0,0,0,0,0,0,0,0,0,0,0,0,0,0,0,0,0,1,0,331,,550,0,,1,1,0,1,0,0,0,0
17229,0,slimey_ghost_coat,Slimey ghost coat,16,0,1,0,10008,31,3120,31,2,1,0,100000,0,0,0,0,0,0,0,0,0,0,0,0,0,0,0,0,0,0,1,0,331,,550,0,,1,1,0,1,0,0,0,0
17230,0,uncanny_ghost_coat,Uncanny ghost coat,16,0,1,0,10008,251,3120,251,2,1,0,100000,0,0,0,0,0,0,0,0,0,0,0,0,0,0,0,0,0,0,1,0,331,,550,0,,1,1,0,1,0,0,0,0
17231,0,berry_shades,Berry shades,11,0,1,0,16,30,3155,30,2,1,0,100000,0,0,0,0,0,0,0,0,0,0,0,0,0,0,0,0,0,0,1,0,331,,195,0,,1,1,0,1,0,0,0,0
17232,0,black_shades,Black shades,11,0,1,0,16,5,3155,5,2,1,0,100000,0,0,0,0,0,0,0,0,0,0,0,0,0,0,0,0,0,0,1,0,331,,195,0,,1,1,0,1,0,0,0,0
17233,0,blue_shades,Blue shades,11,0,1,0,16,1,3155,1,2,1,0,100000,0,0,0,0,0,0,0,0,0,0,0,0,0,0,0,0,0,0,1,0,331,,195,0,,1,1,0,1,0,0,0,0
17234,0,brown_shades,Brown shades,11,0,1,0,16,12,3155,12,2,1,0,100000,0,0,0,0,0,0,0,0,0,0,0,0,0,0,0,0,0,0,1,0,331,,195,0,,1,1,0,1,0,0,0,0
17235,0,emerald_shades,Emerald shades,11,0,1,0,16,9,3155,9,2,1,0,100000,0,0,0,0,0,0,0,0,0,0,0,0,0,0,0,0,0,0,1,0,331,,195,0,,1,1,0,1,0,0,0,0
17236,0,gray_shades,Gray shades,11,0,1,0,16,20,3155,20,2,1,0,100000,0,0,0,0,0,0,0,0,0,0,0,0,0,0,0,0,0,0,1,0,331,,195,0,,1,1,0,1,0,0,0,0
17237,0,green_shades,Green shades,11,0,1,0,16,233,3155,233,2,1,0,100000,0,0,0,0,0,0,0,0,0,0,0,0,0,0,0,0,0,0,1,0,331,,195,0,,1,1,0,1,0,0,0,0
17238,0,lime_shades,Lime shades,11,0,1,0,16,216,3155,216,2,1,0,100000,0,0,0,0,0,0,0,0,0,0,0,0,0,0,0,0,0,0,1,0,331,,195,0,,1,1,0,1,0,0,0,0
17239,0,maroon_shades,Maroon shades,11,0,1,0,16,8,3155,8,2,1,0,100000,0,0,0,0,0,0,0,0,0,0,0,0,0,0,0,0,0,0,1,0,331,,195,0,,1,1,0,1,0,0,0,0
17240,0,mustard_shades,Mustard shades,11,0,1,0,16,24,3155,24,2,1,0,100000,0,0,0,0,0,0,0,0,0,0,0,0,0,0,0,0,0,0,1,0,331,,195,0,,1,1,0,1,0,0,0,0
17241,0,obsidian_shades,Obsidian shades,11,0,1,0,16,227,3155,227,2,1,0,100000,0,0,0,0,0,0,0,0,0,0,0,0,0,0,0,0,0,0,1,0,331,,195,0,,1,1,0,1,0,0,0,0
17242,0,orange_shades,Orange shades,11,0,1,0,16,29,3155,29,2,1,0,100000,0,0,0,0,0,0,0,0,0,0,0,0,0,0,0,0,0,0,1,0,331,,195,0,,1,1,0,1,0,0,0,0
17243,0,pitch_shades,Pitch shades,11,0,1,0,16,33,3155,33,2,1,0,100000,0,0,0,0,0,0,0,0,0,0,0,0,0,0,0,0,0,0,1,0,331,,195,0,,1,1,0,1,0,0,0,0
17244,0,purple_shades,Purple shades,11,0,1,0,16,240,3155,240,2,1,0,100000,0,0,0,0,0,0,0,0,0,0,0,0,0,0,0,0,0,0,1,0,331,,195,0,,1,1,0,1,0,0,0,0
17245,0,rusty_shades,Rusty shades,11,0,1,0,16,18,3155,18,2,1,0,100000,0,0,0,0,0,0,0,0,0,0,0,0,0,0,0,0,0,0,1,0,331,,195,0,,1,1,0,1,0,0,0,0
17246,0,silver_shades,Silver shades,11,0,1,0,16,6,3155,6,2,1,0,100000,0,0,0,0,0,0,0,0,0,0,0,0,0,0,0,0,0,0,1,0,331,,195,0,,1,1,0,1,0,0,0,0
17247,0,tan_shades,Tan shades,11,0,1,0,16,238,3155,238,2,1,0,100000,0,0,0,0,0,0,0,0,0,0,0,0,0,0,0,0,0,0,1,0,331,,195,0,,1,1,0,1,0,0,0,0
17248,0,lava_shades,Lava shades,11,0,1,0,16,2,3155,2,2,1,0,100000,0,0,0,0,0,0,0,0,0,0,0,0,0,0,0,0,0,0,1,0,331,,195,0,,1,1,0,1,0,0,0,0
17249,0,black_female_kimono,Black female kimono,16,0,1,0,10041,29,3496,29,1,1,0,100000,0,0,0,0,0,0,0,0,0,0,0,0,0,0,0,0,0,0,1,0,331,,395,0,,1,1,0,1,0,0,0,0
17250,0,bondi_female_kimono,Bondi female kimono,16,0,1,0,10041,21,3496,21,1,1,0,100000,0,0,0,0,0,0,0,0,0,0,0,0,0,0,0,0,0,0,1,0,331,,395,0,,1,1,0,1,0,0,0,0
17251,0,chai_female_kimono,Chai female kimono,16,0,1,0,10041,3,3496,3,1,1,0,100000,0,0,0,0,0,0,0,0,0,0,0,0,0,0,0,0,0,0,1,0,331,,395,0,,1,1,0,1,0,0,0,0
17252,0,charcoal_female_kimono,Charcoal female kimono,16,0,1,0,10041,15,3496,15,1,1,0,100000,0,0,0,0,0,0,0,0,0,0,0,0,0,0,0,0,0,0,1,0,331,,395,0,,1,1,0,1,0,0,0,0
17253,0,diamond_female_kimono,Diamond female kimono,16,0,1,0,10041,30,3496,30,1,1,0,100000,0,0,0,0,0,0,0,0,0,0,0,0,0,0,0,0,0,0,1,0,331,,395,0,,1,1,0,1,0,0,0,0
17254,0,earthen_female_kimono,Earthen female kimono,16,0,1,0,10041,10,3496,10,1,1,0,100000,0,0,0,0,0,0,0,0,0,0,0,0,0,0,0,0,0,0,1,0,331,,395,0,,1,1,0,1,0,0,0,0
17255,0,jade_female_kimono,Jade female kimono,16,0,1,0,10041,20,3496,20,1,1,0,100000,0,0,0,0,0,0,0,0,0,0,0,0,0,0,0,0,0,0,1,0,331,,395,0,,1,1,0,1,0,0,0,0
17256,0,khaki_female_kimono,Khaki female kimono,16,0,1,0,10041,22,3496,22,1,1,0,100000,0,0,0,0,0,0,0,0,0,0,0,0,0,0,0,0,0,0,1,0,331,,395,0,,1,1,0,1,0,0,0,0
17257,0,light_blue_female_kimono,Light blue female kimono,16,0,1,0,10041,27,3496,27,1,1,0,100000,0,0,0,0,0,0,0,0,0,0,0,0,0,0,0,0,0,0,1,0,331,,395,0,,1,1,0,1,0,0,0,0
17258,0,lilac_female_kimono,Lilac female kimono,16,0,1,0,10041,6,3496,6,1,1,0,100000,0,0,0,0,0,0,0,0,0,0,0,0,0,0,0,0,0,0,1,0,331,,395,0,,1,1,0,1,0,0,0,0
17259,0,lime_female_kimono,Lime female kimono,16,0,1,0,10041,2,3496,2,1,1,0,100000,0,0,0,0,0,0,0,0,0,0,0,0,0,0,0,0,0,0,1,0,331,,395,0,,1,1,0,1,0,0,0,0
17260,0,mauve_female_kimono,Mauve female kimono,16,0,1,0,10041,26,3496,26,1,1,0,100000,0,0,0,0,0,0,0,0,0,0,0,0,0,0,0,0,0,0,1,0,331,,395,0,,1,1,0,1,0,0,0,0
17261,0,mint_female_kimono,Mint female kimono,16,0,1,0,10041,19,3496,19,1,1,0,100000,0,0,0,0,0,0,0,0,0,0,0,0,0,0,0,0,0,0,1,0,331,,395,0,,1,1,0,1,0,0,0,0
17262,0,olive_female_kimono,Olive female kimono,16,0,1,0,10041,1,3496,1,1,1,0,100000,0,0,0,0,0,0,0,0,0,0,0,0,0,0,0,0,0,0,1,0,331,,395,0,,1,1,0,1,0,0,0,0
17263,0,opal_female_kimono,Opal female kimono,16,0,1,0,10041,16,3496,16,1,1,0,100000,0,0,0,0,0,0,0,0,0,0,0,0,0,0,0,0,0,0,1,0,331,,395,0,,1,1,0,1,0,0,0,0
17264,0,pink_female_kimono,Pink female kimono,16,0,1,0,10041,0,3496,0,1,1,0,100000,0,0,0,0,0,0,0,0,0,0,0,0,0,0,0,0,0,0,1,0,331,,395,0,,1,1,0,1,0,0,0,0
17265,0,red_female_kimono,Red female kimono,16,0,1,0,10041,18,3496,18,1,1,0,100000,0,0,0,0,0,0,0,0,0,0,0,0,0,0,0,0,0,0,1,0,331,,395,0,,1,1,0,1,0,0,0,0
17266,0,rose_female_kimono,Rose female kimono,16,0,1,0,10041,8,3496,8,1,1,0,100000,0,0,0,0,0,0,0,0,0,0,0,0,0,0,0,0,0,0,1,0,331,,395,0,,1,1,0,1,0,0,0,0
17267,0,sepia_female_kimono,Sepia female kimono,16,0,1,0,10041,31,3496,31,1,1,0,100000,0,0,0,0,0,0,0,0,0,0,0,0,0,0,0,0,0,0,1,0,331,,395,0,,1,1,0,1,0,0,0,0
17268,0,shamrock_female_kimono,Shamrock female kimono,16,0,1,0,10041,9,3496,9,1,1,0,100000,0,0,0,0,0,0,0,0,0,0,0,0,0,0,0,0,0,0,1,0,331,,395,0,,1,1,0,1,0,0,0,0
17269,0,sunglow_female_kimono,Sunglow female kimono,16,0,1,0,10041,17,3496,17,1,1,0,100000,0,0,0,0,0,0,0,0,0,0,0,0,0,0,0,0,0,0,1,0,331,,395,0,,1,1,0,1,0,0,0,0
17270,0,taupe_female_kimono,Taupe female kimono,16,0,1,0,10041,28,3496,28,1,1,0,100000,0,0,0,0,0,0,0,0,0,0,0,0,0,0,0,0,0,0,1,0,331,,395,0,,1,1,0,1,0,0,0,0
17271,0,twilight_female_kimono,Twilight female kimono,16,0,1,0,10041,11,3496,11,1,1,0,100000,0,0,0,0,0,0,0,0,0,0,0,0,0,0,0,0,0,0,1,0,331,,395,0,,1,1,0,1,0,0,0,0
17272,0,wisteria_female_kimono,Wisteria female kimono,16,0,1,0,10041,4,3496,4,1,1,0,100000,0,0,0,0,0,0,0,0,0,0,0,0,0,0,0,0,0,0,1,0,331,,395,0,,1,1,0,1,0,0,0,0
17273,0,black_male_kimono,Black male kimono,16,0,1,0,10033,25,3493,25,0,1,0,100000,0,0,0,0,0,0,0,0,0,0,0,0,0,0,0,0,0,0,1,0,331,,395,0,,1,1,0,1,0,0,0,0
17274,0,blue_male_kimono,Blue male kimono,16,0,1,0,10033,0,3493,0,0,1,0,100000,0,0,0,0,0,0,0,0,0,0,0,0,0,0,0,0,0,0,1,0,331,,395,0,,1,1,0,1,0,0,0,0
17275,0,brown_male_kimono,Brown male kimono,16,0,1,0,10033,27,3493,27,0,1,0,100000,0,0,0,0,0,0,0,0,0,0,0,0,0,0,0,0,0,0,1,0,331,,395,0,,1,1,0,1,0,0,0,0
17276,0,green_male_kimono,Green male kimono,16,0,1,0,10033,29,3493,29,0,1,0,100000,0,0,0,0,0,0,0,0,0,0,0,0,0,0,0,0,0,0,1,0,331,,395,0,,1,1,0,1,0,0,0,0
17277,0,amaranth_hakama,Amaranth hakama,16,0,1,0,10033,4,3493,4,2,1,0,100000,0,0,0,0,0,0,0,0,0,0,0,0,0,0,0,0,0,0,1,0,331,,395,0,,1,1,0,1,0,0,0,0
17278,0,bondi_hakama,Bondi hakama,16,0,1,0,10033,33,3493,33,2,1,0,100000,0,0,0,0,0,0,0,0,0,0,0,0,0,0,0,0,0,0,1,0,331,,395,0,,1,1,0,1,0,0,0,0
17279,0,dark_grey_hakama,Dark grey hakama,16,0,1,0,10033,43,3493,43,2,1,0,100000,0,0,0,0,0,0,0,0,0,0,0,0,0,0,0,0,0,0,1,0,331,,395,0,,1,1,0,1,0,0,0,0
17280,0,deep_purple_hakama,Deep purple hakama,16,0,1,0,10033,72,3493,72,2,1,0,100000,0,0,0,0,0,0,0,0,0,0,0,0,0,0,0,0,0,0,1,0,331,,395,0,,1,1,0,1,0,0,0,0
17281,0,diamond_hakama,Diamond hakama,16,0,1,0,10033,12,3493,12,2,1,0,100000,0,0,0,0,0,0,0,0,0,0,0,0,0,0,0,0,0,0,1,0,331,,395,0,,1,1,0,1,0,0,0,0
17282,0,grin_hakama,Grin hakama,16,0,1,0,10033,58,3493,58,2,1,0,100000,0,0,0,0,0,0,0,0,0,0,0,0,0,0,0,0,0,0,1,0,331,,395,0,,1,1,0,1,0,0,0,0
17283,0,indigo_hakama,Indigo hakama,16,0,1,0,10033,47,3493,47,2,1,0,100000,0,0,0,0,0,0,0,0,0,0,0,0,0,0,0,0,0,0,1,0,331,,395,0,,1,1,0,1,0,0,0,0
17284,0,jade_hakama,Jade hakama,16,0,1,0,10033,5,3493,5,2,1,0,100000,0,0,0,0,0,0,0,0,0,0,0,0,0,0,0,0,0,0,1,0,331,,395,0,,1,1,0,1,0,0,0,0
17285,0,khaki_hakama,Khaki hakama,16,0,1,0,10033,6,3493,6,2,1,0,100000,0,0,0,0,0,0,0,0,0,0,0,0,0,0,0,0,0,0,1,0,331,,395,0,,1,1,0,1,0,0,0,0
17286,0,light_blue_hakama,Light blue hakama,16,0,1,0,10033,1,3493,1,2,1,0,100000,0,0,0,0,0,0,0,0,0,0,0,0,0,0,0,0,0,0,1,0,331,,395,0,,1,1,0,1,0,0,0,0
17287,0,light_green_hakama,Light green hakama,16,0,1,0,10033,30,3493,30,2,1,0,100000,0,0,0,0,0,0,0,0,0,0,0,0,0,0,0,0,0,0,1,0,331,,395,0,,1,1,0,1,0,0,0,0
17288,0,lilac_hakama,Lilac hakama,16,0,1,0,10033,121,3493,121,2,1,0,100000,0,0,0,0,0,0,0,0,0,0,0,0,0,0,0,0,0,0,1,0,331,,395,0,,1,1,0,1,0,0,0,0
17289,0,magenta_hakama,Magenta hakama,16,0,1,0,10033,217,3493,217,2,1,0,100000,0,0,0,0,0,0,0,0,0,0,0,0,0,0,0,0,0,0,1,0,331,,395,0,,1,1,0,1,0,0,0,0
17290,0,olive_green_hakama,Olive green hakama,16,0,1,0,10033,11,3493,11,2,1,0,100000,0,0,0,0,0,0,0,0,0,0,0,0,0,0,0,0,0,0,1,0,331,,395,0,,1,1,0,1,0,0,0,0
17291,0,opal_hakama,Opal hakama,16,0,1,0,10033,162,3493,162,2,1,0,100000,0,0,0,0,0,0,0,0,0,0,0,0,0,0,0,0,0,0,1,0,331,,395,0,,1,1,0,1,0,0,0,0
17292,0,orange_hakama,Orange hakama,16,0,1,0,10033,181,3493,181,2,1,0,100000,0,0,0,0,0,0,0,0,0,0,0,0,0,0,0,0,0,0,1,0,331,,395,0,,1,1,0,1,0,0,0,0
17293,0,purple_hakama,Purple hakama,16,0,1,0,10033,2,3493,2,2,1,0,100000,0,0,0,0,0,0,0,0,0,0,0,0,0,0,0,0,0,0,1,0,331,,395,0,,1,1,0,1,0,0,0,0
17294,0,red_hakama,Red hakama,16,0,1,0,10033,206,3493,206,2,1,0,100000,0,0,0,0,0,0,0,0,0,0,0,0,0,0,0,0,0,0,1,0,331,,395,0,,1,1,0,1,0,0,0,0
17295,0,sapphire_hakama,Sapphire hakama,16,0,1,0,10033,59,3493,59,2,1,0,100000,0,0,0,0,0,0,0,0,0,0,0,0,0,0,0,0,0,0,1,0,331,,395,0,,1,1,0,1,0,0,0,0
17296,0,shamrock_hakama,Shamrock hakama,16,0,1,0,10033,57,3493,57,2,1,0,100000,0,0,0,0,0,0,0,0,0,0,0,0,0,0,0,0,0,0,1,0,331,,395,0,,1,1,0,1,0,0,0,0
17297,0,sun_hakama,Sun hakama,16,0,1,0,10033,45,3493,45,2,1,0,100000,0,0,0,0,0,0,0,0,0,0,0,0,0,0,0,0,0,0,1,0,331,,395,0,,1,1,0,1,0,0,0,0
17298,0,twilight_hakama,Twilight hakama,16,0,1,0,10033,7,3493,7,2,1,0,100000,0,0,0,0,0,0,0,0,0,0,0,0,0,0,0,0,0,0,1,0,331,,395,0,,1,1,0,1,0,0,0,0
17299,0,white_hakama,White hakama,16,0,1,0,10033,26,3493,26,2,1,0,100000,0,0,0,0,0,0,0,0,0,0,0,0,0,0,0,0,0,0,1,0,331,,395,0,,1,1,0,1,0,0,0,0
17300,0,yellow_hakama,Yellow hakama,16,0,1,0,10033,13,3493,13,2,1,0,100000,0,0,0,0,0,0,0,0,0,0,0,0,0,0,0,0,0,0,1,0,331,,395,0,,1,1,0,1,0,0,0,0
17301,0,crimson_hakama,Crimson hakama,16,0,1,0,10033,14,3493,14,2,1,0,100000,0,0,0,0,0,0,0,0,0,0,0,0,0,0,0,0,0,0,1,0,331,,395,0,,1,1,0,1,0,0,0,0
17302,0,black_snazzy_skirt,Black snazzy skirt,16,0,1,0,10123,0,4063,0,1,1,0,100000,0,0,0,0,0,0,0,0,0,0,0,0,0,0,0,0,0,0,1,0,331,,395,0,,1,1,0,1,0,0,0,0
17303,0,blue_snazzy_skirt,Blue snazzy skirt,16,0,1,0,10123,169,4063,169,1,1,0,100000,0,0,0,0,0,0,0,0,0,0,0,0,0,0,0,0,0,0,1,0,331,,395,0,,1,1,0,1,0,0,0,0
17304,0,brown_snazzy_skirt,Brown snazzy skirt,16,0,1,0,10123,10,4063,10,1,1,0,100000,0,0,0,0,0,0,0,0,0,0,0,0,0,0,0,0,0,0,1,0,331,,395,0,,1,1,0,1,0,0,0,0
17305,0,cerulean_snazzy_skirt,Cerulean snazzy skirt,16,0,1,0,10123,221,4063,221,1,1,0,100000,0,0,0,0,0,0,0,0,0,0,0,0,0,0,0,0,0,0,1,0,331,,395,0,,1,1,0,1,0,0,0,0
17306,0,dark_snazzy_skirt,Dark snazzy skirt,16,0,1,0,10123,80,4063,80,1,1,0,100000,0,0,0,0,0,0,0,0,0,0,0,0,0,0,0,0,0,0,1,0,331,,395,0,,1,1,0,1,0,0,0,0
17307,0,dusk_snazzy_skirt,Dusk snazzy skirt,16,0,1,0,10123,112,4063,112,1,1,0,100000,0,0,0,0,0,0,0,0,0,0,0,0,0,0,0,0,0,0,1,0,331,,395,0,,1,1,0,1,0,0,0,0
17308,0,green_snazzy_skirt,Green snazzy skirt,16,0,1,0,10123,96,4063,96,1,1,0,100000,0,0,0,0,0,0,0,0,0,0,0,0,0,0,0,0,0,0,1,0,331,,395,0,,1,1,0,1,0,0,0,0
17309,0,kelly_snazzy_skirt,Kelly snazzy skirt,16,0,1,0,10123,216,4063,216,1,1,0,100000,0,0,0,0,0,0,0,0,0,0,0,0,0,0,0,0,0,0,1,0,331,,395,0,,1,1,0,1,0,0,0,0
17310,0,mint_snazzy_skirt,Mint snazzy skirt,16,0,1,0,10123,41,4063,41,1,1,0,100000,0,0,0,0,0,0,0,0,0,0,0,0,0,0,0,0,0,0,1,0,331,,395,0,,1,1,0,1,0,0,0,0
17311,0,mustard_snazzy_skirt,Mustard snazzy skirt,16,0,1,0,10123,190,4063,190,1,1,0,100000,0,0,0,0,0,0,0,0,0,0,0,0,0,0,0,0,0,0,1,0,331,,395,0,,1,1,0,1,0,0,0,0
17312,0,navy_snazzy_skirt,Navy snazzy skirt,16,0,1,0,10123,57,4063,57,1,1,0,100000,0,0,0,0,0,0,0,0,0,0,0,0,0,0,0,0,0,0,1,0,331,,395,0,,1,1,0,1,0,0,0,0
17313,0,pink_snazzy_skirt,Pink snazzy skirt,16,0,1,0,10123,4,4063,4,1,1,0,100000,0,0,0,0,0,0,0,0,0,0,0,0,0,0,0,0,0,0,1,0,331,,395,0,,1,1,0,1,0,0,0,0
17314,0,purple_snazzy_skirt,Purple snazzy skirt,16,0,1,0,10123,117,4063,117,1,1,0,100000,0,0,0,0,0,0,0,0,0,0,0,0,0,0,0,0,0,0,1,0,331,,395,0,,1,1,0,1,0,0,0,0
17315,0,red_snazzy_skirt,Red snazzy skirt,16,0,1,0,10123,2,4063,2,1,1,0,100000,0,0,0,0,0,0,0,0,0,0,0,0,0,0,0,0,0,0,1,0,331,,395,0,,1,1,0,1,0,0,0,0
17316,0,rust_snazzy_skirt,Rust snazzy skirt,16,0,1,0,10123,147,4063,147,1,1,0,100000,0,0,0,0,0,0,0,0,0,0,0,0,0,0,0,0,0,0,1,0,331,,395,0,,1,1,0,1,0,0,0,0
17317,0,sweetheart_snazzy_skirt,Sweetheart snazzy skirt,16,0,1,0,10123,0,4063,0,1,1,0,100000,0,0,0,0,0,0,0,0,0,0,0,0,0,0,0,0,0,0,1,0,331,,395,0,,1,1,0,1,0,0,0,0
17318,0,beige_snazzy_suit,Beige snazzy suit,16,0,1,0,10122,10,4062,10,0,1,0,100000,0,0,0,0,0,0,0,0,0,0,0,0,0,0,0,0,0,0,1,0,331,,395,0,,1,1,0,1,0,0,0,0
17319,0,black_snazzy_suit,Black snazzy suit,16,0,1,0,10122,0,4062,0,0,1,0,100000,0,0,0,0,0,0,0,0,0,0,0,0,0,0,0,0,0,0,1,0,331,,395,0,,1,1,0,1,0,0,0,0
17320,0,blue_snazzy_suit,Blue snazzy suit,16,0,1,0,10122,169,4062,169,0,1,0,100000,0,0,0,0,0,0,0,0,0,0,0,0,0,0,0,0,0,0,1,0,331,,395,0,,1,1,0,1,0,0,0,0
17321,0,brown_snazzy_suit,Brown snazzy suit,16,0,1,0,10122,24,4062,24,0,1,0,100000,0,0,0,0,0,0,0,0,0,0,0,0,0,0,0,0,0,0,1,0,331,,395,0,,1,1,0,1,0,0,0,0
17322,0,cerulean_snazzy_suit,Cerulean snazzy suit,16,0,1,0,10122,86,4062,86,0,1,0,100000,0,0,0,0,0,0,0,0,0,0,0,0,0,0,0,0,0,0,1,0,331,,395,0,,1,1,0,1,0,0,0,0
17323,0,dark_snazzy_suit,Dark snazzy suit,16,0,1,0,10122,80,4062,80,0,1,0,100000,0,0,0,0,0,0,0,0,0,0,0,0,0,0,0,0,0,0,1,0,331,,395,0,,1,1,0,1,0,0,0,0
17324,0,denim_snazzy_suit,Denim snazzy suit,16,0,1,0,10122,218,4062,218,0,1,0,100000,0,0,0,0,0,0,0,0,0,0,0,0,0,0,0,0,0,0,1,0,331,,395,0,,1,1,0,1,0,0,0,0
17325,0,ebony_snazzy_suit,Ebony snazzy suit,16,0,1,0,10122,254,4062,254,0,1,0,100000,0,0,0,0,0,0,0,0,0,0,0,0,0,0,0,0,0,0,1,0,331,,395,0,,1,1,0,1,0,0,0,0
17326,0,gray_snazzy_suit,Gray snazzy suit,16,0,1,0,10122,8,4062,8,0,1,0,100000,0,0,0,0,0,0,0,0,0,0,0,0,0,0,0,0,0,0,1,0,331,,395,0,,1,1,0,1,0,0,0,0
17327,0,green_snazzy_suit,Green snazzy suit,16,0,1,0,10122,159,4062,159,0,1,0,100000,0,0,0,0,0,0,0,0,0,0,0,0,0,0,0,0,0,0,1,0,331,,395,0,,1,1,0,1,0,0,0,0
17328,0,heartbreaker_snazzy_suit,Heartbreaker snazzy suit,16,0,1,0,10122,0,4062,0,0,1,0,100000,0,0,0,0,0,0,0,0,0,0,0,0,0,0,0,0,0,0,1,0,331,,395,0,,1,1,0,1,0,0,0,0
17329,0,mustard_snazzy_suit,Mustard snazzy suit,16,0,1,0,10122,155,4062,155,0,1,0,100000,0,0,0,0,0,0,0,0,0,0,0,0,0,0,0,0,0,0,1,0,331,,395,0,,1,1,0,1,0,0,0,0
17330,0,navy_snazzy_suit,Navy snazzy suit,16,0,1,0,10122,168,4062,168,0,1,0,100000,0,0,0,0,0,0,0,0,0,0,0,0,0,0,0,0,0,0,1,0,331,,395,0,,1,1,0,1,0,0,0,0
17331,0,red_snazzy_suit,Red snazzy suit,16,0,1,0,10122,2,4062,2,0,1,0,100000,0,0,0,0,0,0,0,0,0,0,0,0,0,0,0,0,0,0,1,0,331,,395,0,,1,1,0,1,0,0,0,0
17332,0,rust_snazzy_suit,Rust snazzy suit,16,0,1,0,10122,75,4062,75,0,1,0,100000,0,0,0,0,0,0,0,0,0,0,0,0,0,0,0,0,0,0,1,0,331,,395,0,,1,1,0,1,0,0,0,0
17333,0,teal_snazzy_suit,Teal snazzy suit,16,0,1,0,10122,73,4062,73,0,1,0,100000,0,0,0,0,0,0,0,0,0,0,0,0,0,0,0,0,0,0,1,0,331,,395,0,,1,1,0,1,0,0,0,0
17334,0,purple_snazzy_suit,Purple snazzy suit,16,0,1,0,10122,117,4062,117,0,1,0,100000,0,0,0,0,0,0,0,0,0,0,0,0,0,0,0,0,0,0,1,0,331,,395,0,,1,1,0,1,0,0,0,0
17335,0,orange_snazzy_suit,Orange snazzy suit,16,0,1,0,10122,147,4062,147,0,1,0,100000,0,0,0,0,0,0,0,0,0,0,0,0,0,0,0,0,0,0,1,0,331,,395,0,,1,1,0,1,0,0,0,0
17336,0,violet_snazzy_suit,Violet snazzy suit,16,0,1,0,10122,148,4062,148,0,1,0,100000,0,0,0,0,0,0,0,0,0,0,0,0,0,0,0,0,0,0,1,0,331,,395,0,,1,1,0,1,0,0,0,0
17337,0,embroidered_jade_great_cloak,Embroidered jade great cloak,16,0,1,0,10263,0,4955,0,2,1,0,100000,0,0,0,0,0,0,0,0,0,0,0,0,0,0,0,0,0,0,1,0,331,,550,0,,1,1,0,1,0,0,0,0
17338,0,embroidered_red_great_cloak,Embroidered red great cloak,16,0,1,0,10263,47,4955,47,2,1,0,100000,0,0,0,0,0,0,0,0,0,0,0,0,0,0,0,0,0,0,1,0,331,,550,0,,1,1,0,1,0,0,0,0
17339,0,embroidered_blue_great_cloak,Embroidered blue great cloak,16,0,1,0,10263,4,4955,4,2,1,0,100000,0,0,0,0,0,0,0,0,0,0,0,0,0,0,0,0,0,0,1,0,331,,550,0,,1,1,0,1,0,0,0,0
17340,0,embroidered_purple_great_cloak,Embroidered purple great cloak,16,0,1,0,10263,8,4955,8,2,1,0,100000,0,0,0,0,0,0,0,0,0,0,0,0,0,0,0,0,0,0,1,0,331,,550,0,,1,1,0,1,0,0,0,0
17341,0,embroidered_brown_great_cloak,Embroidered brown great cloak,16,0,1,0,10263,10,4955,10,2,1,0,100000,0,0,0,0,0,0,0,0,0,0,0,0,0,0,0,0,0,0,1,0,331,,550,0,,1,1,0,1,0,0,0,0
17342,0,embroidered_green_great_cloak,Embroidered green great cloak,16,0,1,0,10263,11,4955,11,2,1,0,100000,0,0,0,0,0,0,0,0,0,0,0,0,0,0,0,0,0,0,1,0,331,,550,0,,1,1,0,1,0,0,0,0
17343,0,embroidered_white_great_cloak,Embroidered white great cloak,16,0,1,0,10263,18,4955,18,2,1,0,100000,0,0,0,0,0,0,0,0,0,0,0,0,0,0,0,0,0,0,1,0,331,,550,0,,1,1,0,1,0,0,0,0
17344,0,embroidered_pink_great_cloak,Embroidered pink great cloak,16,0,1,0,10263,19,4955,19,2,1,0,100000,0,0,0,0,0,0,0,0,0,0,0,0,0,0,0,0,0,0,1,0,331,,550,0,,1,1,0,1,0,0,0,0
17345,0,embroidered_dark_blue_great_cloak,Embroidered dk blue great cloak,16,0,1,0,10263,26,4955,26,2,1,0,100000,0,0,0,0,0,0,0,0,0,0,0,0,0,0,0,0,0,0,1,0,331,,550,0,,1,1,0,1,0,0,0,0
17346,0,embroidered_light_green_great_cloak,Embroidered lt green great cloak,16,0,1,0,10263,35,4955,35,2,1,0,100000,0,0,0,0,0,0,0,0,0,0,0,0,0,0,0,0,0,0,1,0,331,,550,0,,1,1,0,1,0,0,0,0
17347,0,embroidered_black_great_cloak,Embroidered black great cloak,16,0,1,0,10263,44,4955,44,2,1,0,100000,0,0,0,0,0,0,0,0,0,0,0,0,0,0,0,0,0,0,1,0,331,,550,0,,1,1,0,1,0,0,0,0
17348,0,purple_soul_serpent_dress,Purple soul serpent dress,16,0,1,0,394,0,5626,0,1,1,0,100000,0,0,0,0,0,0,0,0,0,0,0,0,0,0,0,0,0,0,1,0,331,,695,0,,1,1,0,1,0,0,0,0
17349,0,grey_soul_serpent_dress,Grey soul serpent dress,16,0,1,0,394,2,5626,2,1,1,0,100000,0,0,0,0,0,0,0,0,0,0,0,0,0,0,0,0,0,0,1,0,331,,695,0,,1,1,0,1,0,0,0,0
17350,0,green_soul_serpent_dress,Green soul serpent dress,16,0,1,0,394,6,5626,6,1,1,0,100000,0,0,0,0,0,0,0,0,0,0,0,0,0,0,0,0,0,0,1,0,331,,695,0,,1,1,0,1,0,0,0,0
17351,0,gold_soul_serpent_dress,Gold soul serpent dress,16,0,1,0,394,12,5626,12,1,1,0,100000,0,0,0,0,0,0,0,0,0,0,0,0,0,0,0,0,0,0,1,0,331,,695,0,,1,1,0,1,0,0,0,0
17352,0,red_soul_serpent_dress,Red soul serpent dress,16,0,1,0,394,22,5626,22,1,1,0,100000,0,0,0,0,0,0,0,0,0,0,0,0,0,0,0,0,0,0,1,0,331,,695,0,,1,1,0,1,0,0,0,0
17353,0,purple_soul_serpent_robe,Purple soul serpent robe,16,0,1,0,393,0,5625,0,0,1,0,100000,0,0,0,0,0,0,0,0,0,0,0,0,0,0,0,0,0,0,1,0,331,,695,0,,1,1,0,1,0,0,0,0
17354,0,grey_soul_serpent_robe,Grey soul serpent robe,16,0,1,0,393,2,5625,2,0,1,0,100000,0,0,0,0,0,0,0,0,0,0,0,0,0,0,0,0,0,0,1,0,331,,695,0,,1,1,0,1,0,0,0,0
17355,0,green_soul_serpent_robe,Green soul serpent robe,16,0,1,0,393,6,5625,6,0,1,0,100000,0,0,0,0,0,0,0,0,0,0,0,0,0,0,0,0,0,0,1,0,331,,695,0,,1,1,0,1,0,0,0,0
17356,0,gold_soul_serpent_robe,Gold soul serpent robe,16,0,1,0,393,12,5625,12,0,1,0,100000,0,0,0,0,0,0,0,0,0,0,0,0,0,0,0,0,0,0,1,0,331,,695,0,,1,1,0,1,0,0,0,0
17357,0,red_soul_serpent_robe,Red soul serpent robe,16,0,1,0,393,22,5625,22,0,1,0,100000,0,0,0,0,0,0,0,0,0,0,0,0,0,0,0,0,0,0,1,0,331,,695,0,,1,1,0,1,0,0,0,0
17358,0,lei_effect,Lei effect,13,0,1,0,48,0,4708,0,2,1,0,100000,0,0,0,0,0,0,0,0,0,0,0,0,0,0,0,0,0,0,1,0,331,,195,0,,1,1,0,1,0,0,0,0
17359,0,black_kanzashi,Black kanzashi,12,0,1,0,74,29,3498,29,2,1,0,100000,0,0,0,0,0,0,0,0,0,0,0,0,0,0,0,0,0,0,1,0,331,,195,0,,1,1,0,1,0,0,0,0
17360,0,bondi_kanzashi,Bondi kanzashi,12,0,1,0,74,21,3498,21,2,1,0,100000,0,0,0,0,0,0,0,0,0,0,0,0,0,0,0,0,0,0,1,0,331,,195,0,,1,1,0,1,0,0,0,0
17361,0,chai_kanzashi,Chai kanzashi,12,0,1,0,74,3,3498,3,2,1,0,100000,0,0,0,0,0,0,0,0,0,0,0,0,0,0,0,0,0,0,1,0,331,,195,0,,1,1,0,1,0,0,0,0
17362,0,charcoal_kanzashi,Charcoal kanzashi,12,0,1,0,74,15,3498,15,2,1,0,100000,0,0,0,0,0,0,0,0,0,0,0,0,0,0,0,0,0,0,1,0,331,,195,0,,1,1,0,1,0,0,0,0
17363,0,diamond_kanzashi,Diamond kanzashi,12,0,1,0,74,30,3498,30,2,1,0,100000,0,0,0,0,0,0,0,0,0,0,0,0,0,0,0,0,0,0,1,0,331,,195,0,,1,1,0,1,0,0,0,0
17364,0,earthen_kanzashi,Earthen kanzashi,12,0,1,0,74,10,3498,10,2,1,0,100000,0,0,0,0,0,0,0,0,0,0,0,0,0,0,0,0,0,0,1,0,331,,195,0,,1,1,0,1,0,0,0,0
17365,0,jade_kanzashi,Jade kanzashi,12,0,1,0,74,20,3498,20,2,1,0,100000,0,0,0,0,0,0,0,0,0,0,0,0,0,0,0,0,0,0,1,0,331,,195,0,,1,1,0,1,0,0,0,0
17366,0,khaki_kanzashi,Khaki kanzashi,12,0,1,0,74,22,3498,22,2,1,0,100000,0,0,0,0,0,0,0,0,0,0,0,0,0,0,0,0,0,0,1,0,331,,195,0,,1,1,0,1,0,0,0,0
17367,0,light_blue_kanzashi,Light blue kanzashi,12,0,1,0,74,27,3498,27,2,1,0,100000,0,0,0,0,0,0,0,0,0,0,0,0,0,0,0,0,0,0,1,0,331,,195,0,,1,1,0,1,0,0,0,0
17368,0,lime_kanzashi,Lime kanzashi,12,0,1,0,74,2,3498,2,2,1,0,100000,0,0,0,0,0,0,0,0,0,0,0,0,0,0,0,0,0,0,1,0,331,,195,0,,1,1,0,1,0,0,0,0
17369,0,mauve_kanzashi,Mauve kanzashi,12,0,1,0,74,26,3498,26,2,1,0,100000,0,0,0,0,0,0,0,0,0,0,0,0,0,0,0,0,0,0,1,0,331,,195,0,,1,1,0,1,0,0,0,0
17370,0,mint_kanzashi,Mint kanzashi,12,0,1,0,74,19,3498,19,2,1,0,100000,0,0,0,0,0,0,0,0,0,0,0,0,0,0,0,0,0,0,1,0,331,,195,0,,1,1,0,1,0,0,0,0
17371,0,olive_kanzashi,Olive kanzashi,12,0,1,0,74,1,3498,1,2,1,0,100000,0,0,0,0,0,0,0,0,0,0,0,0,0,0,0,0,0,0,1,0,331,,195,0,,1,1,0,1,0,0,0,0
17372,0,pink_kanzashi,Pink kanzashi,12,0,1,0,74,0,3498,0,2,1,0,100000,0,0,0,0,0,0,0,0,0,0,0,0,0,0,0,0,0,0,1,0,331,,195,0,,1,1,0,1,0,0,0,0
17373,0,rose_kanzashi,Rose kanzashi,12,0,1,0,74,8,3498,8,2,1,0,100000,0,0,0,0,0,0,0,0,0,0,0,0,0,0,0,0,0,0,1,0,331,,195,0,,1,1,0,1,0,0,0,0
17374,0,sepia_kanzashi,Sepia kanzashi,12,0,1,0,74,31,3498,31,2,1,0,100000,0,0,0,0,0,0,0,0,0,0,0,0,0,0,0,0,0,0,1,0,331,,195,0,,1,1,0,1,0,0,0,0
17375,0,shamrock_kanzashi,Shamrock kanzashi,12,0,1,0,74,9,3498,9,2,1,0,100000,0,0,0,0,0,0,0,0,0,0,0,0,0,0,0,0,0,0,1,0,331,,195,0,,1,1,0,1,0,0,0,0
17376,0,sunrise_kanzashi,Sunrise kanzashi,12,0,1,0,74,7,3498,7,2,1,0,100000,0,0,0,0,0,0,0,0,0,0,0,0,0,0,0,0,0,0,1,0,331,,195,0,,1,1,0,1,0,0,0,0
17377,0,taupe_kanzashi,Taupe kanzashi,12,0,1,0,74,28,3498,28,2,1,0,100000,0,0,0,0,0,0,0,0,0,0,0,0,0,0,0,0,0,0,1,0,331,,195,0,,1,1,0,1,0,0,0,0
17378,0,tea_rose__kanzashi,Tea rose kanzashi,12,0,1,0,74,24,3498,24,2,1,0,100000,0,0,0,0,0,0,0,0,0,0,0,0,0,0,0,0,0,0,1,0,331,,195,0,,1,1,0,1,0,0,0,0
17379,0,twilight_kanzashi,Twilight kanzashi,12,0,1,0,74,11,3498,11,2,1,0,100000,0,0,0,0,0,0,0,0,0,0,0,0,0,0,0,0,0,0,1,0,331,,195,0,,1,1,0,1,0,0,0,0
17380,0,wintery_kanzashi,Wintery kanzashi,12,0,1,0,74,25,3498,25,2,1,0,100000,0,0,0,0,0,0,0,0,0,0,0,0,0,0,0,0,0,0,1,0,331,,195,0,,1,1,0,1,0,0,0,0
17381,0,zinnwaldite_kanzashi,Zinnwaldite kanzashi,12,0,1,0,74,23,3498,23,2,1,0,100000,0,0,0,0,0,0,0,0,0,0,0,0,0,0,0,0,0,0,1,0,331,,195,0,,1,1,0,1,0,0,0,0
17382,0,aqua_samurai_hairpiece,Aqua samurai hairpiece,12,0,1,0,70,31,3495,31,2,1,0,100000,0,0,0,0,0,0,0,0,0,0,0,0,0,0,0,0,0,0,1,0,331,,195,0,,1,1,0,1,0,0,0,0
17383,0,arcadia_samurai_hairpiece,Arcadia samurai hairpiece,12,0,1,0,70,21,3495,21,2,1,0,100000,0,0,0,0,0,0,0,0,0,0,0,0,0,0,0,0,0,0,1,0,331,,195,0,,1,1,0,1,0,0,0,0
17384,0,ardoise_samurai_hairpiece,Ardoise samurai hairpiece,12,0,1,0,70,4,3495,4,2,1,0,100000,0,0,0,0,0,0,0,0,0,0,0,0,0,0,0,0,0,0,1,0,331,,195,0,,1,1,0,1,0,0,0,0
17385,0,black_samurai_hairpiece,Black samurai hairpiece,12,0,1,0,70,1,3495,1,2,1,0,100000,0,0,0,0,0,0,0,0,0,0,0,0,0,0,0,0,0,0,1,0,331,,195,0,,1,1,0,1,0,0,0,0
17386,0,chasseur_samurai_hairpiece,Chasseur samurai hairpiece,12,0,1,0,70,5,3495,5,2,1,0,100000,0,0,0,0,0,0,0,0,0,0,0,0,0,0,0,0,0,0,1,0,331,,195,0,,1,1,0,1,0,0,0,0
17387,0,chestnut_samurai_hairpiece,Chestnut samurai hairpiece,12,0,1,0,70,27,3495,27,2,1,0,100000,0,0,0,0,0,0,0,0,0,0,0,0,0,0,0,0,0,0,1,0,331,,195,0,,1,1,0,1,0,0,0,0
17388,0,cobalt_samurai_hairpiece,Cobalt samurai hairpiece,12,0,1,0,70,8,3495,8,2,1,0,100000,0,0,0,0,0,0,0,0,0,0,0,0,0,0,0,0,0,0,1,0,331,,195,0,,1,1,0,1,0,0,0,0
17389,0,crimson_samurai_hairpiece,Crimson samurai hairpiece,12,0,1,0,70,22,3495,22,2,1,0,100000,0,0,0,0,0,0,0,0,0,0,0,0,0,0,0,0,0,0,1,0,331,,195,0,,1,1,0,1,0,0,0,0
17390,0,emerald_samurai_hairpiece,Emerald samurai hairpiece,12,0,1,0,70,13,3495,13,2,1,0,100000,0,0,0,0,0,0,0,0,0,0,0,0,0,0,0,0,0,0,1,0,331,,195,0,,1,1,0,1,0,0,0,0
17391,0,eminence_samurai_hairpiece,Eminence samurai hairpiece,12,0,1,0,70,29,3495,29,2,1,0,100000,0,0,0,0,0,0,0,0,0,0,0,0,0,0,0,0,0,0,1,0,331,,195,0,,1,1,0,1,0,0,0,0
17392,0,hazelnut_samurai_hairpiece,Hazelnut samurai hairpiece,12,0,1,0,70,28,3495,28,2,1,0,100000,0,0,0,0,0,0,0,0,0,0,0,0,0,0,0,0,0,0,1,0,331,,195,0,,1,1,0,1,0,0,0,0
17393,0,indigo_samurai_hairpiece,Indigo samurai hairpiece,12,0,1,0,70,10,3495,10,2,1,0,100000,0,0,0,0,0,0,0,0,0,0,0,0,0,0,0,0,0,0,1,0,331,,195,0,,1,1,0,1,0,0,0,0
17394,0,leather_samurai_hairpiece,Leather samurai hairpiece,12,0,1,0,70,3,3495,3,2,1,0,100000,0,0,0,0,0,0,0,0,0,0,0,0,0,0,0,0,0,0,1,0,331,,195,0,,1,1,0,1,0,0,0,0
17395,0,lime_samurai_hairpiece,Lime samurai hairpiece,12,0,1,0,70,6,3495,6,2,1,0,100000,0,0,0,0,0,0,0,0,0,0,0,0,0,0,0,0,0,0,1,0,331,,195,0,,1,1,0,1,0,0,0,0
17396,0,mahogany_samurai_hairpiece,Mahogany samurai hairpiece,12,0,1,0,70,12,3495,12,2,1,0,100000,0,0,0,0,0,0,0,0,0,0,0,0,0,0,0,0,0,0,1,0,331,,195,0,,1,1,0,1,0,0,0,0
17397,0,olive_samurai_hairpiece,Olive samurai hairpiece,12,0,1,0,70,7,3495,7,2,1,0,100000,0,0,0,0,0,0,0,0,0,0,0,0,0,0,0,0,0,0,1,0,331,,195,0,,1,1,0,1,0,0,0,0
17398,0,samurai_hairpiece,Samurai hairpiece,12,0,1,0,70,0,3495,0,2,1,0,100000,0,0,0,0,0,0,0,0,0,0,0,0,0,0,0,0,0,0,1,0,331,,195,0,,1,1,0,1,0,0,0,0
17399,0,sky_samurai_hairpiece,Sky samurai hairpiece,12,0,1,0,70,9,3495,9,2,1,0,100000,0,0,0,0,0,0,0,0,0,0,0,0,0,0,0,0,0,0,1,0,331,,195,0,,1,1,0,1,0,0,0,0
17400,0,tangerine_samurai_hairpiece,Tangerine samurai hairpiece,12,0,1,0,70,11,3495,11,2,1,0,100000,0,0,0,0,0,0,0,0,0,0,0,0,0,0,0,0,0,0,1,0,331,,195,0,,1,1,0,1,0,0,0,0
17401,0,teak_samurai_hairpiece,Teak samurai hairpiece,12,0,1,0,70,14,3495,14,2,1,0,100000,0,0,0,0,0,0,0,0,0,0,0,0,0,0,0,0,0,0,1,0,331,,195,0,,1,1,0,1,0,0,0,0
17402,0,violet_samurai_hairpiece,Violet samurai hairpiece,12,0,1,0,70,30,3495,30,2,1,0,100000,0,0,0,0,0,0,0,0,0,0,0,0,0,0,0,0,0,0,1,0,331,,195,0,,1,1,0,1,0,0,0,0
17403,0,white_samurai_hairpiece,White samurai hairpiece,12,0,1,0,70,2,3495,2,2,1,0,100000,0,0,0,0,0,0,0,0,0,0,0,0,0,0,0,0,0,0,1,0,331,,195,0,,1,1,0,1,0,0,0,0
17404,0,golden_highlights,Golden highlights,12,0,1,0,419,0,5283,0,2,1,0,100000,0,0,0,0,0,0,0,0,0,0,0,0,0,0,0,0,0,0,1,0,331,,195,0,,1,1,0,1,0,0,0,0
17405,0,blue_highlights,Blue highlights,12,0,1,0,419,1,5283,1,2,1,0,100000,0,0,0,0,0,0,0,0,0,0,0,0,0,0,0,0,0,0,1,0,331,,195,0,,1,1,0,1,0,0,0,0
17406,0,purple_highlights,Purple highlights,12,0,1,0,419,2,5283,2,2,1,0,100000,0,0,0,0,0,0,0,0,0,0,0,0,0,0,0,0,0,0,1,0,331,,195,0,,1,1,0,1,0,0,0,0
17407,0,light_pink_highlights,Light pink highlights,12,0,1,0,419,3,5283,3,2,1,0,100000,0,0,0,0,0,0,0,0,0,0,0,0,0,0,0,0,0,0,1,0,331,,195,0,,1,1,0,1,0,0,0,0
17408,0,pink_highlights,Pink highlights,12,0,1,0,419,4,5283,4,2,1,0,100000,0,0,0,0,0,0,0,0,0,0,0,0,0,0,0,0,0,0,1,0,331,,195,0,,1,1,0,1,0,0,0,0
17409,0,auburn_highlights,Auburn highlights,12,0,1,0,419,5,5283,5,2,1,0,100000,0,0,0,0,0,0,0,0,0,0,0,0,0,0,0,0,0,0,1,0,331,,195,0,,1,1,0,1,0,0,0,0
17410,0,black_highlights,Black highlights,12,0,1,0,419,11,5283,11,2,1,0,100000,0,0,0,0,0,0,0,0,0,0,0,0,0,0,0,0,0,0,1,0,331,,195,0,,1,1,0,1,0,0,0,0
17411,0,white_highlights,White highlights,12,0,1,0,419,12,5283,12,2,1,0,100000,0,0,0,0,0,0,0,0,0,0,0,0,0,0,0,0,0,0,1,0,331,,195,0,,1,1,0,1,0,0,0,0
17412,0,green_highlights,Green highlights,12,0,1,0,419,222,5283,222,2,1,0,100000,0,0,0,0,0,0,0,0,0,0,0,0,0,0,0,0,0,0,1,0,331,,195,0,,1,1,0,1,0,0,0,0
17413,0,brown_highlights,Brown highlights,12,0,1,0,419,228,5283,228,2,1,0,100000,0,0,0,0,0,0,0,0,0,0,0,0,0,0,0,0,0,0,1,0,331,,195,0,,1,1,0,1,0,0,0,0
17414,0,long_cap_hair,Long cap hair,12,0,1,0,396,0,5196,0,2,1,0,100000,0,0,0,0,0,0,0,0,0,0,0,0,0,0,0,0,0,0,1,0,331,,195,0,,1,1,0,1,0,0,0,0
17415,0,purple_long_cap_hair,Purple long cap hair,12,0,1,0,396,1,5196,1,2,1,0,100000,0,0,0,0,0,0,0,0,0,0,0,0,0,0,0,0,0,0,1,0,331,,195,0,,1,1,0,1,0,0,0,0
17416,0,black_long_cap_hair,Black long cap hair,12,0,1,0,396,2,5196,2,2,1,0,100000,0,0,0,0,0,0,0,0,0,0,0,0,0,0,0,0,0,0,1,0,331,,195,0,,1,1,0,1,0,0,0,0
17417,0,golden_long_cap_hair,Golden long cap hair,12,0,1,0,396,8,5196,8,2,1,0,100000,0,0,0,0,0,0,0,0,0,0,0,0,0,0,0,0,0,0,1,0,331,,195,0,,1,1,0,1,0,0,0,0
17418,0,silver_long_cap_hair,Silver long cap hair,12,0,1,0,396,10,5196,10,2,1,0,100000,0,0,0,0,0,0,0,0,0,0,0,0,0,0,0,0,0,0,1,0,331,,195,0,,1,1,0,1,0,0,0,0
17419,0,blue_long_cap_hair,Blue long cap hair,12,0,1,0,396,13,5196,13,2,1,0,100000,0,0,0,0,0,0,0,0,0,0,0,0,0,0,0,0,0,0,1,0,331,,195,0,,1,1,0,1,0,0,0,0
17420,0,dark_purple_long_cap_hair,Dk purple long cap hair,12,0,1,0,396,14,5196,14,2,1,0,100000,0,0,0,0,0,0,0,0,0,0,0,0,0,0,0,0,0,0,1,0,331,,195,0,,1,1,0,1,0,0,0,0
17421,0,black_cat_mask,Black cat mask,12,0,1,0,198,31,4097,31,2,1,0,100000,0,0,0,0,0,0,0,0,0,0,0,0,0,0,0,0,0,0,1,0,331,,295,0,,1,1,0,1,0,0,0,0
17422,0,emerald_cat_mask,Emerald cat mask,12,0,1,0,198,11,4097,11,2,1,0,100000,0,0,0,0,0,0,0,0,0,0,0,0,0,0,0,0,0,0,1,0,331,,295,0,,1,1,0,1,0,0,0,0
17423,0,gold_cat_mask,Gold cat mask,12,0,1,0,198,19,4097,19,2,1,0,100000,0,0,0,0,0,0,0,0,0,0,0,0,0,0,0,0,0,0,1,0,331,,295,0,,1,1,0,1,0,0,0,0
17424,0,orange_cat_mask,Orange cat mask,12,0,1,0,198,9,4097,9,2,1,0,100000,0,0,0,0,0,0,0,0,0,0,0,0,0,0,0,0,0,0,1,0,331,,295,0,,1,1,0,1,0,0,0,0
17425,0,teal_cat_mask,Teal cat mask,12,0,1,0,198,33,4097,33,2,1,0,100000,0,0,0,0,0,0,0,0,0,0,0,0,0,0,0,0,0,0,1,0,331,,295,0,,1,1,0,1,0,0,0,0
17426,0,white_cat_mask,White cat mask,12,0,1,0,198,0,4097,0,2,1,0,100000,0,0,0,0,0,0,0,0,0,0,0,0,0,0,0,0,0,0,1,0,331,,295,0,,1,1,0,1,0,0,0,0
17427,0,mystic_cobalt_necklace,Mystic cobalt necklace,14,0,1,0,4,4,3082,4,2,1,0,100000,0,0,0,0,0,0,0,0,0,0,0,0,0,0,0,0,0,0,1,0,331,,150,0,,1,1,0,1,0,0,0,0
17428,0,mystic_emerald_necklace,Mystic emerald necklace,14,0,1,0,4,2,3082,2,2,1,0,100000,0,0,0,0,0,0,0,0,0,0,0,0,0,0,0,0,0,0,1,0,331,,150,0,,1,1,0,1,0,0,0,0
17429,0,mystic_fire_necklace,Mystic fire necklace,14,0,1,0,4,5,3082,5,2,1,0,100000,0,0,0,0,0,0,0,0,0,0,0,0,0,0,0,0,0,0,1,0,331,,150,0,,1,1,0,1,0,0,0,0
17430,0,mystic_gold_necklace,Mystic gold necklace,14,0,1,0,4,0,3082,0,2,1,0,100000,0,0,0,0,0,0,0,0,0,0,0,0,0,0,0,0,0,0,1,0,331,,150,0,,1,1,0,1,0,0,0,0
17431,0,mystic_indigo_necklace,Mystic indigo necklace,14,0,1,0,4,31,3082,31,2,1,0,100000,0,0,0,0,0,0,0,0,0,0,0,0,0,0,0,0,0,0,1,0,331,,150,0,,1,1,0,1,0,0,0,0
17432,0,mystic_ivory_necklace,Mystic ivory necklace,14,0,1,0,4,9,3082,9,2,1,0,100000,0,0,0,0,0,0,0,0,0,0,0,0,0,0,0,0,0,0,1,0,331,,150,0,,1,1,0,1,0,0,0,0
17433,0,mystic_lime_necklace,Mystic lime necklace,14,0,1,0,4,27,3082,27,2,1,0,100000,0,0,0,0,0,0,0,0,0,0,0,0,0,0,0,0,0,0,1,0,331,,150,0,,1,1,0,1,0,0,0,0
17434,0,mystic_multi_necklace,Mystic multi necklace,14,0,1,0,4,6,3082,6,2,1,0,100000,0,0,0,0,0,0,0,0,0,0,0,0,0,0,0,0,0,0,1,0,331,,150,0,,1,1,0,1,0,0,0,0
17435,0,mystic_onyx_necklace,Mystic onyx necklace,14,0,1,0,4,8,3082,8,2,1,0,100000,0,0,0,0,0,0,0,0,0,0,0,0,0,0,0,0,0,0,1,0,331,,150,0,,1,1,0,1,0,0,0,0
17436,0,mystic_opal_necklace,Mystic opal necklace,14,0,1,0,4,10,3082,10,2,1,0,100000,0,0,0,0,0,0,0,0,0,0,0,0,0,0,0,0,0,0,1,0,331,,150,0,,1,1,0,1,0,0,0,0
17437,0,mystic_pastel_necklace,Mystic pastel necklace,14,0,1,0,4,7,3082,7,2,1,0,100000,0,0,0,0,0,0,0,0,0,0,0,0,0,0,0,0,0,0,1,0,331,,150,0,,1,1,0,1,0,0,0,0
17438,0,mystic_rose_necklace,Mystic rose necklace,14,0,1,0,4,1,3082,1,2,1,0,100000,0,0,0,0,0,0,0,0,0,0,0,0,0,0,0,0,0,0,1,0,331,,150,0,,1,1,0,1,0,0,0,0
17439,0,mystic_ruby_necklace,Mystic ruby necklace,14,0,1,0,4,11,3082,11,2,1,0,100000,0,0,0,0,0,0,0,0,0,0,0,0,0,0,0,0,0,0,1,0,331,,150,0,,1,1,0,1,0,0,0,0
17440,0,mystic_sea_necklace,Mystic sea necklace,14,0,1,0,4,30,3082,30,2,1,0,100000,0,0,0,0,0,0,0,0,0,0,0,0,0,0,0,0,0,0,1,0,331,,150,0,,1,1,0,1,0,0,0,0
17441,0,golden_amulet,Golden amulet,14,0,1,0,1,0,3085,0,2,1,0,100000,0,0,0,0,0,0,0,0,0,0,0,0,0,0,0,0,0,0,1,0,331,,95,0,,1,1,0,1,0,0,0,0
17442,0,ivory_amulet,Ivory amulet,14,0,1,0,1,4,3085,4,2,1,0,100000,0,0,0,0,0,0,0,0,0,0,0,0,0,0,0,0,0,0,1,0,331,,95,0,,1,1,0,1,0,0,0,0
17443,0,onyx_amulet,Onyx amulet,14,0,1,0,1,3,3085,3,2,1,0,100000,0,0,0,0,0,0,0,0,0,0,0,0,0,0,0,0,0,0,1,0,331,,95,0,,1,1,0,1,0,0,0,0
17444,0,silver_amulet,Silver amulet,14,0,1,0,2,0,3084,0,2,1,0,100000,0,0,0,0,0,0,0,0,0,0,0,0,0,0,0,0,0,0,1,0,331,,95,0,,1,1,0,1,0,0,0,0
17445,0,black_female_geta,Black female geta,15,0,1,0,29,31,3497,31,1,1,0,100000,0,0,0,0,0,0,0,0,0,0,0,0,0,0,0,0,0,0,1,0,331,,125,0,,1,1,0,1,0,0,0,0
17446,0,chai_female_geta,Chai female geta,15,0,1,0,29,5,3497,5,1,1,0,100000,0,0,0,0,0,0,0,0,0,0,0,0,0,0,0,0,0,0,1,0,331,,125,0,,1,1,0,1,0,0,0,0
17447,0,diamond_female_geta,Diamond female geta,15,0,1,0,29,18,3497,18,1,1,0,100000,0,0,0,0,0,0,0,0,0,0,0,0,0,0,0,0,0,0,1,0,331,,125,0,,1,1,0,1,0,0,0,0
17448,0,earthen_female_geta,Earthen female geta,15,0,1,0,29,27,3497,27,1,1,0,100000,0,0,0,0,0,0,0,0,0,0,0,0,0,0,0,0,0,0,1,0,331,,125,0,,1,1,0,1,0,0,0,0
17449,0,female_geta,Female geta,15,0,1,0,29,0,3497,0,1,1,0,100000,0,0,0,0,0,0,0,0,0,0,0,0,0,0,0,0,0,0,1,0,331,,125,0,,1,1,0,1,0,0,0,0
17450,0,jade_female_geta,Jade female geta,15,0,1,0,29,22,3497,22,1,1,0,100000,0,0,0,0,0,0,0,0,0,0,0,0,0,0,0,0,0,0,1,0,331,,125,0,,1,1,0,1,0,0,0,0
17451,0,khaki_female_geta,Khaki female geta,15,0,1,0,29,24,3497,24,1,1,0,100000,0,0,0,0,0,0,0,0,0,0,0,0,0,0,0,0,0,0,1,0,331,,125,0,,1,1,0,1,0,0,0,0
17452,0,light_blue_female_geta,Light blue female geta,15,0,1,0,29,29,3497,29,1,1,0,100000,0,0,0,0,0,0,0,0,0,0,0,0,0,0,0,0,0,0,1,0,331,,125,0,,1,1,0,1,0,0,0,0
17453,0,lilac_female_geta,Lilac female geta,15,0,1,0,29,8,3497,8,1,1,0,100000,0,0,0,0,0,0,0,0,0,0,0,0,0,0,0,0,0,0,1,0,331,,125,0,,1,1,0,1,0,0,0,0
17454,0,lime_female_geta,Lime female geta,15,0,1,0,29,4,3497,4,1,1,0,100000,0,0,0,0,0,0,0,0,0,0,0,0,0,0,0,0,0,0,1,0,331,,125,0,,1,1,0,1,0,0,0,0
17455,0,mauve_female_geta,Mauve female geta,15,0,1,0,29,2,3497,2,1,1,0,100000,0,0,0,0,0,0,0,0,0,0,0,0,0,0,0,0,0,0,1,0,331,,125,0,,1,1,0,1,0,0,0,0
17456,0,mint_female_geta,Mint female geta,15,0,1,0,29,21,3497,21,1,1,0,100000,0,0,0,0,0,0,0,0,0,0,0,0,0,0,0,0,0,0,1,0,331,,125,0,,1,1,0,1,0,0,0,0
17457,0,olive_female_geta,Olive female geta,15,0,1,0,29,12,3497,12,1,1,0,100000,0,0,0,0,0,0,0,0,0,0,0,0,0,0,0,0,0,0,1,0,331,,125,0,,1,1,0,1,0,0,0,0
17458,0,red_female_geta,Red female geta,15,0,1,0,29,20,3497,20,1,1,0,100000,0,0,0,0,0,0,0,0,0,0,0,0,0,0,0,0,0,0,1,0,331,,125,0,,1,1,0,1,0,0,0,0
17459,0,rose_female_geta,Rose female geta,15,0,1,0,29,10,3497,10,1,1,0,100000,0,0,0,0,0,0,0,0,0,0,0,0,0,0,0,0,0,0,1,0,331,,125,0,,1,1,0,1,0,0,0,0
17460,0,sepia_female_geta,Sepia female geta,15,0,1,0,29,1,3497,1,1,1,0,100000,0,0,0,0,0,0,0,0,0,0,0,0,0,0,0,0,0,0,1,0,331,,125,0,,1,1,0,1,0,0,0,0
17461,0,shamrock_female_geta,Shamrock female geta,15,0,1,0,29,11,3497,11,1,1,0,100000,0,0,0,0,0,0,0,0,0,0,0,0,0,0,0,0,0,0,1,0,331,,125,0,,1,1,0,1,0,0,0,0
17462,0,sky_female_geta,Sky female geta,15,0,1,0,29,7,3497,7,1,1,0,100000,0,0,0,0,0,0,0,0,0,0,0,0,0,0,0,0,0,0,1,0,331,,125,0,,1,1,0,1,0,0,0,0
17463,0,sunglow_female_geta,Sunglow female geta,15,0,1,0,29,19,3497,19,1,1,0,100000,0,0,0,0,0,0,0,0,0,0,0,0,0,0,0,0,0,0,1,0,331,,125,0,,1,1,0,1,0,0,0,0
17464,0,twilight_female_geta,Twilight female geta,15,0,1,0,29,13,3497,13,1,1,0,100000,0,0,0,0,0,0,0,0,0,0,0,0,0,0,0,0,0,0,1,0,331,,125,0,,1,1,0,1,0,0,0,0
17465,0,wintery_female_geta,Wintery female geta,15,0,1,0,29,0,3497,0,1,1,0,100000,0,0,0,0,0,0,0,0,0,0,0,0,0,0,0,0,0,0,1,0,331,,125,0,,1,1,0,1,0,0,0,0
17466,0,amethyst_male_geta,Amethyst male geta,15,0,1,0,27,2,3494,2,0,1,0,100000,0,0,0,0,0,0,0,0,0,0,0,0,0,0,0,0,0,0,1,0,331,,125,0,,1,1,0,1,0,0,0,0
17467,0,black_male_geta,Black male geta,15,0,1,0,27,31,3494,31,0,1,0,100000,0,0,0,0,0,0,0,0,0,0,0,0,0,0,0,0,0,0,1,0,331,,125,0,,1,1,0,1,0,0,0,0
17468,0,cobalt_male_geta,Cobalt male geta,15,0,1,0,27,6,3494,6,0,1,0,100000,0,0,0,0,0,0,0,0,0,0,0,0,0,0,0,0,0,0,1,0,331,,125,0,,1,1,0,1,0,0,0,0
17469,0,light_blue_male_geta,Light blue male geta,15,0,1,0,27,7,3494,7,0,1,0,100000,0,0,0,0,0,0,0,0,0,0,0,0,0,0,0,0,0,0,1,0,331,,125,0,,1,1,0,1,0,0,0,0
17470,0,lime_male_geta,Lime male geta,15,0,1,0,27,4,3494,4,0,1,0,100000,0,0,0,0,0,0,0,0,0,0,0,0,0,0,0,0,0,0,1,0,331,,125,0,,1,1,0,1,0,0,0,0
17471,0,male_geta,Male geta,15,0,1,0,27,0,3494,0,0,1,0,100000,0,0,0,0,0,0,0,0,0,0,0,0,0,0,0,0,0,0,1,0,331,,125,0,,1,1,0,1,0,0,0,0
17472,0,olive_male_geta,Olive male geta,15,0,1,0,27,5,3494,5,0,1,0,100000,0,0,0,0,0,0,0,0,0,0,0,0,0,0,0,0,0,0,1,0,331,,125,0,,1,1,0,1,0,0,0,0
17473,0,sand_male_geta,Sand male geta,15,0,1,0,27,26,3494,26,0,1,0,100000,0,0,0,0,0,0,0,0,0,0,0,0,0,0,0,0,0,0,1,0,331,,125,0,,1,1,0,1,0,0,0,0
17474,0,sunglow_male_geta,Sunglow male geta,15,0,1,0,27,19,3494,19,0,1,0,100000,0,0,0,0,0,0,0,0,0,0,0,0,0,0,0,0,0,0,1,0,331,,125,0,,1,1,0,1,0,0,0,0
17475,0,white_male_geta,White male geta,15,0,1,0,27,18,3494,18,0,1,0,100000,0,0,0,0,0,0,0,0,0,0,0,0,0,0,0,0,0,0,1,0,331,,125,0,,1,1,0,1,0,0,0,0
17476,0,wintery_male_geta,Wintery male geta,15,0,1,0,27,0,3494,0,0,1,0,100000,0,0,0,0,0,0,0,0,0,0,0,0,0,0,0,0,0,0,1,0,331,,125,0,,1,1,0,1,0,0,0,0
17477,0,aquamarine_hair_potion,Aquamarine hair potion,28,0,1,0,0,23,3560,5,0,1,0,100000,0,0,0,0,0,0,0,0,0,0,0,0,0,0,0,0,0,0,1,0,331,,20,0,,1,1,0,1,0,0,0,0
17478,0,aubergine_hair_potion,Aubergine hair potion,28,0,1,0,0,79,3560,5,0,1,0,100000,0,0,0,0,0,0,0,0,0,0,0,0,0,0,0,0,0,0,1,0,331,,20,0,,1,1,0,1,0,0,0,0
17479,0,birch_hair_potion,Birch hair potion,28,0,1,0,0,227,3560,5,0,1,0,100000,0,0,0,0,0,0,0,0,0,0,0,0,0,0,0,0,0,0,1,0,331,,20,0,,1,1,0,1,0,0,0,0
17480,0,bittersweet_hair_potion,Bittersweet hair potion,28,0,1,0,0,108,3560,5,0,1,0,100000,0,0,0,0,0,0,0,0,0,0,0,0,0,0,0,0,0,0,1,0,331,,20,0,,1,1,0,1,0,0,0,0
17481,0,candy_apple_hair_potion,Candy apple hair potion,28,0,1,0,0,85,3560,5,0,1,0,100000,0,0,0,0,0,0,0,0,0,0,0,0,0,0,0,0,0,0,1,0,331,,20,0,,1,1,0,1,0,0,0,0
17482,0,cocobolo_hair_potion,Cocobolo hair potion,28,0,1,0,0,46,3560,5,0,1,0,100000,0,0,0,0,0,0,0,0,0,0,0,0,0,0,0,0,0,0,1,0,331,,20,0,,1,1,0,1,0,0,0,0
17483,0,cornflower_hair_potion,Cornflower hair potion,28,0,1,0,0,96,3560,5,0,1,0,100000,0,0,0,0,0,0,0,0,0,0,0,0,0,0,0,0,0,0,1,0,331,,20,0,,1,1,0,1,0,0,0,0
17484,0,cucumber_hair_potion,Cucumber hair potion,28,0,1,0,0,129,3560,5,0,1,0,100000,0,0,0,0,0,0,0,0,0,0,0,0,0,0,0,0,0,0,1,0,331,,20,0,,1,1,0,1,0,0,0,0
17485,0,emery_hair_potion,Emery hair potion,28,0,1,0,0,94,3560,5,0,1,0,100000,0,0,0,0,0,0,0,0,0,0,0,0,0,0,0,0,0,0,1,0,331,,20,0,,1,1,0,1,0,0,0,0
17486,0,flamingo_hair_potion,Flamingo hair potion,28,0,1,0,0,200,3560,5,0,1,0,100000,0,0,0,0,0,0,0,0,0,0,0,0,0,0,0,0,0,0,1,0,331,,20,0,,1,1,0,1,0,0,0,0
17487,0,golden_hair_potion,Golden hair potion,28,0,1,0,0,52,3560,5,0,1,0,100000,0,0,0,0,0,0,0,0,0,0,0,0,0,0,0,0,0,0,1,0,331,,20,0,,1,1,0,1,0,0,0,0
17488,0,haze_hair_potion,Haze hair potion,28,0,1,0,0,164,3560,5,0,1,0,100000,0,0,0,0,0,0,0,0,0,0,0,0,0,0,0,0,0,0,1,0,331,,20,0,,1,1,0,1,0,0,0,0
17489,0,hunter_hair_potion,Hunter hair potion,28,0,1,0,0,103,3560,5,0,1,0,100000,0,0,0,0,0,0,0,0,0,0,0,0,0,0,0,0,0,0,1,0,331,,20,0,,1,1,0,1,0,0,0,0
17490,0,hyacinth_hair_potion,Hyacinth hair potion,28,0,1,0,0,138,3560,5,0,1,0,100000,0,0,0,0,0,0,0,0,0,0,0,0,0,0,0,0,0,0,1,0,331,,20,0,,1,1,0,1,0,0,0,0
17491,0,indigo_hair_potion,Indigo hair potion,28,0,1,0,0,118,3560,5,0,1,0,100000,0,0,0,0,0,0,0,0,0,0,0,0,0,0,0,0,0,0,1,0,331,,20,0,,1,1,0,1,0,0,0,0
17492,0,iridescent_hair_potion,Iridescent hair potion,28,0,1,0,0,239,3560,5,0,1,0,100000,0,0,0,0,0,0,0,0,0,0,0,0,0,0,0,0,0,0,1,0,331,,20,0,,1,1,0,1,0,0,0,0
17493,0,iris_hair_potion,Iris hair potion,28,0,1,0,0,34,3560,5,0,1,0,100000,0,0,0,0,0,0,0,0,0,0,0,0,0,0,0,0,0,0,1,0,331,,20,0,,1,1,0,1,0,0,0,0
17494,0,lazuli_hair_potion,Lazuli hair potion,28,0,1,0,0,248,3560,5,0,1,0,100000,0,0,0,0,0,0,0,0,0,0,0,0,0,0,0,0,0,0,1,0,331,,20,0,,1,1,0,1,0,0,0,0
17495,0,maple_hair_potion,Maple hair potion,28,0,1,0,0,158,3560,5,0,1,0,100000,0,0,0,0,0,0,0,0,0,0,0,0,0,0,0,0,0,0,1,0,331,,20,0,,1,1,0,1,0,0,0,0
17496,0,moss_hair_potion,Moss hair potion,28,0,1,0,0,64,3560,5,0,1,0,100000,0,0,0,0,0,0,0,0,0,0,0,0,0,0,0,0,0,0,1,0,331,,20,0,,1,1,0,1,0,0,0,0
17497,0,nuage_hair_potion,Nuage hair potion,28,0,1,0,0,168,3560,5,0,1,0,100000,0,0,0,0,0,0,0,0,0,0,0,0,0,0,0,0,0,0,1,0,331,,20,0,,1,1,0,1,0,0,0,0
17498,0,nutmeg_hair_potion,Nutmeg hair potion,28,0,1,0,0,77,3560,5,0,1,0,100000,0,0,0,0,0,0,0,0,0,0,0,0,0,0,0,0,0,0,1,0,331,,20,0,,1,1,0,1,0,0,0,0
17499,0,onyx_hair_potion,Onyx hair potion,28,0,1,0,0,90,3560,5,0,1,0,100000,0,0,0,0,0,0,0,0,0,0,0,0,0,0,0,0,0,0,1,0,331,,20,0,,1,1,0,1,0,0,0,0
17500,0,padauk_hair_potion,Padauk hair potion,28,0,1,0,0,151,3560,5,0,1,0,100000,0,0,0,0,0,0,0,0,0,0,0,0,0,0,0,0,0,0,1,0,331,,20,0,,1,1,0,1,0,0,0,0
17501,0,peridot_hair_potion,Peridot hair potion,28,0,1,0,0,37,3560,5,0,1,0,100000,0,0,0,0,0,0,0,0,0,0,0,0,0,0,0,0,0,0,1,0,331,,20,0,,1,1,0,1,0,0,0,0
17502,0,petunia_hair_potion,Petunia hair potion,28,0,1,0,0,110,3560,5,0,1,0,100000,0,0,0,0,0,0,0,0,0,0,0,0,0,0,0,0,0,0,1,0,331,,20,0,,1,1,0,1,0,0,0,0
17503,0,pine_hair_potion,Pine hair potion,28,0,1,0,0,125,3560,5,0,1,0,100000,0,0,0,0,0,0,0,0,0,0,0,0,0,0,0,0,0,0,1,0,331,,20,0,,1,1,0,1,0,0,0,0
17504,0,pink_hair_potion,Pink hair potion,28,0,1,0,0,203,3560,5,0,1,0,100000,0,0,0,0,0,0,0,0,0,0,0,0,0,0,0,0,0,0,1,0,331,,20,0,,1,1,0,1,0,0,0,0
17505,0,pumpkin_hair_potion,Pumpkin hair potion,28,0,1,0,0,202,3560,5,0,1,0,100000,0,0,0,0,0,0,0,0,0,0,0,0,0,0,0,0,0,0,1,0,331,,20,0,,1,1,0,1,0,0,0,0
17506,0,purpleheart_hair_potion,Purpleheart hair potion,28,0,1,0,0,78,3560,5,0,1,0,100000,0,0,0,0,0,0,0,0,0,0,0,0,0,0,0,0,0,0,1,0,331,,20,0,,1,1,0,1,0,0,0,0
17507,0,raspberry_hair_potion,Raspberry hair potion,28,0,1,0,0,140,3560,5,0,1,0,100000,0,0,0,0,0,0,0,0,0,0,0,0,0,0,0,0,0,0,1,0,331,,20,0,,1,1,0,1,0,0,0,0
17508,0,russet_hair_potion,Russet hair potion,28,0,1,0,0,235,3560,5,0,1,0,100000,0,0,0,0,0,0,0,0,0,0,0,0,0,0,0,0,0,0,1,0,331,,20,0,,1,1,0,1,0,0,0,0
17509,0,sapphire_hair_potion,Sapphire hair potion,28,0,1,0,0,91,3560,5,0,1,0,100000,0,0,0,0,0,0,0,0,0,0,0,0,0,0,0,0,0,0,1,0,331,,20,0,,1,1,0,1,0,0,0,0
17510,0,scarlet_hair_potion,Scarlet hair potion,28,0,1,0,0,21,3560,5,0,1,0,100000,0,0,0,0,0,0,0,0,0,0,0,0,0,0,0,0,0,0,1,0,331,,20,0,,1,1,0,1,0,0,0,0
17511,0,spearmint_hair_potion,Spearmint hair potion,28,0,1,0,0,12,3560,5,0,1,0,100000,0,0,0,0,0,0,0,0,0,0,0,0,0,0,0,0,0,0,1,0,331,,20,0,,1,1,0,1,0,0,0,0
17512,0,sprite_hair_potion,Sprite hair potion,28,0,1,0,0,44,3560,5,0,1,0,100000,0,0,0,0,0,0,0,0,0,0,0,0,0,0,0,0,0,0,1,0,331,,20,0,,1,1,0,1,0,0,0,0
17513,0,strawberry_hair_potion,Strawberry hair potion,28,0,1,0,0,183,3560,5,0,1,0,100000,0,0,0,0,0,0,0,0,0,0,0,0,0,0,0,0,0,0,1,0,331,,20,0,,1,1,0,1,0,0,0,0
17514,0,sunflower_hair_potion,Sunflower hair potion,28,0,1,0,0,160,3560,5,0,1,0,100000,0,0,0,0,0,0,0,0,0,0,0,0,0,0,0,0,0,0,1,0,331,,20,0,,1,1,0,1,0,0,0,0
17515,0,tartan_hair_potion,Tartan hair potion,28,0,1,0,0,4,3560,5,0,1,0,100000,0,0,0,0,0,0,0,0,0,0,0,0,0,0,0,0,0,0,1,0,331,,20,0,,1,1,0,1,0,0,0,0
17516,0,teak_hair_potion,Teak hair potion,28,0,1,0,0,120,3560,5,0,1,0,100000,0,0,0,0,0,0,0,0,0,0,0,0,0,0,0,0,0,0,1,0,331,,20,0,,1,1,0,1,0,0,0,0
17517,0,tigerseye_hair_potion,Tigerseye hair potion,28,0,1,0,0,156,3560,5,0,1,0,100000,0,0,0,0,0,0,0,0,0,0,0,0,0,0,0,0,0,0,1,0,331,,20,0,,1,1,0,1,0,0,0,0
17518,0,ultraviolet_hair_potion,Ultraviolet hair potion,28,0,1,0,0,216,3560,5,0,1,0,100000,0,0,0,0,0,0,0,0,0,0,0,0,0,0,0,0,0,0,1,0,331,,20,0,,1,1,0,1,0,0,0,0
17519,0,white_smoke_hair_potion,White smoke hair potion,28,0,1,0,0,132,3560,5,0,1,0,100000,0,0,0,0,0,0,0,0,0,0,0,0,0,0,0,0,0,0,1,0,331,,20,0,,1,1,0,1,0,0,0,0
17520,0,black_hair_potion,Black hair potion,28,0,1,0,0,0,3284,0,0,1,0,100000,0,0,0,0,0,0,0,0,0,0,0,0,0,0,0,0,0,0,1,0,331,,30,0,,1,1,0,1,0,0,0,0
17521,0,blonde_hair_potion,Blonde hair potion,28,0,1,0,0,20,3284,20,0,1,0,100000,0,0,0,0,0,0,0,0,0,0,0,0,0,0,0,0,0,0,1,0,331,,30,0,,1,1,0,1,0,0,0,0
17522,0,brown_hair_potion,Brown hair potion,28,0,1,0,0,2,3284,2,0,1,0,100000,0,0,0,0,0,0,0,0,0,0,0,0,0,0,0,0,0,0,1,0,331,,30,0,,1,1,0,1,0,0,0,0
17523,0,cadet_hair_potion,Cadet hair potion,28,0,1,0,0,14,3284,14,0,1,0,100000,0,0,0,0,0,0,0,0,0,0,0,0,0,0,0,0,0,0,1,0,331,,30,0,,1,1,0,1,0,0,0,0
17524,0,cinnamon_hair_potion,Cinnamon hair potion,28,0,1,0,0,26,3284,26,0,1,0,100000,0,0,0,0,0,0,0,0,0,0,0,0,0,0,0,0,0,0,1,0,331,,30,0,,1,1,0,1,0,0,0,0
17525,0,dark_blue_hair_potion,Dark blue hair potion,28,0,1,0,0,7,3284,7,0,1,0,100000,0,0,0,0,0,0,0,0,0,0,0,0,0,0,0,0,0,0,1,0,331,,30,0,,1,1,0,1,0,0,0,0
17526,0,fog_hair_potion,Fog hair potion,28,0,1,0,0,13,3284,13,0,1,0,100000,0,0,0,0,0,0,0,0,0,0,0,0,0,0,0,0,0,0,1,0,331,,30,0,,1,1,0,1,0,0,0,0
17527,0,glistening_hair_potion,Glistening hair potion,28,0,1,0,0,17,3284,17,0,1,0,100000,0,0,0,0,0,0,0,0,0,0,0,0,0,0,0,0,0,0,1,0,331,,30,0,,1,1,0,1,0,0,0,0
17528,0,green_hair_potion,Green hair potion,28,0,1,0,0,22,3284,22,0,1,0,100000,0,0,0,0,0,0,0,0,0,0,0,0,0,0,0,0,0,0,1,0,331,,30,0,,1,1,0,1,0,0,0,0
17529,0,kelly_hair_potion,Kelly hair potion,28,0,1,0,0,6,3284,6,0,1,0,100000,0,0,0,0,0,0,0,0,0,0,0,0,0,0,0,0,0,0,1,0,331,,30,0,,1,1,0,1,0,0,0,0
17530,0,light_brown_hair_potion,Light brown hair potion,28,0,1,0,0,27,3284,27,0,1,0,100000,0,0,0,0,0,0,0,0,0,0,0,0,0,0,0,0,0,0,1,0,331,,30,0,,1,1,0,1,0,0,0,0
17531,0,orange_hair_potion,Orange hair potion,28,0,1,0,0,10,3284,10,0,1,0,100000,0,0,0,0,0,0,0,0,0,0,0,0,0,0,0,0,0,0,1,0,331,,30,0,,1,1,0,1,0,0,0,0
17532,0,orchid_hair_potion,Orchid hair potion,28,0,1,0,0,3,3284,3,0,1,0,100000,0,0,0,0,0,0,0,0,0,0,0,0,0,0,0,0,0,0,1,0,331,,30,0,,1,1,0,1,0,0,0,0
17533,0,pomme_hair_potion,Pomme hair potion,28,0,1,0,0,5,3284,5,0,1,0,100000,0,0,0,0,0,0,0,0,0,0,0,0,0,0,0,0,0,0,1,0,331,,30,0,,1,1,0,1,0,0,0,0
17534,0,purple_hair_potion,Purple hair potion,28,0,1,0,0,9,3284,9,0,1,0,100000,0,0,0,0,0,0,0,0,0,0,0,0,0,0,0,0,0,0,1,0,331,,30,0,,1,1,0,1,0,0,0,0
17535,0,red_hair_potion,Red hair potion,28,0,1,0,0,11,3284,11,0,1,0,100000,0,0,0,0,0,0,0,0,0,0,0,0,0,0,0,0,0,0,1,0,331,,30,0,,1,1,0,1,0,0,0,0
17536,0,royal_hair_potion,Royal blue hair potion,28,0,1,0,0,24,3284,24,0,1,0,100000,0,0,0,0,0,0,0,0,0,0,0,0,0,0,0,0,0,0,1,0,331,,30,0,,1,1,0,1,0,0,0,0
17537,0,sandy_hair_potion,Sandy hair potion,28,0,1,0,0,31,3284,31,0,1,0,100000,0,0,0,0,0,0,0,0,0,0,0,0,0,0,0,0,0,0,1,0,331,,30,0,,1,1,0,1,0,0,0,0
17538,0,silver_hair_potion,Silver hair potion,28,0,1,0,0,1,3284,1,0,1,0,100000,0,0,0,0,0,0,0,0,0,0,0,0,0,0,0,0,0,0,1,0,331,,30,0,,1,1,0,1,0,0,0,0
17539,0,sky_hair_potion,Sky blue hair potion,28,0,1,0,0,8,3284,8,0,1,0,100000,0,0,0,0,0,0,0,0,0,0,0,0,0,0,0,0,0,0,1,0,331,,30,0,,1,1,0,1,0,0,0,0
17540,0,slate_hair_potion,Slate hair potion,28,0,1,0,0,28,3284,28,0,1,0,100000,0,0,0,0,0,0,0,0,0,0,0,0,0,0,0,0,0,0,1,0,331,,30,0,,1,1,0,1,0,0,0,0
17541,0,tan_hair_potion,Tan hair potion,28,0,1,0,0,25,3284,25,0,1,0,100000,0,0,0,0,0,0,0,0,0,0,0,0,0,0,0,0,0,0,1,0,331,,30,0,,1,1,0,1,0,0,0,0
17542,0,topaz_hair_potion,Topaz hair potion,28,0,1,0,0,30,3284,30,0,1,0,100000,0,0,0,0,0,0,0,0,0,0,0,0,0,0,0,0,0,0,1,0,331,,30,0,,1,1,0,1,0,0,0,0
17543,0,violet_hair_potion,Violet hair potion,28,0,1,0,0,29,3284,29,0,1,0,100000,0,0,0,0,0,0,0,0,0,0,0,0,0,0,0,0,0,0,1,0,331,,30,0,,1,1,0,1,0,0,0,0
17544,0,aqua_full_beard,aqua full beard,29,0,1,0,3,31,2664,31,0,1,0,100000,0,0,0,0,0,0,0,0,0,0,0,0,0,0,0,0,0,0,1,0,331,,95,0,,1,1,0,1,0,0,0,0
17545,0,auburn_full_beard,auburn full beard,29,0,1,0,3,9,2664,9,0,1,0,100000,0,0,0,0,0,0,0,0,0,0,0,0,0,0,0,0,0,0,1,0,331,,95,0,,1,1,0,1,0,0,0,0
17546,0,black_full_beard,black full beard,29,0,1,0,3,7,2664,7,0,1,0,100000,0,0,0,0,0,0,0,0,0,0,0,0,0,0,0,0,0,0,1,0,331,,95,0,,1,1,0,1,0,0,0,0
17547,0,blonde_full_beard,blonde full beard,29,0,1,0,3,27,2664,27,0,1,0,100000,0,0,0,0,0,0,0,0,0,0,0,0,0,0,0,0,0,0,1,0,331,,95,0,,1,1,0,1,0,0,0,0
17548,0,blue_full_beard,blue full beard,29,0,1,0,3,37,2664,37,0,1,0,100000,0,0,0,0,0,0,0,0,0,0,0,0,0,0,0,0,0,0,1,0,331,,95,0,,1,1,0,1,0,0,0,0
17549,0,brown_full_beard,brown full beard,29,0,1,0,3,0,2664,0,0,1,0,100000,0,0,0,0,0,0,0,0,0,0,0,0,0,0,0,0,0,0,1,0,331,,95,0,,1,1,0,1,0,0,0,0
17550,0,dark_brown_full_beard,dark brown full beard,29,0,1,0,3,225,2664,225,0,1,0,100000,0,0,0,0,0,0,0,0,0,0,0,0,0,0,0,0,0,0,1,0,331,,95,0,,1,1,0,1,0,0,0,0
17551,0,deep_sea_full_beard,deep sea full beard,29,0,1,0,3,30,2664,30,0,1,0,100000,0,0,0,0,0,0,0,0,0,0,0,0,0,0,0,0,0,0,1,0,331,,95,0,,1,1,0,1,0,0,0,0
17552,0,ember_full_beard,ember full beard,29,0,1,0,3,17,2664,17,0,1,0,100000,0,0,0,0,0,0,0,0,0,0,0,0,0,0,0,0,0,0,1,0,331,,95,0,,1,1,0,1,0,0,0,0
17553,0,flame_full_beard,flame full beard,29,0,1,0,3,22,2664,22,0,1,0,100000,0,0,0,0,0,0,0,0,0,0,0,0,0,0,0,0,0,0,1,0,331,,95,0,,1,1,0,1,0,0,0,0
17554,0,forrest_green_full_beard,forrest green full beard,29,0,1,0,3,29,2664,29,0,1,0,100000,0,0,0,0,0,0,0,0,0,0,0,0,0,0,0,0,0,0,1,0,331,,95,0,,1,1,0,1,0,0,0,0
17555,0,green_full_beard,green full beard,29,0,1,0,3,11,2664,11,0,1,0,100000,0,0,0,0,0,0,0,0,0,0,0,0,0,0,0,0,0,0,1,0,331,,95,0,,1,1,0,1,0,0,0,0
17556,0,grey_full_beard,grey full beard,29,0,1,0,3,3,2664,3,0,1,0,100000,0,0,0,0,0,0,0,0,0,0,0,0,0,0,0,0,0,0,1,0,331,,95,0,,1,1,0,1,0,0,0,0
17557,0,indigo_full_beard,indigo full beard,29,0,1,0,3,13,2664,13,0,1,0,100000,0,0,0,0,0,0,0,0,0,0,0,0,0,0,0,0,0,0,1,0,331,,95,0,,1,1,0,1,0,0,0,0
17558,0,light_brown_full_beard,light brown full beard,29,0,1,0,3,10,2664,10,0,1,0,100000,0,0,0,0,0,0,0,0,0,0,0,0,0,0,0,0,0,0,1,0,331,,95,0,,1,1,0,1,0,0,0,0
17559,0,light_purple_full_beard,light purple full beard,29,0,1,0,3,4,2664,4,0,1,0,100000,0,0,0,0,0,0,0,0,0,0,0,0,0,0,0,0,0,0,1,0,331,,95,0,,1,1,0,1,0,0,0,0
17560,0,orange_full_beard,orange full beard,29,0,1,0,3,2,2664,2,0,1,0,100000,0,0,0,0,0,0,0,0,0,0,0,0,0,0,0,0,0,0,1,0,331,,95,0,,1,1,0,1,0,0,0,0
17561,0,purple_full_beard,purple full beard,29,0,1,0,3,13,2664,13,0,1,0,100000,0,0,0,0,0,0,0,0,0,0,0,0,0,0,0,0,0,0,1,0,331,,95,0,,1,1,0,1,0,0,0,0
17562,0,royal_blue_full_beard,royal blue full beard,29,0,1,0,3,21,2664,21,0,1,0,100000,0,0,0,0,0,0,0,0,0,0,0,0,0,0,0,0,0,0,1,0,331,,95,0,,1,1,0,1,0,0,0,0
17563,0,russet_full_beard,russet full beard,29,0,1,0,3,9,2664,9,0,1,0,100000,0,0,0,0,0,0,0,0,0,0,0,0,0,0,0,0,0,0,1,0,331,,95,0,,1,1,0,1,0,0,0,0
17564,0,scarlet_full_beard,scarlet full beard,29,0,1,0,3,28,2664,28,0,1,0,100000,0,0,0,0,0,0,0,0,0,0,0,0,0,0,0,0,0,0,1,0,331,,95,0,,1,1,0,1,0,0,0,0
17565,0,silver_full_beard,silver full beard,29,0,1,0,3,26,2664,26,0,1,0,100000,0,0,0,0,0,0,0,0,0,0,0,0,0,0,0,0,0,0,1,0,331,,95,0,,1,1,0,1,0,0,0,0
17566,0,sky_blue_full_beard,sky blue full beard,29,0,1,0,3,5,2664,5,0,1,0,100000,0,0,0,0,0,0,0,0,0,0,0,0,0,0,0,0,0,0,1,0,331,,95,0,,1,1,0,1,0,0,0,0
17567,0,tan_full_beard,tan full beard,29,0,1,0,3,230,2664,230,0,1,0,100000,0,0,0,0,0,0,0,0,0,0,0,0,0,0,0,0,0,0,1,0,331,,95,0,,1,1,0,1,0,0,0,0
17568,0,teal_full_beard,teal full beard,29,0,1,0,3,229,2664,229,0,1,0,100000,0,0,0,0,0,0,0,0,0,0,0,0,0,0,0,0,0,0,1,0,331,,95,0,,1,1,0,1,0,0,0,0
17569,0,walnut_full_beard,walnut full beard,29,0,1,0,3,6,2664,6,0,1,0,100000,0,0,0,0,0,0,0,0,0,0,0,0,0,0,0,0,0,0,1,0,331,,95,0,,1,1,0,1,0,0,0,0
17570,0,aqua_short_beard,aqua short beard,29,0,1,0,1,31,2662,31,0,1,0,100000,0,0,0,0,0,0,0,0,0,0,0,0,0,0,0,0,0,0,1,0,331,,95,0,,1,1,0,1,0,0,0,0
17571,0,auburn_short_beard,auburn short beard,29,0,1,0,1,9,2662,9,0,1,0,100000,0,0,0,0,0,0,0,0,0,0,0,0,0,0,0,0,0,0,1,0,331,,95,0,,1,1,0,1,0,0,0,0
17572,0,black_short_beard,black short beard,29,0,1,0,1,7,2662,7,0,1,0,100000,0,0,0,0,0,0,0,0,0,0,0,0,0,0,0,0,0,0,1,0,331,,95,0,,1,1,0,1,0,0,0,0
17573,0,blonde_short_beard,blonde short beard,29,0,1,0,1,27,2662,27,0,1,0,100000,0,0,0,0,0,0,0,0,0,0,0,0,0,0,0,0,0,0,1,0,331,,95,0,,1,1,0,1,0,0,0,0
17574,0,blue_short_beard,blue short beard,29,0,1,0,1,37,2662,37,0,1,0,100000,0,0,0,0,0,0,0,0,0,0,0,0,0,0,0,0,0,0,1,0,331,,95,0,,1,1,0,1,0,0,0,0
17575,0,brown_short_beard,brown short beard,29,0,1,0,1,0,2662,0,0,1,0,100000,0,0,0,0,0,0,0,0,0,0,0,0,0,0,0,0,0,0,1,0,331,,95,0,,1,1,0,1,0,0,0,0
17576,0,dark_brown_short_beard,dark brown short beard,29,0,1,0,1,225,2662,225,0,1,0,100000,0,0,0,0,0,0,0,0,0,0,0,0,0,0,0,0,0,0,1,0,331,,95,0,,1,1,0,1,0,0,0,0
17577,0,deep_sea_short_beard,deep sea short beard,29,0,1,0,1,30,2662,30,0,1,0,100000,0,0,0,0,0,0,0,0,0,0,0,0,0,0,0,0,0,0,1,0,331,,95,0,,1,1,0,1,0,0,0,0
17578,0,ember_short_beard,ember short beard,29,0,1,0,1,17,2662,17,0,1,0,100000,0,0,0,0,0,0,0,0,0,0,0,0,0,0,0,0,0,0,1,0,331,,95,0,,1,1,0,1,0,0,0,0
17579,0,flame_short_beard,flame short beard,29,0,1,0,1,22,2662,22,0,1,0,100000,0,0,0,0,0,0,0,0,0,0,0,0,0,0,0,0,0,0,1,0,331,,95,0,,1,1,0,1,0,0,0,0
17580,0,forrest_green_short_beard,forrest green short beard,29,0,1,0,1,29,2662,29,0,1,0,100000,0,0,0,0,0,0,0,0,0,0,0,0,0,0,0,0,0,0,1,0,331,,95,0,,1,1,0,1,0,0,0,0
17581,0,green_short_beard,green short beard,29,0,1,0,1,11,2662,11,0,1,0,100000,0,0,0,0,0,0,0,0,0,0,0,0,0,0,0,0,0,0,1,0,331,,95,0,,1,1,0,1,0,0,0,0
17582,0,grey_short_beard,grey short beard,29,0,1,0,1,3,2662,3,0,1,0,100000,0,0,0,0,0,0,0,0,0,0,0,0,0,0,0,0,0,0,1,0,331,,95,0,,1,1,0,1,0,0,0,0
17583,0,indigo_short_beard,indigo short beard,29,0,1,0,1,13,2662,13,0,1,0,100000,0,0,0,0,0,0,0,0,0,0,0,0,0,0,0,0,0,0,1,0,331,,95,0,,1,1,0,1,0,0,0,0
17584,0,light_brown_short_beard,light brown short beard,29,0,1,0,1,10,2662,10,0,1,0,100000,0,0,0,0,0,0,0,0,0,0,0,0,0,0,0,0,0,0,1,0,331,,95,0,,1,1,0,1,0,0,0,0
17585,0,light_purple_short_beard,light purple short beard,29,0,1,0,1,4,2662,4,0,1,0,100000,0,0,0,0,0,0,0,0,0,0,0,0,0,0,0,0,0,0,1,0,331,,95,0,,1,1,0,1,0,0,0,0
17586,0,orange_short_beard,orange short beard,29,0,1,0,1,2,2662,2,0,1,0,100000,0,0,0,0,0,0,0,0,0,0,0,0,0,0,0,0,0,0,1,0,331,,95,0,,1,1,0,1,0,0,0,0
17587,0,purple_short_beard,purple short beard,29,0,1,0,1,13,2662,13,0,1,0,100000,0,0,0,0,0,0,0,0,0,0,0,0,0,0,0,0,0,0,1,0,331,,95,0,,1,1,0,1,0,0,0,0
17588,0,royal_blue_short_beard,royal blue short beard,29,0,1,0,1,21,2662,21,0,1,0,100000,0,0,0,0,0,0,0,0,0,0,0,0,0,0,0,0,0,0,1,0,331,,95,0,,1,1,0,1,0,0,0,0
17589,0,russet_short_beard,russet short beard,29,0,1,0,1,9,2662,9,0,1,0,100000,0,0,0,0,0,0,0,0,0,0,0,0,0,0,0,0,0,0,1,0,331,,95,0,,1,1,0,1,0,0,0,0
17590,0,scarlet_short_beard,scarlet short beard,29,0,1,0,1,28,2662,28,0,1,0,100000,0,0,0,0,0,0,0,0,0,0,0,0,0,0,0,0,0,0,1,0,331,,95,0,,1,1,0,1,0,0,0,0
17591,0,silver_short_beard,silver short beard,29,0,1,0,1,26,2662,26,0,1,0,100000,0,0,0,0,0,0,0,0,0,0,0,0,0,0,0,0,0,0,1,0,331,,95,0,,1,1,0,1,0,0,0,0
17592,0,sky_blue_short_beard,sky blue short beard,29,0,1,0,1,5,2662,5,0,1,0,100000,0,0,0,0,0,0,0,0,0,0,0,0,0,0,0,0,0,0,1,0,331,,95,0,,1,1,0,1,0,0,0,0
17593,0,tan_short_beard,tan short beard,29,0,1,0,1,230,2662,230,0,1,0,100000,0,0,0,0,0,0,0,0,0,0,0,0,0,0,0,0,0,0,1,0,331,,95,0,,1,1,0,1,0,0,0,0
17594,0,teal_short_beard,teal short beard,29,0,1,0,1,229,2662,229,0,1,0,100000,0,0,0,0,0,0,0,0,0,0,0,0,0,0,0,0,0,0,1,0,331,,95,0,,1,1,0,1,0,0,0,0
17595,0,walnut_short_beard,walnut short beard,29,0,1,0,1,6,2662,6,0,1,0,100000,0,0,0,0,0,0,0,0,0,0,0,0,0,0,0,0,0,0,1,0,331,,95,0,,1,1,0,1,0,0,0,0
17596,0,aqua_moustache,aqua moustache,29,0,1,0,7,31,2668,31,0,1,0,100000,0,0,0,0,0,0,0,0,0,0,0,0,0,0,0,0,0,0,1,0,331,,95,0,,1,1,0,1,0,0,0,0
17597,0,auburn_moustache,auburn moustache,29,0,1,0,7,9,2668,9,0,1,0,100000,0,0,0,0,0,0,0,0,0,0,0,0,0,0,0,0,0,0,1,0,331,,95,0,,1,1,0,1,0,0,0,0
17598,0,black_moustache,black moustache,29,0,1,0,7,7,2668,7,0,1,0,100000,0,0,0,0,0,0,0,0,0,0,0,0,0,0,0,0,0,0,1,0,331,,95,0,,1,1,0,1,0,0,0,0
17599,0,blonde_moustache,blonde moustache,29,0,1,0,7,27,2668,27,0,1,0,100000,0,0,0,0,0,0,0,0,0,0,0,0,0,0,0,0,0,0,1,0,331,,95,0,,1,1,0,1,0,0,0,0
17600,0,blue_moustache,blue moustache,29,0,1,0,7,37,2668,37,0,1,0,100000,0,0,0,0,0,0,0,0,0,0,0,0,0,0,0,0,0,0,1,0,331,,95,0,,1,1,0,1,0,0,0,0
17601,0,brown_moustache,brown moustache,29,0,1,0,7,0,2668,0,0,1,0,100000,0,0,0,0,0,0,0,0,0,0,0,0,0,0,0,0,0,0,1,0,331,,95,0,,1,1,0,1,0,0,0,0
17602,0,dark_brown_moustache,dark brown moustache,29,0,1,0,7,225,2668,225,0,1,0,100000,0,0,0,0,0,0,0,0,0,0,0,0,0,0,0,0,0,0,1,0,331,,95,0,,1,1,0,1,0,0,0,0
17603,0,deep_sea_moustache,deep sea moustache,29,0,1,0,7,30,2668,30,0,1,0,100000,0,0,0,0,0,0,0,0,0,0,0,0,0,0,0,0,0,0,1,0,331,,95,0,,1,1,0,1,0,0,0,0
17604,0,ember_moustache,ember moustache,29,0,1,0,7,17,2668,17,0,1,0,100000,0,0,0,0,0,0,0,0,0,0,0,0,0,0,0,0,0,0,1,0,331,,95,0,,1,1,0,1,0,0,0,0
17605,0,flame_moustache,flame moustache,29,0,1,0,7,22,2668,22,0,1,0,100000,0,0,0,0,0,0,0,0,0,0,0,0,0,0,0,0,0,0,1,0,331,,95,0,,1,1,0,1,0,0,0,0
17606,0,forrest_green_moustache,forrest green moustache,29,0,1,0,7,29,2668,29,0,1,0,100000,0,0,0,0,0,0,0,0,0,0,0,0,0,0,0,0,0,0,1,0,331,,95,0,,1,1,0,1,0,0,0,0
17607,0,green_moustache,green moustache,29,0,1,0,7,11,2668,11,0,1,0,100000,0,0,0,0,0,0,0,0,0,0,0,0,0,0,0,0,0,0,1,0,331,,95,0,,1,1,0,1,0,0,0,0
17608,0,grey_moustache,grey moustache,29,0,1,0,7,3,2668,3,0,1,0,100000,0,0,0,0,0,0,0,0,0,0,0,0,0,0,0,0,0,0,1,0,331,,95,0,,1,1,0,1,0,0,0,0
17609,0,indigo_moustache,indigo moustache,29,0,1,0,7,13,2668,13,0,1,0,100000,0,0,0,0,0,0,0,0,0,0,0,0,0,0,0,0,0,0,1,0,331,,95,0,,1,1,0,1,0,0,0,0
17610,0,light_brown_moustache,light brown moustache,29,0,1,0,7,10,2668,10,0,1,0,100000,0,0,0,0,0,0,0,0,0,0,0,0,0,0,0,0,0,0,1,0,331,,95,0,,1,1,0,1,0,0,0,0
17611,0,light_purple_moustache,light purple moustache,29,0,1,0,7,4,2668,4,0,1,0,100000,0,0,0,0,0,0,0,0,0,0,0,0,0,0,0,0,0,0,1,0,331,,95,0,,1,1,0,1,0,0,0,0
17612,0,orange_moustache,orange moustache,29,0,1,0,7,2,2668,2,0,1,0,100000,0,0,0,0,0,0,0,0,0,0,0,0,0,0,0,0,0,0,1,0,331,,95,0,,1,1,0,1,0,0,0,0
17613,0,purple_moustache,purple moustache,29,0,1,0,7,13,2668,13,0,1,0,100000,0,0,0,0,0,0,0,0,0,0,0,0,0,0,0,0,0,0,1,0,331,,95,0,,1,1,0,1,0,0,0,0
17614,0,royal_blue_moustache,royal blue moustache,29,0,1,0,7,21,2668,21,0,1,0,100000,0,0,0,0,0,0,0,0,0,0,0,0,0,0,0,0,0,0,1,0,331,,95,0,,1,1,0,1,0,0,0,0
17615,0,russet_moustache,russet moustache,29,0,1,0,7,9,2668,9,0,1,0,100000,0,0,0,0,0,0,0,0,0,0,0,0,0,0,0,0,0,0,1,0,331,,95,0,,1,1,0,1,0,0,0,0
17616,0,scarlet_moustache,scarlet moustache,29,0,1,0,7,28,2668,28,0,1,0,100000,0,0,0,0,0,0,0,0,0,0,0,0,0,0,0,0,0,0,1,0,331,,95,0,,1,1,0,1,0,0,0,0
17617,0,silver_moustache,silver moustache,29,0,1,0,7,26,2668,26,0,1,0,100000,0,0,0,0,0,0,0,0,0,0,0,0,0,0,0,0,0,0,1,0,331,,95,0,,1,1,0,1,0,0,0,0
17618,0,sky_blue_moustache,sky blue moustache,29,0,1,0,7,5,2668,5,0,1,0,100000,0,0,0,0,0,0,0,0,0,0,0,0,0,0,0,0,0,0,1,0,331,,95,0,,1,1,0,1,0,0,0,0
17619,0,tan_moustache,tan moustache,29,0,1,0,7,230,2668,230,0,1,0,100000,0,0,0,0,0,0,0,0,0,0,0,0,0,0,0,0,0,0,1,0,331,,95,0,,1,1,0,1,0,0,0,0
17620,0,teal_moustache,teal moustache,29,0,1,0,7,229,2668,229,0,1,0,100000,0,0,0,0,0,0,0,0,0,0,0,0,0,0,0,0,0,0,1,0,331,,95,0,,1,1,0,1,0,0,0,0
17621,0,walnut_moustache,walnut moustache,29,0,1,0,7,6,2668,6,0,1,0,100000,0,0,0,0,0,0,0,0,0,0,0,0,0,0,0,0,0,0,1,0,331,,95,0,,1,1,0,1,0,0,0,0
17622,0,aqua_whiskers,aqua whiskers,29,0,1,0,5,31,2666,31,0,1,0,100000,0,0,0,0,0,0,0,0,0,0,0,0,0,0,0,0,0,0,1,0,331,,95,0,,1,1,0,1,0,0,0,0
17623,0,auburn_whiskers,auburn whiskers,29,0,1,0,5,9,2666,9,0,1,0,100000,0,0,0,0,0,0,0,0,0,0,0,0,0,0,0,0,0,0,1,0,331,,95,0,,1,1,0,1,0,0,0,0
17624,0,black_whiskers,black whiskers,29,0,1,0,5,7,2666,7,0,1,0,100000,0,0,0,0,0,0,0,0,0,0,0,0,0,0,0,0,0,0,1,0,331,,95,0,,1,1,0,1,0,0,0,0
17625,0,blonde_whiskers,blonde whiskers,29,0,1,0,5,27,2666,27,0,1,0,100000,0,0,0,0,0,0,0,0,0,0,0,0,0,0,0,0,0,0,1,0,331,,95,0,,1,1,0,1,0,0,0,0
17626,0,blue_whiskers,blue whiskers,29,0,1,0,5,37,2666,37,0,1,0,100000,0,0,0,0,0,0,0,0,0,0,0,0,0,0,0,0,0,0,1,0,331,,95,0,,1,1,0,1,0,0,0,0
17627,0,brown_whiskers,brown whiskers,29,0,1,0,5,0,2666,0,0,1,0,100000,0,0,0,0,0,0,0,0,0,0,0,0,0,0,0,0,0,0,1,0,331,,95,0,,1,1,0,1,0,0,0,0
17628,0,dark_brown_whiskers,dark brown whiskers,29,0,1,0,5,225,2666,225,0,1,0,100000,0,0,0,0,0,0,0,0,0,0,0,0,0,0,0,0,0,0,1,0,331,,95,0,,1,1,0,1,0,0,0,0
17629,0,deep_sea_whiskers,deep sea whiskers,29,0,1,0,5,30,2666,30,0,1,0,100000,0,0,0,0,0,0,0,0,0,0,0,0,0,0,0,0,0,0,1,0,331,,95,0,,1,1,0,1,0,0,0,0
17630,0,ember_whiskers,ember whiskers,29,0,1,0,5,17,2666,17,0,1,0,100000,0,0,0,0,0,0,0,0,0,0,0,0,0,0,0,0,0,0,1,0,331,,95,0,,1,1,0,1,0,0,0,0
17631,0,flame_whiskers,flame whiskers,29,0,1,0,5,22,2666,22,0,1,0,100000,0,0,0,0,0,0,0,0,0,0,0,0,0,0,0,0,0,0,1,0,331,,95,0,,1,1,0,1,0,0,0,0
17632,0,forrest_green_whiskers,forrest green whiskers,29,0,1,0,5,29,2666,29,0,1,0,100000,0,0,0,0,0,0,0,0,0,0,0,0,0,0,0,0,0,0,1,0,331,,95,0,,1,1,0,1,0,0,0,0
17633,0,green_whiskers,green whiskers,29,0,1,0,5,11,2666,11,0,1,0,100000,0,0,0,0,0,0,0,0,0,0,0,0,0,0,0,0,0,0,1,0,331,,95,0,,1,1,0,1,0,0,0,0
17634,0,grey_whiskers,grey whiskers,29,0,1,0,5,3,2666,3,0,1,0,100000,0,0,0,0,0,0,0,0,0,0,0,0,0,0,0,0,0,0,1,0,331,,95,0,,1,1,0,1,0,0,0,0
17635,0,indigo_whiskers,indigo whiskers,29,0,1,0,5,13,2666,13,0,1,0,100000,0,0,0,0,0,0,0,0,0,0,0,0,0,0,0,0,0,0,1,0,331,,95,0,,1,1,0,1,0,0,0,0
17636,0,light_brown_whiskers,light brown whiskers,29,0,1,0,5,10,2666,10,0,1,0,100000,0,0,0,0,0,0,0,0,0,0,0,0,0,0,0,0,0,0,1,0,331,,95,0,,1,1,0,1,0,0,0,0
17637,0,light_purple_whiskers,light purple whiskers,29,0,1,0,5,4,2666,4,0,1,0,100000,0,0,0,0,0,0,0,0,0,0,0,0,0,0,0,0,0,0,1,0,331,,95,0,,1,1,0,1,0,0,0,0
17638,0,orange_whiskers,orange whiskers,29,0,1,0,5,2,2666,2,0,1,0,100000,0,0,0,0,0,0,0,0,0,0,0,0,0,0,0,0,0,0,1,0,331,,95,0,,1,1,0,1,0,0,0,0
17639,0,purple_whiskers,purple whiskers,29,0,1,0,5,13,2666,13,0,1,0,100000,0,0,0,0,0,0,0,0,0,0,0,0,0,0,0,0,0,0,1,0,331,,95,0,,1,1,0,1,0,0,0,0
17640,0,royal_blue_whiskers,royal blue whiskers,29,0,1,0,5,21,2666,21,0,1,0,100000,0,0,0,0,0,0,0,0,0,0,0,0,0,0,0,0,0,0,1,0,331,,95,0,,1,1,0,1,0,0,0,0
17641,0,russet_whiskers,russet whiskers,29,0,1,0,5,9,2666,9,0,1,0,100000,0,0,0,0,0,0,0,0,0,0,0,0,0,0,0,0,0,0,1,0,331,,95,0,,1,1,0,1,0,0,0,0
17642,0,scarlet_whiskers,scarlet whiskers,29,0,1,0,5,28,2666,28,0,1,0,100000,0,0,0,0,0,0,0,0,0,0,0,0,0,0,0,0,0,0,1,0,331,,95,0,,1,1,0,1,0,0,0,0
17643,0,silver_whiskers,silver whiskers,29,0,1,0,5,26,2666,26,0,1,0,100000,0,0,0,0,0,0,0,0,0,0,0,0,0,0,0,0,0,0,1,0,331,,95,0,,1,1,0,1,0,0,0,0
17644,0,sky_blue_whiskers,sky blue whiskers,29,0,1,0,5,5,2666,5,0,1,0,100000,0,0,0,0,0,0,0,0,0,0,0,0,0,0,0,0,0,0,1,0,331,,95,0,,1,1,0,1,0,0,0,0
17645,0,tan_whiskers,tan whiskers,29,0,1,0,5,230,2666,230,0,1,0,100000,0,0,0,0,0,0,0,0,0,0,0,0,0,0,0,0,0,0,1,0,331,,95,0,,1,1,0,1,0,0,0,0
17646,0,teal_whiskers,teal whiskers,29,0,1,0,5,229,2666,229,0,1,0,100000,0,0,0,0,0,0,0,0,0,0,0,0,0,0,0,0,0,0,1,0,331,,95,0,,1,1,0,1,0,0,0,0
17647,0,walnut_whiskers,walnut whiskers,29,0,1,0,5,6,2666,6,0,1,0,100000,0,0,0,0,0,0,0,0,0,0,0,0,0,0,0,0,0,0,1,0,331,,95,0,,1,1,0,1,0,0,0,0
17648,0,argent_ball_gown,Argent ball gown,16,0,1,0,10103,22,3781,22,1,1,0,100000,0,0,0,0,0,0,0,0,0,0,0,0,0,0,0,0,0,0,1,0,331,,325,0,,1,1,0,1,0,0,0,0
17649,0,black_ball_gown,Black ball gown,16,0,1,0,10103,245,3781,245,1,1,0,100000,0,0,0,0,0,0,0,0,0,0,0,0,0,0,0,0,0,0,1,0,331,,325,0,,1,1,0,1,0,0,0,0
17650,0,brown_ball_gown,Brown ball gown,16,0,1,0,10103,25,3781,25,1,1,0,100000,0,0,0,0,0,0,0,0,0,0,0,0,0,0,0,0,0,0,1,0,331,,325,0,,1,1,0,1,0,0,0,0
17651,0,cerise_ball_gown,Cerise ball gown,16,0,1,0,10103,12,3781,12,1,1,0,100000,0,0,0,0,0,0,0,0,0,0,0,0,0,0,0,0,0,0,1,0,331,,325,0,,1,1,0,1,0,0,0,0
17652,0,cerulean_ball_gown,Cerulean ball gown,16,0,1,0,10103,21,3781,21,1,1,0,100000,0,0,0,0,0,0,0,0,0,0,0,0,0,0,0,0,0,0,1,0,331,,325,0,,1,1,0,1,0,0,0,0
17653,0,cobalt_ball_gown,Cobalt ball gown,16,0,1,0,10103,30,3781,30,1,1,0,100000,0,0,0,0,0,0,0,0,0,0,0,0,0,0,0,0,0,0,1,0,331,,325,0,,1,1,0,1,0,0,0,0
17654,0,dusk_ball_gown,Dusk ball gown,16,0,1,0,10103,17,3781,17,1,1,0,100000,0,0,0,0,0,0,0,0,0,0,0,0,0,0,0,0,0,0,1,0,331,,325,0,,1,1,0,1,0,0,0,0
17655,0,forest_ball_gown,Forest ball gown,16,0,1,0,10103,29,3781,29,1,1,0,100000,0,0,0,0,0,0,0,0,0,0,0,0,0,0,0,0,0,0,1,0,331,,325,0,,1,1,0,1,0,0,0,0
17656,0,fuschia_ball_gown,Fuschia ball gown,16,0,1,0,10103,145,3781,145,1,1,0,100000,0,0,0,0,0,0,0,0,0,0,0,0,0,0,0,0,0,0,1,0,331,,325,0,,1,1,0,1,0,0,0,0
17657,0,golden_ball_gown,Golden ball gown,16,0,1,0,10103,11,3781,11,1,1,0,100000,0,0,0,0,0,0,0,0,0,0,0,0,0,0,0,0,0,0,1,0,331,,325,0,,1,1,0,1,0,0,0,0
17658,0,lilac_ball_gown,Lilac ball gown,16,0,1,0,10103,26,3781,26,1,1,0,100000,0,0,0,0,0,0,0,0,0,0,0,0,0,0,0,0,0,0,1,0,331,,325,0,,1,1,0,1,0,0,0,0
17659,0,marsh_ball_gown,Marsh ball gown,16,0,1,0,10103,3,3781,3,1,1,0,100000,0,0,0,0,0,0,0,0,0,0,0,0,0,0,0,0,0,0,1,0,331,,325,0,,1,1,0,1,0,0,0,0
17660,0,midnight_ball_gown,Midnight ball gown,16,0,1,0,10103,23,3781,23,1,1,0,100000,0,0,0,0,0,0,0,0,0,0,0,0,0,0,0,0,0,0,1,0,331,,325,0,,1,1,0,1,0,0,0,0
17661,0,orchid_ball_gown,Orchid ball gown,16,0,1,0,10103,28,3781,28,1,1,0,100000,0,0,0,0,0,0,0,0,0,0,0,0,0,0,0,0,0,0,1,0,331,,325,0,,1,1,0,1,0,0,0,0
17662,0,peridot_ball_gown,Peridot ball gown,16,0,1,0,10103,4,3781,4,1,1,0,100000,0,0,0,0,0,0,0,0,0,0,0,0,0,0,0,0,0,0,1,0,331,,325,0,,1,1,0,1,0,0,0,0
17663,0,pink_ball_gown,Pink ball gown,16,0,1,0,10103,131,3781,131,1,1,0,100000,0,0,0,0,0,0,0,0,0,0,0,0,0,0,0,0,0,0,1,0,331,,325,0,,1,1,0,1,0,0,0,0
17664,0,red_ball_gown,Red ball gown,16,0,1,0,10103,130,3781,130,1,1,0,100000,0,0,0,0,0,0,0,0,0,0,0,0,0,0,0,0,0,0,1,0,331,,325,0,,1,1,0,1,0,0,0,0
17665,0,rose_ball_gown,Rose ball gown,16,0,1,0,10103,2,3781,2,1,1,0,100000,0,0,0,0,0,0,0,0,0,0,0,0,0,0,0,0,0,0,1,0,331,,325,0,,1,1,0,1,0,0,0,0
17666,0,royal_ball_gown,Royal ball gown,16,0,1,0,10103,5,3781,5,1,1,0,100000,0,0,0,0,0,0,0,0,0,0,0,0,0,0,0,0,0,0,1,0,331,,325,0,,1,1,0,1,0,0,0,0
17667,0,spring_ball_gown,Spring ball gown,16,0,1,0,10103,13,3781,13,1,1,0,100000,0,0,0,0,0,0,0,0,0,0,0,0,0,0,0,0,0,0,1,0,331,,325,0,,1,1,0,1,0,0,0,0
17668,0,summer_ball_gown,Summer ball gown,16,0,1,0,10103,9,3781,9,1,1,0,100000,0,0,0,0,0,0,0,0,0,0,0,0,0,0,0,0,0,0,1,0,331,,325,0,,1,1,0,1,0,0,0,0
17669,0,sweet_ball_gown,Sweet ball gown,16,0,1,0,10103,10,3781,10,1,1,0,100000,0,0,0,0,0,0,0,0,0,0,0,0,0,0,0,0,0,0,1,0,331,,325,0,,1,1,0,1,0,0,0,0
17670,0,valentine_ball_gown,Valentine ball gown,16,0,1,0,10103,24,3781,24,1,1,0,100000,0,0,0,0,0,0,0,0,0,0,0,0,0,0,0,0,0,0,1,0,331,,325,0,,1,1,0,1,0,0,0,0
17671,0,white_ball_gown,White ball gown,16,0,1,0,10103,86,3781,86,1,1,0,100000,0,0,0,0,0,0,0,0,0,0,0,0,0,0,0,0,0,0,1,0,331,,325,0,,1,1,0,1,0,0,0,0
17672,0,wintery_ball_gown,Wintery ball gown,16,0,1,0,10103,224,3781,224,1,1,0,100000,0,0,0,0,0,0,0,0,0,0,0,0,0,0,0,0,0,0,1,0,331,,325,0,,1,1,0,1,0,0,0,0
17673,0,berry_princely_jacket,Berry princely jacket,16,0,1,0,10102,2,3779,2,0,1,0,100000,0,0,0,0,0,0,0,0,0,0,0,0,0,0,0,0,0,0,1,0,331,,325,0,,1,1,0,1,0,0,0,0
17674,0,brown_princely_jacket,Brown princely jacket,16,0,1,0,10102,25,3779,25,0,1,0,100000,0,0,0,0,0,0,0,0,0,0,0,0,0,0,0,0,0,0,1,0,331,,325,0,,1,1,0,1,0,0,0,0
17675,0,cobalt_princely_jacket,Cobalt princely jacket,16,0,1,0,10102,30,3779,30,0,1,0,100000,0,0,0,0,0,0,0,0,0,0,0,0,0,0,0,0,0,0,1,0,331,,325,0,,1,1,0,1,0,0,0,0
17676,0,forest_princely_jacket,Forest princely jacket,16,0,1,0,10102,27,3779,27,0,1,0,100000,0,0,0,0,0,0,0,0,0,0,0,0,0,0,0,0,0,0,1,0,331,,325,0,,1,1,0,1,0,0,0,0
17677,0,leather_princely_jacket,Leather princely jacket,16,0,1,0,10102,22,3779,22,0,1,0,100000,0,0,0,0,0,0,0,0,0,0,0,0,0,0,0,0,0,0,1,0,331,,325,0,,1,1,0,1,0,0,0,0
17678,0,olive_princely_jacket,Olive princely jacket,16,0,1,0,10102,4,3779,4,0,1,0,100000,0,0,0,0,0,0,0,0,0,0,0,0,0,0,0,0,0,0,1,0,331,,325,0,,1,1,0,1,0,0,0,0
17679,0,plum_princely_jacket,Plum princely jacket,16,0,1,0,10102,0,3779,0,0,1,0,100000,0,0,0,0,0,0,0,0,0,0,0,0,0,0,0,0,0,0,1,0,331,,325,0,,1,1,0,1,0,0,0,0
17680,0,spruce_princely_jacket,Spruce princely jacket,16,0,1,0,10102,28,3779,28,0,1,0,100000,0,0,0,0,0,0,0,0,0,0,0,0,0,0,0,0,0,0,1,0,331,,325,0,,1,1,0,1,0,0,0,0
17681,0,wintery_princely_jacket,Wintery princely jacket,16,0,1,0,10102,48,3779,48,0,1,0,100000,0,0,0,0,0,0,0,0,0,0,0,0,0,0,0,0,0,0,1,0,331,,325,0,,1,1,0,1,0,0,0,0
17682,0,blue_flower_hairclip,Blue flower hairclip,12,0,1,0,262,19,4318,19,2,1,0,100000,0,0,0,0,0,0,0,0,0,0,0,0,0,0,0,0,0,0,1,0,331,,125,0,,1,1,0,1,0,0,0,0
17683,0,pink_flower_hairclip,Pink flower hairclip,12,0,1,0,262,0,4318,0,2,1,0,100000,0,0,0,0,0,0,0,0,0,0,0,0,0,0,0,0,0,0,1,0,331,,125,0,,1,1,0,1,0,0,0,0
17684,0,purple_flower_hairclip,Purple flower hairclip,12,0,1,0,262,30,4318,30,2,1,0,100000,0,0,0,0,0,0,0,0,0,0,0,0,0,0,0,0,0,0,1,0,331,,125,0,,1,1,0,1,0,0,0,0
17685,0,red_flower_hairclip,Red flower hairclip,12,0,1,0,262,10,4318,10,2,1,0,100000,0,0,0,0,0,0,0,0,0,0,0,0,0,0,0,0,0,0,1,0,331,,125,0,,1,1,0,1,0,0,0,0
17686,0,white_flower_hairclip,White flower hairclip,12,0,1,0,262,8,4318,8,2,1,0,100000,0,0,0,0,0,0,0,0,0,0,0,0,0,0,0,0,0,0,1,0,331,,125,0,,1,1,0,1,0,0,0,0
17687,0,black_bandito,Black bandito,11,0,1,0,10,3,2671,3,2,1,0,100000,0,0,0,0,0,0,0,0,0,0,0,0,0,0,0,0,0,0,1,0,331,,95,0,,1,1,0,1,0,0,0,0
17688,0,brown_bandito,Brown bandito,11,0,1,0,10,2,2671,2,2,1,0,100000,0,0,0,0,0,0,0,0,0,0,0,0,0,0,0,0,0,0,1,0,331,,95,0,,1,1,0,1,0,0,0,0
17689,0,copper_bandito,Copper bandito,11,0,1,0,10,14,2671,14,2,1,0,100000,0,0,0,0,0,0,0,0,0,0,0,0,0,0,0,0,0,0,1,0,331,,95,0,,1,1,0,1,0,0,0,0
17690,0,electric_bandito,Electric bandito,11,0,1,0,10,20,2671,20,2,1,0,100000,0,0,0,0,0,0,0,0,0,0,0,0,0,0,0,0,0,0,1,0,331,,95,0,,1,1,0,1,0,0,0,0
17691,0,emerald_bandito,Emerald bandito,11,0,1,0,10,26,2671,26,2,1,0,100000,0,0,0,0,0,0,0,0,0,0,0,0,0,0,0,0,0,0,1,0,331,,95,0,,1,1,0,1,0,0,0,0
17692,0,fuchsia_bandito,Fuchsia bandito,11,0,1,0,10,10,2671,10,2,1,0,100000,0,0,0,0,0,0,0,0,0,0,0,0,0,0,0,0,0,0,1,0,331,,95,0,,1,1,0,1,0,0,0,0
17693,0,gold_bandito,Gold bandito,11,0,1,0,10,23,2671,23,2,1,0,100000,0,0,0,0,0,0,0,0,0,0,0,0,0,0,0,0,0,0,1,0,331,,95,0,,1,1,0,1,0,0,0,0
17694,0,green_bandito,Green bandito,11,0,1,0,10,44,2671,44,2,1,0,100000,0,0,0,0,0,0,0,0,0,0,0,0,0,0,0,0,0,0,1,0,331,,95,0,,1,1,0,1,0,0,0,0
17695,0,light_blue_bandito,Light blue bandito,11,0,1,0,10,1,2671,1,2,1,0,100000,0,0,0,0,0,0,0,0,0,0,0,0,0,0,0,0,0,0,1,0,331,,95,0,,1,1,0,1,0,0,0,0
17696,0,old_gold_bandito,Old gold bandito,11,0,1,0,10,6,2671,6,2,1,0,100000,0,0,0,0,0,0,0,0,0,0,0,0,0,0,0,0,0,0,1,0,331,,95,0,,1,1,0,1,0,0,0,0
17697,0,orange_bandito,Orange bandito,11,0,1,0,10,13,2671,13,2,1,0,100000,0,0,0,0,0,0,0,0,0,0,0,0,0,0,0,0,0,0,1,0,331,,95,0,,1,1,0,1,0,0,0,0
17698,0,purple_bandito,Purple bandito,11,0,1,0,10,0,2671,0,2,1,0,100000,0,0,0,0,0,0,0,0,0,0,0,0,0,0,0,0,0,0,1,0,331,,95,0,,1,1,0,1,0,0,0,0
17699,0,red_bandito,Red bandito,11,0,1,0,10,24,2671,24,2,1,0,100000,0,0,0,0,0,0,0,0,0,0,0,0,0,0,0,0,0,0,1,0,331,,95,0,,1,1,0,1,0,0,0,0
17700,0,rusty_bandito,Rusty bandito,11,0,1,0,10,29,2671,29,2,1,0,100000,0,0,0,0,0,0,0,0,0,0,0,0,0,0,0,0,0,0,1,0,331,,95,0,,1,1,0,1,0,0,0,0
17701,0,sun_glow_bandito,Sun glow bandito,11,0,1,0,10,11,2671,11,2,1,0,100000,0,0,0,0,0,0,0,0,0,0,0,0,0,0,0,0,0,0,1,0,331,,95,0,,1,1,0,1,0,0,0,0
17702,0,teal_bandito,Teal bandito,11,0,1,0,10,43,2671,43,2,1,0,100000,0,0,0,0,0,0,0,0,0,0,0,0,0,0,0,0,0,0,1,0,331,,95,0,,1,1,0,1,0,0,0,0
17703,0,violet_bandito,Violet bandito,11,0,1,0,10,158,2671,158,2,1,0,100000,0,0,0,0,0,0,0,0,0,0,0,0,0,0,0,0,0,0,1,0,331,,95,0,,1,1,0,1,0,0,0,0
17704,0,white_bandito,White bandito,11,0,1,0,10,4,2671,4,2,1,0,100000,0,0,0,0,0,0,0,0,0,0,0,0,0,0,0,0,0,0,1,0,331,,95,0,,1,1,0,1,0,0,0,0
17705,0,yellow_bandito,Yellow bandito,11,0,1,0,10,23,2671,23,2,1,0,100000,0,0,0,0,0,0,0,0,0,0,0,0,0,0,0,0,0,0,1,0,331,,95,0,,1,1,0,1,0,0,0,0
17706,0,sage_5_reward,Sage 5 reward,18,0,1,0,0,0,277,0,2,0,0,1000000,0,0,0,0,0,0,0,0,0,0,0,0,0,0,0,0,0,0,1,0,331,,0,0,,1,1,0,1,0,0,0,0
17707,0,white_turban,White turban,12,0,1,0,19,0,3065,0,2,1,0,100000,0,0,0,0,0,0,0,0,0,0,0,0,0,0,0,0,0,0,1,0,331,,195,0,,1,1,0,1,0,0,0,0
17708,0,brown_turban,Brown turban,12,0,1,0,19,1,3065,1,2,1,0,100000,0,0,0,0,0,0,0,0,0,0,0,0,0,0,0,0,0,0,1,0,331,,195,0,,1,1,0,1,0,0,0,0
17709,0,pink_turban,Pink turban,12,0,1,0,19,2,3065,2,2,1,0,100000,0,0,0,0,0,0,0,0,0,0,0,0,0,0,0,0,0,0,1,0,331,,195,0,,1,1,0,1,0,0,0,0
17710,0,green_turban,Green turban,12,0,1,0,19,3,3065,3,2,1,0,100000,0,0,0,0,0,0,0,0,0,0,0,0,0,0,0,0,0,0,1,0,331,,195,0,,1,1,0,1,0,0,0,0
17711,0,blue_turban,Blue turban,12,0,1,0,19,6,3065,6,2,1,0,100000,0,0,0,0,0,0,0,0,0,0,0,0,0,0,0,0,0,0,1,0,331,,195,0,,1,1,0,1,0,0,0,0
17712,0,light_blue_turban,Light blue turban,12,0,1,0,19,7,3065,7,2,1,0,100000,0,0,0,0,0,0,0,0,0,0,0,0,0,0,0,0,0,0,1,0,331,,195,0,,1,1,0,1,0,0,0,0
17713,0,purple_turban,Purple turban,12,0,1,0,19,8,3065,8,2,1,0,100000,0,0,0,0,0,0,0,0,0,0,0,0,0,0,0,0,0,0,1,0,331,,195,0,,1,1,0,1,0,0,0,0
17714,0,orange_turban,Orange turban,12,0,1,0,19,9,3065,9,2,1,0,100000,0,0,0,0,0,0,0,0,0,0,0,0,0,0,0,0,0,0,1,0,331,,195,0,,1,1,0,1,0,0,0,0
17715,0,red_turban,Red turban,12,0,1,0,19,10,3065,10,2,1,0,100000,0,0,0,0,0,0,0,0,0,0,0,0,0,0,0,0,0,0,1,0,331,,195,0,,1,1,0,1,0,0,0,0
17716,0,black_turban,Black turban,12,0,1,0,19,17,3065,17,2,1,0,100000,0,0,0,0,0,0,0,0,0,0,0,0,0,0,0,0,0,0,1,0,331,,195,0,,1,1,0,1,0,0,0,0
17717,0,pharoh_outfit,Pharoh\'s outfit,16,0,1,0,10013,0,3146,0,0,1,0,100000,0,0,0,0,0,0,0,0,0,0,0,0,0,0,0,0,0,0,1,0,331,,395,0,,1,1,0,1,0,0,0,0
17718,0,pharoh_outfit_f,Female Pharoh\'s outfit,16,0,1,0,10015,0,3149,0,1,1,0,100000,0,0,0,0,0,0,0,0,0,0,0,0,0,0,0,0,0,0,1,0,331,,395,0,,1,1,0,1,0,0,0,0
17719,0,sultan_coat,Sultan\'s Coat,16,0,1,0,10002,0,3061,0,0,1,0,100000,0,0,0,0,0,0,0,0,0,0,0,0,0,0,0,0,0,0,1,0,331,,395,0,,1,1,0,1,0,0,0,0
17720,0,sultana_coat,Sultana\'s Coat,16,0,1,0,10003,0,3060,0,1,1,0,100000,0,0,0,0,0,0,0,0,0,0,0,0,0,0,0,0,0,0,1,0,331,,395,0,,1,1,0,1,0,0,0,0
17721,0,recess_outfit_f,Female Recess Outfit,16,0,1,0,10070,0,3659,0,1,1,0,100000,0,0,0,0,0,0,0,0,0,0,0,0,0,0,0,0,0,0,1,0,331,,395,0,,1,1,0,1,0,0,0,0
17722,0,highwayman_outfit,Highwayman,16,0,1,0,10104,28,3783,0,2,1,0,100000,0,0,0,0,0,0,0,0,0,0,0,0,0,0,0,0,0,0,1,0,331,,395,0,,1,1,0,1,0,0,0,0
18000,0,,,0,0,1,0,0,0,0,0,2,0,0,1000000,0,0,0,0,0,0,0,0,0,0,0,0,0,0,0,0,0,0,0,0,331,,0,0,,0,0,1,0,0,0,0,0
18001,0,,,0,0,1,0,0,0,0,0,2,0,0,1000000,0,0,0,0,0,0,0,0,0,0,0,0,0,0,0,0,0,0,0,0,331,,0,0,,0,0,1,0,0,0,0,0
18002,0,,,0,0,1,0,0,0,0,0,2,0,0,1000000,0,0,0,0,0,0,0,0,0,0,0,0,0,0,0,0,0,0,0,0,331,,0,0,,0,0,1,0,0,0,0,0
18003,0,,,0,0,1,0,0,0,0,0,2,0,0,1000000,0,0,0,0,0,0,0,0,0,0,0,0,0,0,0,0,0,0,0,0,331,,0,0,,0,0,1,0,0,0,0,0
18004,0,,,0,0,1,0,0,0,0,0,2,0,0,1000000,0,0,0,0,0,0,0,0,0,0,0,0,0,0,0,0,0,0,0,0,331,,0,0,,0,0,1,0,0,0,0,0
18005,0,,,0,0,1,0,0,0,0,0,2,0,0,1000000,0,0,0,0,0,0,0,0,0,0,0,0,0,0,0,0,0,0,0,0,331,,0,0,,0,0,1,0,0,0,0,0
18006,0,,,0,0,1,0,0,0,0,0,2,0,0,1000000,0,0,0,0,0,0,0,0,0,0,0,0,0,0,0,0,0,0,0,0,331,,0,0,,0,0,1,0,0,0,0,0
18007,0,,,0,0,1,0,0,0,0,0,2,0,0,1000000,0,0,0,0,0,0,0,0,0,0,0,0,0,0,0,0,0,0,0,0,331,,0,0,,0,0,1,0,0,0,0,0
18008,0,,,0,0,1,0,0,0,0,0,2,0,0,1000000,0,0,0,0,0,0,0,0,0,0,0,0,0,0,0,0,0,0,0,0,331,,0,0,,0,0,1,0,0,0,0,0
18009,0,,,0,0,1,0,0,0,0,0,2,0,0,1000000,0,0,0,0,0,0,0,0,0,0,0,0,0,0,0,0,0,0,0,0,331,,0,0,,0,0,1,0,0,0,0,0
18010,0,,,0,0,1,0,0,0,0,0,2,0,0,1000000,0,0,0,0,0,0,0,0,0,0,0,0,0,0,0,0,0,0,0,0,331,,0,0,,0,0,1,0,0,0,0,0
18011,0,,,0,0,1,0,0,0,0,0,2,0,0,1000000,0,0,0,0,0,0,0,0,0,0,0,0,0,0,0,0,0,0,0,0,331,,0,0,,0,0,1,0,0,0,0,0
18012,0,,,0,0,1,0,0,0,0,0,2,0,0,1000000,0,0,0,0,0,0,0,0,0,0,0,0,0,0,0,0,0,0,0,0,331,,0,0,,0,0,1,0,0,0,0,0
18013,0,,,0,0,1,0,0,0,0,0,2,0,0,1000000,0,0,0,0,0,0,0,0,0,0,0,0,0,0,0,0,0,0,0,0,331,,0,0,,0,0,1,0,0,0,0,0
18014,0,,,0,0,1,0,0,0,0,0,2,0,0,1000000,0,0,0,0,0,0,0,0,0,0,0,0,0,0,0,0,0,0,0,0,331,,0,0,,0,0,1,0,0,0,0,0
18015,0,,,0,0,1,0,0,0,0,0,2,0,0,1000000,0,0,0,0,0,0,0,0,0,0,0,0,0,0,0,0,0,0,0,0,331,,0,0,,0,0,1,0,0,0,0,0
18016,0,,,0,0,1,0,0,0,0,0,2,0,0,1000000,0,0,0,0,0,0,0,0,0,0,0,0,0,0,0,0,0,0,0,0,331,,0,0,,0,0,1,0,0,0,0,0
18017,0,,,0,0,1,0,0,0,0,0,2,0,0,1000000,0,0,0,0,0,0,0,0,0,0,0,0,0,0,0,0,0,0,0,0,331,,0,0,,0,0,1,0,0,0,0,0
18050,0,=== PREMIUM FACES====,=== PREMIUM FACES===,0,0,1,0,0,0,0,0,2,0,0,1000000,0,0,0,0,0,0,0,0,0,0,0,0,0,0,0,0,0,0,0,0,331,,0,0,,0,0,1,0,0,0,0,0
18051,0,patch_face,Patch face,25,0,1,0,231,0,2881,0,0,1,0,100000,0,0,0,0,0,0,0,0,0,0,0,0,0,0,0,0,0,0,1,0,331,,195,0,,1,1,0,1,0,0,0,0
18052,0,tribal_face,Tribal face,25,0,1,0,236,0,2881,0,0,1,0,100000,0,0,0,0,0,0,0,0,0,0,0,0,0,0,0,0,0,0,1,0,331,,195,0,,1,1,0,1,0,0,0,0
18053,0,stoic_face,Stoic face,25,0,1,0,223,0,2881,0,0,1,0,100000,0,0,0,0,0,0,0,0,0,0,0,0,0,0,0,0,0,0,1,0,331,,195,0,,1,1,0,1,0,0,0,0
18054,0,buck_tooth,Buck tooth,25,0,1,0,237,0,2881,0,0,1,0,100000,0,0,0,0,0,0,0,0,0,0,0,0,0,0,0,0,0,0,1,0,331,,195,0,,1,1,0,1,0,0,0,0
18055,0,aloof_face,Aloof face,25,0,1,0,218,0,2881,0,0,1,0,100000,0,0,0,0,0,0,0,0,0,0,0,0,0,0,0,0,0,0,1,0,331,,195,0,,1,1,0,1,0,0,0,0
18056,0,charming_face,Charming face,25,0,1,0,225,0,2881,0,0,1,0,100000,0,0,0,0,0,0,0,0,0,0,0,0,0,0,0,0,0,0,1,0,331,,195,0,,1,1,0,1,0,0,0,0
18057,0,happy_face,Happy face,25,0,1,0,235,0,2881,0,0,1,0,100000,0,0,0,0,0,0,0,0,0,0,0,0,0,0,0,0,0,0,1,0,331,,195,0,,1,1,0,1,0,0,0,0
18058,0,nulgun_face,Nulgun face,25,0,1,0,232,0,2881,0,0,1,0,100000,0,0,0,0,0,0,0,0,0,0,0,0,0,0,0,0,0,0,1,0,331,,195,0,,1,1,0,1,0,0,0,0
18059,0,angry_face,Angry face,25,0,1,0,219,0,2881,0,0,1,0,100000,0,0,0,0,0,0,0,0,0,0,0,0,0,0,0,0,0,0,1,0,331,,195,0,,1,1,0,1,0,0,0,0
18060,0,smug_face,Smug face,25,0,1,0,222,0,2881,0,0,1,0,100000,0,0,0,0,0,0,0,0,0,0,0,0,0,0,0,0,0,0,1,0,331,,195,0,,1,1,0,1,0,0,0,0
18061,0,lost_face,Lost face,25,0,1,0,220,0,2881,0,0,1,0,100000,0,0,0,0,0,0,0,0,0,0,0,0,0,0,0,0,0,0,1,0,331,,195,0,,1,1,0,1,0,0,0,0
18062,0,clown_face,Clown face,25,0,1,0,227,0,2881,0,0,1,0,100000,0,0,0,0,0,0,0,0,0,0,0,0,0,0,0,0,0,0,1,0,331,,195,0,,1,1,0,1,0,0,0,0
18063,0,heavy_face,Heavy face,25,0,1,0,221,0,2881,0,0,1,0,100000,0,0,0,0,0,0,0,0,0,0,0,0,0,0,0,0,0,0,1,0,331,,195,0,,1,1,0,1,0,0,0,0
18064,0,surly_face,Surly face,25,0,1,0,226,0,2881,0,0,1,0,100000,0,0,0,0,0,0,0,0,0,0,0,0,0,0,0,0,0,0,1,0,331,,195,0,,1,1,0,1,0,0,0,0
18065,0,freckle_face,Freckle face,25,0,1,0,233,0,2881,0,0,1,0,100000,0,0,0,0,0,0,0,0,0,0,0,0,0,0,0,0,0,0,1,0,331,,195,0,,1,1,0,1,0,0,0,0
18066,0,mole_face,Mole face,25,0,1,0,234,0,2881,0,0,1,0,100000,0,0,0,0,0,0,0,0,0,0,0,0,0,0,0,0,0,0,1,0,331,,195,0,,1,1,0,1,0,0,0,0
18067,0,content_face,Content face,25,0,1,0,228,0,2881,0,0,1,0,100000,0,0,0,0,0,0,0,0,0,0,0,0,0,0,0,0,0,0,1,0,331,,195,0,,1,1,0,1,0,0,0,0
18068,0,glamour_face,Glamour face,25,0,1,0,229,0,2881,0,0,1,0,100000,0,0,0,0,0,0,0,0,0,0,0,0,0,0,0,0,0,0,1,0,331,,195,0,,1,1,0,1,0,0,0,0
18069,0,heavy_face,Heavy face,25,0,1,0,221,0,2881,0,0,1,0,100000,0,0,0,0,0,0,0,0,0,0,0,0,0,0,0,0,0,0,1,0,331,,195,0,,1,1,0,1,0,0,0,0
18070,0,jolly_face,Jolly face,25,0,1,0,238,0,2881,0,0,1,0,100000,0,0,0,0,0,0,0,0,0,0,0,0,0,0,0,0,0,0,1,0,331,,195,0,,1,1,0,1,0,0,0,0
18071,0,mischievous_face,Mischievous face,25,0,1,0,224,0,2881,0,0,1,0,100000,0,0,0,0,0,0,0,0,0,0,0,0,0,0,0,0,0,0,1,0,331,,195,0,,1,1,0,1,0,0,0,0
18072,0,scar_face,Scar face,25,0,1,0,230,0,2881,0,0,1,0,100000,0,0,0,0,0,0,0,0,0,0,0,0,0,0,0,0,0,0,1,0,331,,195,0,,1,1,0,1,0,0,0,0
18073,0,tribal_face,Tribal face,25,0,1,0,236,0,2881,0,0,1,0,100000,0,0,0,0,0,0,0,0,0,0,0,0,0,0,0,0,0,0,1,0,331,,195,0,,1,1,0,1,0,0,0,0
18074,0,,,0,0,1,0,0,0,0,0,2,0,0,1000000,0,0,0,0,0,0,0,0,0,0,0,0,0,0,0,0,0,0,0,0,331,,0,0,,0,0,1,0,0,0,0,0
18075,0,,,0,0,1,0,0,0,0,0,2,0,0,1000000,0,0,0,0,0,0,0,0,0,0,0,0,0,0,0,0,0,0,0,0,331,,0,0,,0,0,1,0,0,0,0,0
18076,0,,,0,0,1,0,0,0,0,0,2,0,0,1000000,0,0,0,0,0,0,0,0,0,0,0,0,0,0,0,0,0,0,0,0,331,,0,0,,0,0,1,0,0,0,0,0
18077,0,,,0,0,1,0,0,0,0,0,2,0,0,1000000,0,0,0,0,0,0,0,0,0,0,0,0,0,0,0,0,0,0,0,0,331,,0,0,,0,0,1,0,0,0,0,0
18078,0,,,0,0,1,0,0,0,0,0,2,0,0,1000000,0,0,0,0,0,0,0,0,0,0,0,0,0,0,0,0,0,0,0,0,331,,0,0,,0,0,1,0,0,0,0,0
18079,0,,,0,0,1,0,0,0,0,0,2,0,0,1000000,0,0,0,0,0,0,0,0,0,0,0,0,0,0,0,0,0,0,0,0,331,,0,0,,0,0,1,0,0,0,0,0
18080,0,,,0,0,1,0,0,0,0,0,2,0,0,1000000,0,0,0,0,0,0,0,0,0,0,0,0,0,0,0,0,0,0,0,0,331,,0,0,,0,0,1,0,0,0,0,0
18081,0,,,0,0,1,0,0,0,0,0,2,0,0,1000000,0,0,0,0,0,0,0,0,0,0,0,0,0,0,0,0,0,0,0,0,331,,0,0,,0,0,1,0,0,0,0,0
18082,0,,,0,0,1,0,0,0,0,0,2,0,0,1000000,0,0,0,0,0,0,0,0,0,0,0,0,0,0,0,0,0,0,0,0,331,,0,0,,0,0,1,0,0,0,0,0
18083,0,,,0,0,1,0,0,0,0,0,2,0,0,1000000,0,0,0,0,0,0,0,0,0,0,0,0,0,0,0,0,0,0,0,0,331,,0,0,,0,0,1,0,0,0,0,0
18084,0,,,0,0,1,0,0,0,0,0,2,0,0,1000000,0,0,0,0,0,0,0,0,0,0,0,0,0,0,0,0,0,0,0,0,331,,0,0,,0,0,1,0,0,0,0,0
18085,0,,,0,0,1,0,0,0,0,0,2,0,0,1000000,0,0,0,0,0,0,0,0,0,0,0,0,0,0,0,0,0,0,0,0,331,,0,0,,0,0,1,0,0,0,0,0
18086,0,,,0,0,1,0,0,0,0,0,2,0,0,1000000,0,0,0,0,0,0,0,0,0,0,0,0,0,0,0,0,0,0,0,0,331,,0,0,,0,0,1,0,0,0,0,0
18087,0,,,0,0,1,0,0,0,0,0,2,0,0,1000000,0,0,0,0,0,0,0,0,0,0,0,0,0,0,0,0,0,0,0,0,331,,0,0,,0,0,1,0,0,0,0,0
18088,0,,,0,0,1,0,0,0,0,0,2,0,0,1000000,0,0,0,0,0,0,0,0,0,0,0,0,0,0,0,0,0,0,0,0,331,,0,0,,0,0,1,0,0,0,0,0
18089,0,,,0,0,1,0,0,0,0,0,2,0,0,1000000,0,0,0,0,0,0,0,0,0,0,0,0,0,0,0,0,0,0,0,0,331,,0,0,,0,0,1,0,0,0,0,0
18090,0,,,0,0,1,0,0,0,0,0,2,0,0,1000000,0,0,0,0,0,0,0,0,0,0,0,0,0,0,0,0,0,0,0,0,331,,0,0,,0,0,1,0,0,0,0,0
18091,0,,,0,0,1,0,0,0,0,0,2,0,0,1000000,0,0,0,0,0,0,0,0,0,0,0,0,0,0,0,0,0,0,0,0,331,,0,0,,0,0,1,0,0,0,0,0
18092,0,,,0,0,1,0,0,0,0,0,2,0,0,1000000,0,0,0,0,0,0,0,0,0,0,0,0,0,0,0,0,0,0,0,0,331,,0,0,,0,0,1,0,0,0,0,0
18093,0,,,0,0,1,0,0,0,0,0,2,0,0,1000000,0,0,0,0,0,0,0,0,0,0,0,0,0,0,0,0,0,0,0,0,331,,0,0,,0,0,1,0,0,0,0,0
18094,0,,,0,0,1,0,0,0,0,0,2,0,0,1000000,0,0,0,0,0,0,0,0,0,0,0,0,0,0,0,0,0,0,0,0,331,,0,0,,0,0,1,0,0,0,0,0
18095,0,,,0,0,1,0,0,0,0,0,2,0,0,1000000,0,0,0,0,0,0,0,0,0,0,0,0,0,0,0,0,0,0,0,0,331,,0,0,,0,0,1,0,0,0,0,0
18096,0,,,0,0,1,0,0,0,0,0,2,0,0,1000000,0,0,0,0,0,0,0,0,0,0,0,0,0,0,0,0,0,0,0,0,331,,0,0,,0,0,1,0,0,0,0,0
18097,0,,,0,0,1,0,0,0,0,0,2,0,0,1000000,0,0,0,0,0,0,0,0,0,0,0,0,0,0,0,0,0,0,0,0,331,,0,0,,0,0,1,0,0,0,0,0
18098,0,,,0,0,1,0,0,0,0,0,2,0,0,1000000,0,0,0,0,0,0,0,0,0,0,0,0,0,0,0,0,0,0,0,0,331,,0,0,,0,0,1,0,0,0,0,0
18099,0,,,0,0,1,0,0,0,0,0,2,0,0,1000000,0,0,0,0,0,0,0,0,0,0,0,0,0,0,0,0,0,0,0,0,331,,0,0,,0,0,1,0,0,0,0,0
18100,0,,,0,0,1,0,0,0,0,0,2,0,0,1000000,0,0,0,0,0,0,0,0,0,0,0,0,0,0,0,0,0,0,0,0,331,,0,0,,0,0,1,0,0,0,0,0
19000,0,====MISC====,====MISC=====,0,0,1,0,0,0,0,0,2,0,0,1000000,0,0,0,0,0,0,0,0,0,0,0,0,0,0,0,0,0,0,0,0,331,,0,0,,0,0,1,0,0,0,0,0
19001,0,poetry_revel_1st_place,Poetry Revel 1st place,18,0,1,0,0,0,679,0,2,0,0,1000000,0,0,0,0,0,0,0,0,0,0,0,0,0,0,0,0,1,0,0,0,331,,0,0,,0,0,1,0,0,0,0,0
19002,0,poetry_revel_2nd_place,Poetry Revel 2nd place,18,0,1,0,0,0,679,1,2,0,0,1000000,0,0,0,0,0,0,0,0,0,0,0,0,0,0,0,0,1,0,0,0,331,,0,0,,0,0,1,0,0,0,0,0
19003,0,poetry_revel_3rd_place,Poetry Revel 3rd place,18,0,1,0,0,0,679,2,2,0,0,1000000,0,0,0,0,0,0,0,0,0,0,0,0,0,0,0,0,1,0,0,0,331,,0,0,,0,0,1,0,0,0,0,0
19004,0,poetry_revel_honorable_mention,Poetry Revel honorable mention,18,0,1,0,0,0,679,3,2,0,0,1000000,0,0,0,0,0,0,0,0,0,0,0,0,0,0,0,0,1,0,0,0,331,,0,0,,0,0,1,0,0,0,0,0
19500,0,=====MYTHIC FAVORS====,===MYTHIC FAVORS===,0,0,1,0,0,0,0,0,2,0,0,1000000,0,0,0,0,0,0,0,0,0,0,0,0,0,0,0,0,0,0,0,0,331,,0,0,,0,0,1,0,0,0,0,0
19501,0,roosters_favor,Rooster\'s favor,18,0,1,0,0,0,718,0,2,0,0,1000000,0,0,0,0,0,0,0,0,0,0,0,0,0,0,0,0,0,0,0,0,331,,50000,25000,,0,0,1,0,0,0,0,0
19502,0,dogs_favor,Dog\'s favor,18,0,1,0,0,0,718,0,2,0,0,1000000,0,0,0,0,0,0,0,0,0,0,0,0,0,0,0,0,0,0,0,0,331,,50000,25000,,0,0,1,0,0,0,0,0
19503,0,dragons_favor,Dragon\'s favor,18,0,1,0,0,0,718,0,2,0,0,1000000,0,0,0,0,0,0,0,0,0,0,0,0,0,0,0,0,0,0,0,0,331,,50000,25000,,0,0,1,0,0,0,0,0
19504,0,horses_favor,Horse\'s favor,18,0,1,0,0,0,718,0,2,0,0,1000000,0,0,0,0,0,0,0,0,0,0,0,0,0,0,0,0,0,0,0,0,331,,50000,25000,,0,0,1,0,0,0,0,0
19505,0,monkeys_favor,Monkey\'s favor,18,0,1,0,0,0,718,0,2,0,0,1000000,0,0,0,0,0,0,0,0,0,0,0,0,0,0,0,0,0,0,0,0,331,,50000,25000,,0,0,1,0,0,0,0,0
19506,0,oxs_favor,Ox\'s favor,18,0,1,0,0,0,718,0,2,0,0,1000000,0,0,0,0,0,0,0,0,0,0,0,0,0,0,0,0,0,0,0,0,331,,50000,25000,,0,0,1,0,0,0,0,0
19507,0,pigs_favor,Pig\'s favor,18,0,1,0,0,0,718,0,2,0,0,1000000,0,0,0,0,0,0,0,0,0,0,0,0,0,0,0,0,0,0,0,0,331,,50000,25000,,0,0,1,0,0,0,0,0
19508,0,rabbits_favor,Rabbit\'s favor,18,0,1,0,0,0,718,0,2,0,0,1000000,0,0,0,0,0,0,0,0,0,0,0,0,0,0,0,0,0,0,0,0,331,,50000,25000,,0,0,1,0,0,0,0,0
19509,0,rats_favor,Rat\'s favor,18,0,1,0,0,0,718,0,2,0,0,1000000,0,0,0,0,0,0,0,0,0,0,0,0,0,0,0,0,0,0,0,0,331,,50000,25000,,0,0,1,0,0,0,0,0
19510,0,sheeps_favor,Sheep\'s favor,18,0,1,0,0,0,718,0,2,0,0,1000000,0,0,0,0,0,0,0,0,0,0,0,0,0,0,0,0,0,0,0,0,331,,50000,25000,,0,0,1,0,0,0,0,0
19511,0,snakes_favor,Snake\'s favor,18,0,1,0,0,0,718,0,2,0,0,1000000,0,0,0,0,0,0,0,0,0,0,0,0,0,0,0,0,0,0,0,0,331,,50000,25000,,0,0,1,0,0,0,0,0
19512,0,tigers_favor,Tiger\'s favor,18,0,1,0,0,0,718,0,2,0,0,1000000,0,0,0,0,0,0,0,0,0,0,0,0,0,0,0,0,0,0,0,0,331,,50000,25000,,0,0,1,0,0,0,0,0
19513,0,,,0,0,1,0,0,0,0,0,2,0,0,1000000,0,0,0,0,0,0,0,0,0,0,0,0,0,0,0,0,0,0,0,0,331,,0,0,,0,0,1,0,0,0,0,0
19514,0,,,0,0,1,0,0,0,0,0,2,0,0,1000000,0,0,0,0,0,0,0,0,0,0,0,0,0,0,0,0,0,0,0,0,331,,0,0,,0,0,1,0,0,0,0,0
20010,0,fragile_orb_of_world_shout,Fragile Orb of World Shout,18,0,1,1,0,0,771,21,2,0,0,1000000,0,0,0,0,0,0,0,0,0,0,0,0,0,0,0,0,1,1,1,0,331,,50000,0,,0,0,1,0,0,0,0,0
20011,0,,,18,0,100,100,0,0,47,0,2,0,0,0,0,0,0,0,0,0,0,0,0,0,0,0,0,0,0,0,0,0,0,0,331,,0,0,,0,0,1,0,0,0,0,0
20012,0,scroll_of_protection,Scroll of protection,18,0,100,100,0,0,19,0,2,0,0,1000000,0,0,0,0,0,0,0,0,0,0,0,0,0,0,0,0,0,0,0,0,331,,0,0,,0,0,1,0,0,0,0,0
20013,0,scroll_of_invocation,Scroll of invocation,18,0,100,100,0,0,19,0,2,0,0,1000000,0,0,0,0,0,0,0,0,0,0,0,0,0,0,0,0,0,0,0,0,331,,0,0,,0,0,1,0,0,0,0,0
20014,0,scroll_of_defense,Scroll of defense,18,0,100,100,0,0,19,0,2,0,0,1000000,0,0,0,0,0,0,0,0,0,0,0,0,0,0,0,0,0,0,0,0,331,,0,0,,0,0,1,0,0,0,0,0
20015,0,scroll_of_immortality,Scroll of immortality,18,0,100,100,0,0,19,0,2,0,0,1000000,0,0,0,0,0,0,0,0,0,0,0,0,0,0,0,0,0,0,0,0,331,,0,0,,0,0,1,0,0,0,0,0
20016,0,annual_ticket,Annual ticket,18,0,1,1,0,0,3089,0,2,0,0,1000000,0,0,0,0,0,0,0,0,0,0,0,0,0,0,0,0,1,1,0,0,331,,5000,2500,,0,0,1,0,0,0,0,0
20017,0,annual_pass,Annual pass,18,0,1,1,0,0,3088,0,2,0,0,1000000,0,0,0,0,0,0,0,0,0,0,0,0,0,0,0,0,1,1,0,0,331,,5000,2500,,0,0,1,0,0,0,0,0
20018,0,good_fortune,Good fortune,18,0,1,1,0,0,3087,0,2,0,0,1000000,0,0,0,0,0,0,0,0,0,0,0,0,0,0,0,0,1,1,0,0,331,,5000,2500,,0,0,1,0,0,0,0,0
20019,0,rich_fortune,Rich fortune,18,0,1,1,0,0,4873,0,2,0,0,1000000,0,0,0,0,0,0,0,0,0,0,0,0,0,0,0,0,1,1,0,0,331,,5000,2500,,0,0,1,0,0,0,0,0
21000,0,===FLOWERS====,====FLOWERS=====,0,0,1,0,0,0,0,0,2,0,0,1000000,0,0,0,0,0,0,0,0,0,0,0,0,0,0,0,0,0,0,0,0,331,,0,0,,0,0,1,0,0,0,0,0
21001,0,rose,Rose,18,0,50,50,0,0,941,0,2,0,0,1000000,0,0,0,0,0,0,0,0,0,0,0,0,0,0,0,0,0,0,0,0,331,,100,50,,0,0,1,0,0,0,0,0
21002,0,dawn_tulip,Dawn tulip,18,0,50,50,0,0,970,0,2,0,0,1000000,0,0,0,0,0,0,0,0,0,0,0,0,0,0,0,0,0,0,0,0,331,,100,50,,0,0,1,0,0,0,0,0
21003,0,golden_sunset,Golden sunset,18,0,50,50,0,0,964,0,2,0,0,1000000,0,0,0,0,0,0,0,0,0,0,0,0,0,0,0,0,0,0,0,0,331,,100,50,,0,0,1,0,0,0,0,0
21004,0,greater_tulip,Greater tulip,18,0,50,50,0,0,945,0,2,0,0,1000000,0,0,0,0,0,0,0,0,0,0,0,0,0,0,0,0,0,0,0,0,331,,100,50,,0,0,1,0,0,0,0,0
21005,0,heavens_bell,Heaven\'s bell,18,0,50,50,0,0,944,0,2,0,0,1000000,0,0,0,0,0,0,0,0,0,0,0,0,0,0,0,0,0,0,0,0,331,,100,50,,0,0,1,0,0,0,0,0
21006,0,midnights_reign,Midnight\'s reign,18,0,50,50,0,0,955,0,2,0,0,1000000,0,0,0,0,0,0,0,0,0,0,0,0,0,0,0,0,0,0,0,0,331,,100,50,,0,0,1,0,0,0,0,0
21007,0,old_poppy,Old poppy,18,0,50,50,0,0,962,0,2,0,0,1000000,0,0,0,0,0,0,0,0,0,0,0,0,0,0,0,0,0,0,0,0,331,,100,50,,0,0,1,0,0,0,0,0
21008,0,yuris_love,Yuri\'s love,18,0,50,50,0,0,939,0,2,0,0,1000000,0,0,0,0,0,0,0,0,0,0,0,0,0,0,0,0,0,0,0,0,331,,100,50,,0,0,1,0,0,0,0,0
21009,0,daffodil,Daffodil,18,0,50,50,0,0,940,0,2,0,0,1000000,0,0,0,0,0,0,0,0,0,0,0,0,0,0,0,0,0,0,0,0,331,,100,50,,0,0,1,0,0,0,0,0
21010,0,winedrop,Winedrop,18,0,50,50,0,0,963,0,2,0,0,1000000,0,0,0,0,0,0,0,0,0,0,0,0,0,0,0,0,0,0,0,0,331,,100,50,,0,0,1,0,0,0,0,0
21011,0,fallen_star,Fallen star,18,0,50,50,0,0,1634,0,2,0,0,1000000,0,0,0,0,0,0,0,0,0,0,0,0,0,0,0,0,0,0,0,0,331,,100,50,,0,0,1,0,0,0,0,0
21012,0,sunflower,Sunflower,18,0,50,50,0,0,953,0,2,0,0,1000000,0,0,0,0,0,0,0,0,0,0,0,0,0,0,0,0,0,0,0,0,331,,100,50,,0,0,1,0,0,0,0,0
21013,0,dusk_blossom,Dusk blossom,18,0,50,50,0,0,1647,0,2,0,0,1000000,0,0,0,0,0,0,0,0,0,0,0,0,0,0,0,0,0,0,0,0,331,,100,50,,0,0,1,0,0,0,0,0
21014,0,lemon_flower,Lemon flower,18,0,50,50,0,0,2797,4,2,0,0,1000000,0,0,0,0,0,0,0,0,0,0,0,0,0,0,0,0,0,0,0,0,331,,100,50,,0,0,1,0,0,0,0,0
21015,0,orange_blossom,Orange blossom,18,0,50,50,0,0,2802,0,2,0,0,1000000,0,0,0,0,0,0,0,0,0,0,0,0,0,0,0,0,0,0,0,0,331,,100,50,,0,0,1,0,0,0,0,0
21016,0,mango_floret,Mango floret,18,0,50,50,0,0,2915,0,2,0,0,1000000,0,0,0,0,0,0,0,0,0,0,0,0,0,0,0,0,0,0,0,0,331,,100,50,,0,0,1,0,0,0,0,0
21017,0,lavender_wreath,Lavender wreath,18,0,50,50,0,0,2926,0,2,0,0,1000000,0,0,0,0,0,0,0,0,0,0,0,0,0,0,0,0,0,0,0,0,331,,100,50,,0,0,1,0,0,0,0,0
21018,0,dusty_pinned_flower,Dusty pinned flower,18,0,50,50,0,0,3953,215,2,0,0,1000000,0,0,0,0,0,0,0,0,0,0,0,0,0,0,0,0,0,0,0,0,331,,100,50,,0,0,1,0,0,0,0,0
21019,0,icy_pinned_flower,Icy pinned flower,18,0,50,50,0,0,3953,122,2,0,0,1000000,0,0,0,0,0,0,0,0,0,0,0,0,0,0,0,0,0,0,0,0,331,,100,50,,0,0,1,0,0,0,0,0
21020,0,pink_mugunghwa,Pink mugunghwa,18,0,50,50,0,0,2797,19,2,0,0,1000000,0,0,0,0,0,0,0,0,0,0,0,0,0,0,0,0,0,0,0,0,331,,100,50,,0,0,1,0,0,0,0,0
21021,0,belladonna,Belladonna,18,0,50,50,0,0,1460,30,2,0,0,1000000,0,0,0,0,0,0,0,0,0,0,0,0,0,0,0,0,0,0,0,0,331,,100,50,,0,0,1,0,0,0,0,0
21022,0,foxglove,Foxglove,18,0,50,50,0,0,1460,22,2,0,0,1000000,0,0,0,0,0,0,0,0,0,0,0,0,0,0,0,0,0,0,0,0,331,,100,50,,0,0,1,0,0,0,0,0
21023,0,valentine_bouquet,Valentine bouquet,18,0,1,0,0,0,958,0,2,0,0,1000000,0,0,0,0,0,0,0,0,0,0,0,0,0,0,0,0,0,0,0,0,331,,100,50,,0,0,1,0,0,0,0,0
21024,0,golden_dove_bouquet,Golden dove bouquet,18,0,1,0,0,0,960,0,2,0,0,1000000,0,0,0,0,0,0,0,0,0,0,0,0,0,0,0,0,0,0,0,0,331,,100,50,,0,0,1,0,0,0,0,0
21025,0,sunflower_bouquet,Sunflower bouquet,18,0,1,0,0,0,956,0,2,0,0,1000000,0,0,0,0,0,0,0,0,0,0,0,0,0,0,0,0,0,0,0,0,331,,100,50,,0,0,1,0,0,0,0,0
21026,0,calla_lily,Calla lily,18,0,50,50,0,0,954,0,2,0,0,1000000,0,0,0,0,0,0,0,0,0,0,0,0,0,0,0,0,0,0,0,0,331,,100,50,,0,0,1,0,0,0,0,0
21027,0,calla_lily_bouquet,Calla lily bouquet,18,0,1,0,0,0,959,0,2,0,0,1000000,0,0,0,0,0,0,0,0,0,0,0,0,0,0,0,0,0,0,0,0,331,,100,50,,0,0,1,0,0,0,0,0
21028,0,cerulean_roses_bouquet,Cerulean roses bouquet,18,0,1,0,0,0,4214,23,2,0,0,1000000,0,0,0,0,0,0,0,0,0,0,0,0,0,0,0,0,0,0,0,0,331,,100,50,,0,0,1,0,0,0,0,0
21029,0,black_rose_bouquet,Black rose bouquet,18,0,1,0,0,0,4214,21,2,0,0,1000000,0,0,0,0,0,0,0,0,0,0,0,0,0,0,0,0,0,0,0,0,331,,100,50,,0,0,1,0,0,0,0,0
21030,0,blue_roses_bouquet,Blue roses bouquet,18,0,1,0,0,0,4214,21,2,0,0,1000000,0,0,0,0,0,0,0,0,0,0,0,0,0,0,0,0,0,0,0,0,331,,100,50,,0,0,1,0,0,0,0,0
21031,0,red_roses_bouquet,Red rose bouquet,18,0,1,0,0,0,4214,0,2,0,0,1000000,0,0,0,0,0,0,0,0,0,0,0,0,0,0,0,0,0,0,0,0,331,,100,50,,0,0,1,0,0,0,0,0
21032,0,carmine_roses_bouquet,Carmine roses bouquet,18,0,1,0,0,0,4214,14,2,0,0,1000000,0,0,0,0,0,0,0,0,0,0,0,0,0,0,0,0,0,0,0,0,331,,100,50,,0,0,1,0,0,0,0,0
21033,0,chocolate_roses_bouquet,Chocolate roses bouquet,18,0,1,0,0,0,4214,14,2,0,0,1000000,0,0,0,0,0,0,0,0,0,0,0,0,0,0,0,0,0,0,0,0,331,,100,50,,0,0,1,0,0,0,0,0
21034,0,copper_roses_bouquet,Copper roses bouquet,18,0,1,0,0,0,4214,2,2,0,0,1000000,0,0,0,0,0,0,0,0,0,0,0,0,0,0,0,0,0,0,0,0,331,,100,50,,0,0,1,0,0,0,0,0
21035,0,cornflower_roses_bouquet,Cornflower roses bouquet,18,0,1,0,0,0,4214,15,2,0,0,1000000,0,0,0,0,0,0,0,0,0,0,0,0,0,0,0,0,0,0,0,0,331,,100,50,,0,0,1,0,0,0,0,0
21036,0,daffodil_bouquet,Daffodil bouquet,18,0,1,0,0,0,947,0,2,0,0,1000000,0,0,0,0,0,0,0,0,0,0,0,0,0,0,0,0,0,0,0,0,331,,100,50,,0,0,1,0,0,0,0,0
21037,0,dawn_bouquet,Dawn bouquet,18,0,1,0,0,0,950,0,2,0,0,1000000,0,0,0,0,0,0,0,0,0,0,0,0,0,0,0,0,0,0,0,0,331,,100,50,,0,0,1,0,0,0,0,0
21038,0,dark_roses_bouquet,Dark roses bouquet,18,0,1,0,0,0,4214,3,2,0,0,1000000,0,0,0,0,0,0,0,0,0,0,0,0,0,0,0,0,0,0,0,0,331,,100,50,,0,0,1,0,0,0,0,0
21039,0,emerald_forest_bouquet,Emerald forest bouquet,18,0,1,0,0,0,4214,3,2,0,0,1000000,0,0,0,0,0,0,0,0,0,0,0,0,0,0,0,0,0,0,0,0,331,,100,50,,0,0,1,0,0,0,0,0
21040,0,fire_roses_bouquet,Fire roses bouquet,18,0,1,0,0,0,4214,24,2,0,0,1000000,0,0,0,0,0,0,0,0,0,0,0,0,0,0,0,0,0,0,0,0,331,,100,50,,0,0,1,0,0,0,0,0
21041,0,glowing_roses_bouquet,Glowing roses bouquet,18,0,1,0,0,0,4214,23,2,0,0,1000000,0,0,0,0,0,0,0,0,0,0,0,0,0,0,0,0,0,0,0,0,331,,100,50,,0,0,1,0,0,0,0,0
21042,0,gold_roses_bouquet,Gold roses bouquet,18,0,1,0,0,0,4214,29,2,0,0,1000000,0,0,0,0,0,0,0,0,0,0,0,0,0,0,0,0,0,0,0,0,331,,100,50,,0,0,1,0,0,0,0,0
21043,0,green_roses_bouquet,Green roses bouquet,18,0,1,0,0,0,4214,8,2,0,0,1000000,0,0,0,0,0,0,0,0,0,0,0,0,0,0,0,0,0,0,0,0,331,,100,50,,0,0,1,0,0,0,0,0
21044,0,heavens_bouquet,Heaven\'s bouquet,18,0,1,0,0,0,951,0,2,0,0,1000000,0,0,0,0,0,0,0,0,0,0,0,0,0,0,0,0,0,0,0,0,331,,150000,50,,0,0,1,0,0,0,0,0
21045,0,heavenly_heart_bouquet,Heavenly heart bouquet,18,0,1,0,0,0,4214,8,2,0,0,1000000,0,0,0,0,0,0,0,0,0,0,0,0,0,0,0,0,0,0,0,0,331,,100,50,,0,0,1,0,0,0,0,0
21046,0,lime_roses_bouquet,Lime roses bouquet,18,0,1,0,0,0,4214,8,2,0,0,1000000,0,0,0,0,0,0,0,0,0,0,0,0,0,0,0,0,0,0,0,0,331,,100,50,,0,0,1,0,0,0,0,0
21047,0,midnight_bouquet,Midnight bouquet,18,0,1,0,0,0,952,0,2,0,0,1000000,0,0,0,0,0,0,0,0,0,0,0,0,0,0,0,0,0,0,0,0,331,,150000,50,,0,0,1,0,0,0,0,0
21048,0,passi_flora_bouquet,Passi flora bouquet,18,0,1,0,0,0,952,0,2,0,0,1000000,0,0,0,0,0,0,0,0,0,0,0,0,0,0,0,0,0,0,0,0,331,,150000,50,,0,0,1,0,0,0,0,0
21049,0,peach_roses_bouquet,Peach roses bouquet,18,0,1,0,0,0,4214,1,2,0,0,1000000,0,0,0,0,0,0,0,0,0,0,0,0,0,0,0,0,0,0,0,0,331,,100,50,,0,0,1,0,0,0,0,0
21050,0,pink_flower_bouquet,Pink flower bouquet,18,0,1,0,0,0,4982,0,2,0,0,1000000,0,0,0,0,0,0,0,0,0,0,0,0,0,0,0,0,0,0,0,0,331,,100,50,,0,0,1,0,0,0,0,0
21051,0,pink_roses_bouquet,Pink roses bouquet,18,0,1,0,0,0,4214,3,2,0,0,1000000,0,0,0,0,0,0,0,0,0,0,0,0,0,0,0,0,0,0,0,0,331,,100,50,,0,0,1,0,0,0,0,0
21052,0,plumeria_bouquet,Plumeria bouquet,18,0,1,0,0,0,4214,8,2,0,0,1000000,0,0,0,0,0,0,0,0,0,0,0,0,0,0,0,0,0,0,0,0,331,,100,50,,0,0,1,0,0,0,0,0
21053,0,poppy_bouquet,Poppy bouquet,18,0,1,0,0,0,961,0,2,0,0,1000000,0,0,0,0,0,0,0,0,0,0,0,0,0,0,0,0,0,0,0,0,331,,150000,50,,0,0,1,0,0,0,0,0
21054,0,rose_bouquet,Rose bouquet,18,0,1,0,0,0,948,0,2,0,0,1000000,0,0,0,0,0,0,0,0,0,0,0,0,0,0,0,0,0,0,0,0,331,,150000,50,,0,0,1,0,0,0,0,0
21055,0,rose_bundle_bouquet,Rose bundle bouquet,18,0,1,0,0,0,5752,0,2,0,0,1000000,0,0,0,0,0,0,0,0,0,0,0,0,0,0,0,0,0,0,0,0,331,,5000,50,,0,0,1,0,0,0,0,0
21056,0,spring_bouquet,Spring bouquet,18,0,1,0,0,0,3866,4,2,0,0,1000000,0,0,0,0,0,0,0,0,0,0,0,0,0,0,0,0,0,0,0,0,331,,5000,50,,0,0,1,0,0,0,0,0
21057,0,sunset_bouquet,Sunset bouquet,18,0,1,0,0,0,946,0,2,0,0,1000000,0,0,0,0,0,0,0,0,0,0,0,0,0,0,0,0,0,0,0,0,331,,150000,50,,0,0,1,0,0,0,0,0
21058,0,sunset_roses_bouquet,Sunset roses bouquet,18,0,1,0,0,0,4214,0,2,0,0,1000000,0,0,0,0,0,0,0,0,0,0,0,0,0,0,0,0,0,0,0,0,331,,5000,50,,0,0,1,0,0,0,0,0
21059,0,tulip_bouquet,Tulip bouquet,18,0,1,0,0,0,949,0,2,0,0,1000000,0,0,0,0,0,0,0,0,0,0,0,0,0,0,0,0,0,0,0,0,331,,150000,50,,0,0,1,0,0,0,0,0
21060,0,violet_roses_bouquet,Violet roses bouquet,18,0,1,0,0,0,4214,0,2,0,0,1000000,0,0,0,0,0,0,0,0,0,0,0,0,0,0,0,0,0,0,0,0,331,,5000,50,,0,0,1,0,0,0,0,0
21061,0,white_roses_bouquet,White roses bouquet,18,0,1,0,0,0,4214,28,2,0,0,1000000,0,0,0,0,0,0,0,0,0,0,0,0,0,0,0,0,0,0,0,0,331,,5000,50,,0,0,1,0,0,0,0,0
21062,0,wilted_roses_bouquet,Wilted roses bouquet,18,0,1,0,0,0,4214,28,2,0,0,1000000,0,0,0,0,0,0,0,0,0,0,0,0,0,0,0,0,0,0,0,0,331,,5000,50,,0,0,1,0,0,0,0,0
21063,0,,,0,0,1,0,0,0,0,0,2,0,0,1000000,0,0,0,0,0,0,0,0,0,0,0,0,0,0,0,0,0,0,0,0,331,,0,0,,0,0,1,0,0,0,0,0
21064,0,,,0,0,1,0,0,0,0,0,2,0,0,1000000,0,0,0,0,0,0,0,0,0,0,0,0,0,0,0,0,0,0,0,0,331,,0,0,,0,0,1,0,0,0,0,0
21065,0,,,0,0,1,0,0,0,0,0,2,0,0,1000000,0,0,0,0,0,0,0,0,0,0,0,0,0,0,0,0,0,0,0,0,331,,0,0,,0,0,1,0,0,0,0,0
22000,0,===COSMETICS=====,====COSMETICS=======,0,0,1,0,0,0,0,0,2,0,0,1000000,0,0,0,0,0,0,0,0,0,0,0,0,0,0,0,0,0,0,0,0,331,,0,0,,0,0,1,0,0,0,0,0
22001,0,green_faerie_wings,Green faerie wings,13,0,1,0,37,1,4324,1,2,0,0,400000,0,0,0,0,0,0,0,0,0,0,0,0,0,0,0,0,0,0,1,0,331,,350,0,,1,1,0,1,0,0,0,0
22002,0,blue_faerie_wings,Blue faerie wings,13,0,1,0,37,0,4324,0,2,0,0,400000,0,0,0,0,0,0,0,0,0,0,0,0,0,0,0,0,0,0,1,0,331,,350,0,,1,1,0,1,0,0,0,0
22003,0,golden_faerie_wings,Golden faerie wings,13,0,1,0,37,16,4324,16,2,0,0,400000,0,0,0,0,0,0,0,0,0,0,0,0,0,0,0,0,0,0,1,0,331,,350,0,,1,1,0,1,0,0,0,0
22004,0,platinum_faerie_wings,Platinum faerie wings,13,0,1,0,37,250,4324,250,2,0,0,400000,0,0,0,0,0,0,0,0,0,0,0,0,0,0,0,0,0,0,1,0,331,,350,0,,1,1,0,1,0,0,0,0
22005,0,red_faerie_wings,Red faerie wings,13,0,1,0,37,145,4324,145,2,0,0,400000,0,0,0,0,0,0,0,0,0,0,0,0,0,0,0,0,0,0,1,0,331,,350,0,,1,1,0,1,0,0,0,0
22006,0,random_faerie_wings_box,Random faerie wings box,18,0,1,0,0,0,3058,0,2,0,0,400000,0,0,0,0,0,0,0,0,0,0,0,0,0,0,0,0,0,0,1,0,331,,325,0,,1,1,0,1,0,0,0,0
22007,0,,,0,0,1,0,0,0,0,0,2,0,0,1000000,0,0,0,0,0,0,0,0,0,0,0,0,0,0,0,0,0,0,0,0,331,,0,0,,0,0,1,0,0,0,0,0
22008,0,,,0,0,1,0,0,0,0,0,2,0,0,1000000,0,0,0,0,0,0,0,0,0,0,0,0,0,0,0,0,0,0,0,0,331,,0,0,,0,0,1,0,0,0,0,0
22009,0,,,0,0,1,0,0,0,0,0,2,0,0,1000000,0,0,0,0,0,0,0,0,0,0,0,0,0,0,0,0,0,0,0,0,331,,0,0,,0,0,1,0,0,0,0,0
22010,0,,,0,0,1,0,0,0,0,0,2,0,0,1000000,0,0,0,0,0,0,0,0,0,0,0,0,0,0,0,0,0,0,0,0,331,,0,0,,0,0,1,0,0,0,0,0
22011,0,,,0,0,1,0,0,0,0,0,2,0,0,1000000,0,0,0,0,0,0,0,0,0,0,0,0,0,0,0,0,0,0,0,0,331,,0,0,,0,0,1,0,0,0,0,0
22012,0,,,0,0,1,0,0,0,0,0,2,0,0,1000000,0,0,0,0,0,0,0,0,0,0,0,0,0,0,0,0,0,0,0,0,331,,0,0,,0,0,1,0,0,0,0,0
22013,0,,,0,0,1,0,0,0,0,0,2,0,0,1000000,0,0,0,0,0,0,0,0,0,0,0,0,0,0,0,0,0,0,0,0,331,,0,0,,0,0,1,0,0,0,0,0
22014,0,,,0,0,1,0,0,0,0,0,2,0,0,1000000,0,0,0,0,0,0,0,0,0,0,0,0,0,0,0,0,0,0,0,0,331,,0,0,,0,0,1,0,0,0,0,0
22015,0,,,0,0,1,0,0,0,0,0,2,0,0,1000000,0,0,0,0,0,0,0,0,0,0,0,0,0,0,0,0,0,0,0,0,331,,0,0,,0,0,1,0,0,0,0,0
22016,0,,,0,0,1,0,0,0,0,0,2,0,0,1000000,0,0,0,0,0,0,0,0,0,0,0,0,0,0,0,0,0,0,0,0,331,,0,0,,0,0,1,0,0,0,0,0
22017,0,,,0,0,1,0,0,0,0,0,2,0,0,1000000,0,0,0,0,0,0,0,0,0,0,0,0,0,0,0,0,0,0,0,0,331,,0,0,,0,0,1,0,0,0,0,0
22018,0,,,0,0,1,0,0,0,0,0,2,0,0,1000000,0,0,0,0,0,0,0,0,0,0,0,0,0,0,0,0,0,0,0,0,331,,0,0,,0,0,1,0,0,0,0,0
22019,0,,,0,0,1,0,0,0,0,0,2,0,0,1000000,0,0,0,0,0,0,0,0,0,0,0,0,0,0,0,0,0,0,0,0,331,,0,0,,0,0,1,0,0,0,0,0
22020,0,,,0,0,1,0,0,0,0,0,2,0,0,1000000,0,0,0,0,0,0,0,0,0,0,0,0,0,0,0,0,0,0,0,0,331,,0,0,,0,0,1,0,0,0,0,0
23000,0,===PREMIUM ITEM SETS===,===PREMIUM ITEM SETS===,26,0,1,0,0,0,0,0,2,0,0,1000000,0,0,0,0,0,0,0,0,0,0,0,0,0,0,0,0,0,0,0,0,331,,0,0,,0,0,1,0,0,0,0,0
23001,0,test_collection_box,Test collection box,26,0,1,0,0,0,3052,0,2,0,0,400000,0,0,0,0,0,0,0,0,0,0,0,0,0,0,0,0,0,0,1,0,331,,325,0,,1,1,0,1,0,0,0,0
23002,0,,,0,0,1,0,0,0,0,0,2,0,0,1000000,0,0,0,0,0,0,0,0,0,0,0,0,0,0,0,0,0,0,0,0,331,,0,0,,0,0,1,0,0,0,0,0
23003,0,,,0,0,1,0,0,0,0,0,2,0,0,1000000,0,0,0,0,0,0,0,0,0,0,0,0,0,0,0,0,0,0,0,0,331,,0,0,,0,0,1,0,0,0,0,0
25000,0,===RINGS===,===RINGS===,0,0,1,0,0,0,0,0,2,0,0,1000000,0,0,0,0,0,0,0,0,0,0,0,0,0,0,0,0,0,0,0,0,331,,0,0,,0,0,1,0,0,0,0,0
25001,0,blue_ring,Blue ring,7,0,1,0,0,0,240,0,2,5,0,2400,0,0,0,0,-2,0,0,0,0,0,0,0,0,0,0,0,0,0,0,0,331,,100,50,,0,1,1,0,0,0,0,0
25002,1,red_ring,Red ring,7,0,1,0,0,0,242,0,2,35,0,150000,0,0,0,0,0,2,2,0,0,0,0,0,0,0,0,0,0,0,0,0,331,,1200,600,,0,1,1,0,0,0,0,0
25003,0,purple_ring,Purple ring,7,0,1,0,0,0,241,0,2,15,0,9600,0,0,0,0,-5,1,1,0,0,0,0,0,0,0,0,0,0,0,0,0,331,,2000,1000,,0,1,1,0,0,0,0,0
25004,2,black_ring,Black ring,7,0,1,0,0,0,240,0,2,12,0,8000,0,0,0,0,-10,3,0,0,0,0,0,0,0,0,0,0,0,0,0,0,331,,2200,1100,,0,1,1,0,0,0,0,0
25005,0,exorcist_ring,Exorcist ring,7,0,1,0,0,0,242,0,2,55,0,1500,0,0,0,0,0,0,0,0,0,0,0,0,3,0,0,0,0,0,0,0,331,,5000,2500,,0,1,1,0,0,0,0,0
25006,0,sea_ring,Sea ring,7,0,1,0,0,0,240,0,2,1,0,1500,0,0,0,0,-3,0,0,0,0,0,0,0,3,1,0,0,0,0,0,0,331,,250,125,,0,1,1,0,0,0,0,0
25007,0,engagement_ring,Engagement ring,7,0,1,0,0,0,244,0,2,5,0,4000,0,0,0,0,0,0,0,60,30,0,0,0,1,5,0,0,0,0,0,0,331,,1000,500,,0,1,1,0,0,0,0,0
25008,0,wedding_band,Wedding band,7,0,1,0,0,0,243,0,2,5,0,4000,0,0,0,0,0,0,0,0,0,0,0,0,0,0,0,0,0,0,0,0,331,,0,0,,0,1,1,0,0,0,0,0
25009,0,love,Love,18,0,1,0,0,0,243,0,2,0,0,1000000,0,0,0,0,0,0,0,0,0,0,0,0,0,0,0,0,0,0,1,0,331,,10000,5000,,0,0,1,0,0,0,0,0
25010,0,forsaken_ring,Forsaken ring,7,0,1,0,0,0,240,0,2,99,0,60000,0,0,0,0,-16,3,4,-800,-800,-12,-12,-12,1,0,0,0,0,0,0,0,331,,150000,75000,,0,1,1,0,0,1,0,0
25011,3,holy_ring,Holy ring,7,0,1,0,0,0,242,0,2,50,0,40000,0,0,0,0,-5,0,0,0,250,0,4,0,1,1,0,0,0,0,0,0,331,,50000,25000,,0,1,1,0,0,0,0,0
25014,0,shee_lee_ring,Shee-Lee ring,7,0,1,0,0,0,1886,2,2,99,0,100000,0,0,0,0,-5,4,8,3000,0,3,0,0,0,3,0,0,0,0,0,0,331,,200000,100000,,0,1,1,0,0,1,0,0
25015,1,water_queen_ring,Water queen ring,7,0,1,0,0,0,2949,0,2,50,0,44000,0,0,0,0,-5,4,3,300,0,0,0,0,1,2,0,0,0,0,0,0,331,,55000,27500,,0,1,1,0,0,0,0,0
25016,0,tainted_ring,Tainted ring,7,0,1,0,0,0,240,0,2,30,0,2000,0,0,0,0,-3,1,1,-50,-50,-2,-2,-2,1,0,0,0,0,0,0,0,331,,20000,10000,,0,1,1,0,0,0,0,0
25017,0,large_amber_ring,Large amber ring,7,0,1,0,0,0,1586,13,2,51,0,2600,0,0,0,0,-7,0,0,0,0,2,2,2,1,1,0,0,0,0,0,0,331,,5200,2600,,0,1,1,0,0,0,0,0
25018,0,large_baekho_ring,Large baekho ring,7,0,1,0,0,0,1586,9,2,51,0,2400,0,0,0,0,-7,0,0,300,150,2,2,2,1,1,0,0,0,0,0,0,331,,26000,13000,,0,1,1,0,0,0,0,0
25019,0,large_chung_ryong_ring,Large chung ryong ring,7,0,1,0,0,0,1586,22,2,51,0,2400,0,0,0,0,-7,0,0,450,0,2,2,2,1,1,0,0,0,0,0,0,331,,26000,13000,,0,1,1,0,0,0,0,0
25020,0,large_dark_ring,Large dark ring,7,0,1,0,0,0,1586,5,2,51,0,5000,0,0,0,0,-7,0,0,0,0,2,2,2,1,1,0,0,0,0,0,0,331,,10000,5000,,0,1,1,0,0,0,0,0
25021,0,large_hyun_moo_ring,Large hyun moo ring,7,0,1,0,0,0,1586,8,2,51,0,2400,0,0,0,0,-7,0,0,150,300,2,2,2,1,1,0,0,0,0,0,0,331,,26000,13000,,0,1,1,0,0,0,0,0
25022,0,large_ju_jak_ring,Large ju jak ring,7,0,1,0,0,0,1586,4,2,51,0,2400,0,0,0,0,-7,0,0,0,450,2,2,2,1,1,0,0,0,0,0,0,331,,26000,13000,,0,1,1,0,0,0,0,0
25023,0,large_white_ring,Large white ring,7,0,1,0,0,0,1586,9,2,66,0,13000,0,0,0,0,-5,0,0,0,0,2,2,2,1,1,0,0,0,0,0,0,331,,26000,13000,,0,1,1,0,0,0,0,0
25024,0,large_yellow_ring,Large yellow ring,7,0,1,0,0,0,1586,28,2,61,0,11000,0,0,0,0,-7,0,0,0,0,2,2,2,1,1,0,0,0,0,0,0,331,,22000,11000,,0,1,1,0,0,0,0,0
25025,0,medium_amber_ring,Medium amber ring,7,0,1,0,0,0,1585,36,2,31,0,1500,0,0,0,0,-6,0,0,0,0,1,1,1,1,1,0,0,0,0,0,0,331,,3000,1500,,0,1,1,0,0,0,0,0
25026,0,medium_baekho_ring,Medium baekho ring,7,0,1,0,0,0,1585,10,2,31,0,2400,0,0,0,0,-6,0,0,200,100,1,1,1,1,1,0,0,0,0,0,0,331,,22000,11000,,0,1,1,0,0,0,0,0
25027,0,medium_chung_ryong_ring,Medium chung ryong ring,7,0,1,0,0,0,1585,8,2,31,0,2400,0,0,0,0,-6,0,0,300,0,1,1,1,1,1,0,0,0,0,0,0,331,,22000,11000,,0,1,1,0,0,0,0,0
25028,0,medium_dark_ring,Medium dark ring,7,0,1,0,0,0,1585,9,2,36,0,2600,0,0,0,0,-6,0,0,0,0,1,1,1,1,1,0,0,0,0,0,0,331,,5200,2600,,0,1,1,0,0,0,0,0
25029,0,medium_hyun_moo_ring,Medium hyun moo ring,7,0,1,0,0,0,1585,31,2,31,0,2400,0,0,0,0,-6,0,0,200,100,1,1,1,1,1,0,0,0,0,0,0,331,,22000,11000,,0,1,1,0,0,0,0,0
25030,0,medium_ju_jak_ring,Medium ju jak ring,7,0,1,0,0,0,1585,20,2,31,0,2400,0,0,0,0,-6,0,0,0,300,1,1,1,1,1,0,0,0,0,0,0,331,,22000,11000,,0,1,1,0,0,0,0,0
25031,0,medium_white_ring,Medium white ring,7,0,1,0,0,0,1585,0,2,46,0,5000,0,0,0,0,-6,0,0,0,0,1,1,1,1,1,0,0,0,0,0,0,331,,10000,5000,,0,1,1,0,0,0,0,0
25032,0,medium_yellow_ring,Medium yellow ring,7,0,1,0,0,0,1585,19,2,41,0,4500,0,0,0,0,-6,0,0,0,0,1,1,1,1,1,0,0,0,0,0,0,331,,9000,4500,,0,1,1,0,0,0,0,0
25033,0,small_amber_ring,Small amber ring,7,0,1,0,0,0,1608,0,2,11,0,1000,0,0,0,0,-5,0,0,0,0,1,1,1,0,0,0,0,0,0,0,0,331,,2000,1000,,0,1,1,0,0,0,0,0
25034,0,small_baekho_ring,Small baekho ring,7,0,1,0,0,0,1608,21,2,11,0,3750,0,0,0,0,-5,0,0,100,50,1,1,1,0,0,0,0,0,0,0,0,331,,5000,2500,,0,1,1,0,0,0,0,0
25035,0,small_chung_ryong_ring,Small chung ryong ring,7,0,1,0,0,0,1608,26,2,11,0,3750,0,0,0,0,-5,0,0,150,0,1,1,1,0,0,0,0,0,0,0,0,331,,5000,2500,,0,1,1,0,0,0,0,0
25036,0,small_dark_ring,Small dark ring,7,0,1,0,0,0,1608,23,2,16,0,1500,0,0,0,0,-5,0,0,0,0,1,1,1,0,0,0,0,0,0,0,0,331,,3000,1500,,0,1,1,0,0,0,0,0
25037,0,small_hyun_moo_ring,Small hyun moo ring,7,0,1,0,0,0,1608,27,2,11,0,3750,0,0,0,0,-5,0,0,100,50,1,1,1,0,0,0,0,0,0,0,0,331,,5000,2500,,0,1,1,0,0,0,0,0
25038,0,small_ju_jak_ring,Small ju jak ring,7,0,1,0,0,0,1608,30,2,11,0,3750,0,0,0,0,-5,0,0,0,150,1,1,1,0,0,0,0,0,0,0,0,331,,5000,2500,,0,1,1,0,0,0,0,0
25039,0,small_white_ring,Small white ring,7,0,1,0,0,0,975,0,2,26,0,4000,0,0,0,0,-5,0,0,0,0,1,1,1,0,0,0,0,0,0,0,0,331,,8000,4000,,0,1,1,0,0,0,0,0
25040,0,small_yellow_ring,Small yellow ring,7,0,1,0,0,0,1608,29,2,21,0,3500,0,0,0,0,-5,0,0,0,0,1,1,1,0,0,0,0,0,0,0,0,331,,7000,3500,,0,1,1,0,0,0,0,0
25041,0,floating_ring_of_substratum,Floating ring of Substratum,7,0,1,0,0,0,2286,28,2,99,0,400000,0,0,0,0,-7,2,2,700,700,5,5,10,0,15,0,0,0,0,0,0,331,,0,0,,0,1,1,0,0,0,0,0
25042,0,jeweled_ring_of_substratum,Jeweled ring of Substratum,7,0,1,0,0,0,2286,29,2,99,0,300000,0,0,0,0,-7,2,2,500,500,5,5,5,0,15,0,0,0,0,0,0,331,,100000,50000,,0,1,1,0,0,0,0,0
25043,0,small_ring_of_substratum,Small ring of Substratum,7,0,1,0,0,0,244,12,2,80,0,200000,0,0,0,0,-6,2,2,200,200,3,3,3,0,15,0,0,0,0,0,0,331,,50000,25000,,0,1,1,0,0,0,0,0
25044,1,dragons_liver,Dragon\'s liver,7,0,1,0,0,0,220,0,2,99,0,50000,0,0,0,0,15,3,5,5000,0,20,0,-10,0,0,0,0,0,0,0,0,331,,10000,5000,,0,1,1,0,0,1,0,0
25045,0,corrupted_ring,Corrupted ring,7,0,1,0,0,0,240,0,2,85,0,40000,0,0,0,0,-12,2,3,-700,-300,-8,-8,-8,1,0,0,0,0,0,0,0,331,,60000,30000,,0,1,1,0,0,1,0,0
25046,0,blood_stone,Blood stone,18,0,1,0,0,0,719,0,2,0,0,1000000,0,0,0,0,0,0,0,0,0,0,0,0,0,0,0,0,0,0,1,0,331,,10000,5000,,0,0,1,0,0,0,0,0
25047,3,spirit_stone,Spirit stone,7,0,1,0,0,0,1147,0,2,50,0,50000,0,0,0,0,-3,0,0,0,300,0,0,0,1,0,0,0,0,0,0,0,331,,50000,25000,,0,1,1,0,0,0,0,0
25048,0,cursed_ring,Cursed ring,7,0,1,0,0,0,240,0,2,60,0,10000,0,0,0,0,-7,1,2,-200,-100,-4,-4,-4,1,0,0,0,0,0,0,0,331,,20000,10000,,0,1,1,0,0,1,0,0
25049,0,,,0,0,1,0,0,0,0,0,2,0,0,1000000,0,0,0,0,0,0,0,0,0,0,0,0,0,0,0,0,0,0,0,0,331,,0,0,,0,0,1,0,0,0,0,0
25050,0,,,0,0,1,0,0,0,0,0,2,0,0,1000000,0,0,0,0,0,0,0,0,0,0,0,0,0,0,0,0,0,0,0,0,331,,0,0,,0,0,1,0,0,0,0,0
26000,0,===Hand Items===,===Hand Items===,0,0,1,0,0,0,0,0,2,0,0,1000000,0,0,0,0,0,0,0,0,0,0,0,0,0,0,0,0,0,0,0,0,331,,0,0,,0,0,1,0,0,0,0,0
26001,1,ambrosia,Ambrosia,7,0,1,0,0,0,229,0,2,55,0,250000,0,0,0,0,-10,5,5,500,0,8,0,2,2,0,0,0,0,0,0,0,331,,25000,12500,,0,1,1,0,0,1,0,0
26002,2,whisper_bracelet,Whisper bracelet,7,0,1,0,0,0,42,0,2,50,0,40000,0,0,0,0,-10,4,0,100,100,2,0,0,0,2,0,0,0,0,0,0,331,,50000,25000,,0,1,1,0,0,0,0,0
26003,4,laras_royal_signet,Lara\'s Royal Signet,7,0,1,0,0,0,2950,0,2,50,0,44000,0,0,0,0,-5,0,0,150,150,0,2,1,1,2,1,0,0,0,0,0,331,,55000,27500,,0,1,1,0,0,0,0,0
26004,2,lucky_coin,Lucky Coin,7,0,1,0,0,0,22,0,2,25,0,330,0,0,0,0,-5,2,2,50,50,0,0,2,2,10,0,0,0,0,0,0,331,,1,1,,0,1,1,0,0,1,0,0
26005,2,lucky_silver_coin,Lucky silver coin,7,0,1,0,0,0,69,0,2,90,0,1200,0,0,0,0,-8,2,2,0,700,0,2,4,2,10,0,0,0,0,0,0,331,,5000,2500,,0,1,1,0,0,1,0,0
26006,0,mountains_champion,Mountain\'s champion,7,0,1,0,0,0,3355,21,2,99,3,220000,0,0,0,0,5,8,0,50000,1800,4,0,0,3,0,0,0,0,0,0,0,331,,500000,250000,,0,1,1,0,0,1,0,0
26007,0,mountains_promise,Mountain\'s promise,7,0,1,0,0,0,2945,0,2,99,3,180000,0,0,0,0,4,8,0,26000,1200,3,0,0,3,5,0,0,0,0,0,0,331,,400000,200000,,0,1,1,0,0,1,0,0
26008,0,noble_tag,Noble tag,7,0,1,0,0,0,2559,27,2,99,1,140000,0,0,0,0,-8,7,3,9000,800,2,1,1,0,3,0,0,0,0,0,0,331,,300000,150000,,0,1,1,0,0,1,0,0
26009,4,purified_water,Purified water,7,0,1,0,0,0,317,0,2,95,0,12400,0,0,0,0,-7,0,0,800,800,0,8,0,3,50,0,0,0,0,0,0,331,,5000,2500,,0,1,0,0,0,1,0,0
26010,0,scorched_bone,Scorched bone,7,0,1,0,0,0,212,0,2,90,0,1000,0,0,0,0,5,0,0,0,0,0,0,0,4,0,0,0,0,0,0,0,331,,25000,12500,,0,1,1,0,0,1,0,0
26011,3,scribes_pen,Scribe\'s pen,7,0,1,0,0,0,16,0,2,70,0,1500,0,0,0,0,5,0,0,0,450,0,8,0,2,0,0,0,0,0,0,0,331,,2000,1000,,0,1,1,0,0,1,0,0
26012,3,scribes_book,Scribe\'s book,7,0,1,0,0,0,20,0,2,85,0,6000,0,0,0,0,3,0,0,0,700,0,10,0,0,0,0,0,0,0,0,0,331,,0,0,,0,1,1,0,0,1,0,0
26013,4,sen_glove,Sen glove,7,0,1,0,0,0,489,0,2,50,0,40000,0,0,0,0,-5,0,0,200,0,0,3,0,1,2,0,0,0,0,0,0,331,,40000,20000,,0,1,1,0,0,0,0,0
26014,3,silken_squall_glove,Silken Squall glove,7,0,1,0,0,0,2497,0,2,50,0,44000,0,0,0,0,-5,0,0,100,200,0,1,2,1,1,0,0,0,0,0,0,331,,55000,27500,,0,1,1,0,0,1,0,0
26015,1,titanium_glove,Titanium glove,7,0,1,0,0,0,490,0,2,50,0,40000,0,0,0,0,-6,3,3,250,0,2,0,0,1,2,0,0,0,0,0,0,331,,50000,25000,,0,1,1,0,0,0,0,0
26016,0,tuna_wizard_eye,Tuna wizard eye,7,0,1,0,0,0,2615,28,2,70,0,20000,0,0,0,0,0,5,5,400,0,0,0,0,0,0,0,0,0,0,0,0,331,,4000,2000,,0,1,1,0,0,0,0,0
26017,0,luxury_amber_bracelet,Luxury amber bracelet,7,0,1,0,0,0,2021,0,2,90,0,40000,0,0,0,0,-9,0,0,200,200,3,3,3,2,2,0,0,0,0,0,0,331,,109600,54800,,0,1,1,0,0,0,0,0
26018,0,luxury_dark_bracelet,Luxury dark bracelet,7,0,1,0,0,0,2025,0,2,93,0,40000,0,0,0,0,-9,0,0,200,200,3,3,3,2,2,0,0,0,0,0,0,331,,124000,62000,,0,1,1,0,0,0,0,0
26019,0,luxury_white_bracelet,Luxury white bracelet,7,0,1,0,0,0,976,0,2,99,0,40000,0,0,0,0,-9,0,0,200,200,3,3,3,2,2,0,0,0,0,0,0,331,,172000,86000,,0,1,1,0,0,0,0,0
26020,0,luxury_yellow_bracelet,Luxury yellow bracelet,7,0,1,0,0,0,2028,0,2,96,0,40000,0,0,0,0,-9,0,0,200,200,3,3,3,2,2,0,0,0,0,0,0,331,,160000,80000,,0,1,1,0,0,0,0,0
26021,0,plain_amber_bracelet,Plain amber bracelet,7,0,1,0,0,0,2021,0,2,71,0,40000,0,0,0,0,-8,0,0,100,100,2,2,2,2,2,0,0,0,0,0,0,331,,103000,51500,,0,1,1,0,0,0,0,0
26022,0,plain_dark_bracelet,Plain dark bracelet,7,0,1,0,0,0,2025,0,2,76,0,40000,0,0,0,0,-8,0,0,100,100,2,2,2,2,2,0,0,0,0,0,0,331,,109600,54800,,0,1,1,0,0,0,0,0
26023,0,plain_white_bracelet,Plain white bracelet,7,0,1,0,0,0,976,0,2,86,0,40000,0,0,0,0,-8,0,0,100,100,2,2,2,2,2,0,0,0,0,0,0,331,,124000,62000,,0,1,1,0,0,0,0,0
26024,0,plain_yellow_bracelet,Plain yellow bracelet,7,0,1,0,0,0,2022,0,2,81,0,40000,0,0,0,0,-8,0,0,100,100,2,2,2,2,2,0,0,0,0,0,0,331,,121000,60500,,0,1,1,0,0,0,0,0
26025,0,covert_band,Covert band,7,0,1,0,0,0,1769,0,2,50,0,60000,0,0,0,0,-8,0,0,0,0,0,5,5,0,0,0,0,0,0,0,0,331,,60000,30000,,0,1,0,0,0,0,0,0
26026,0,darkstone,Darkstone,7,0,1,0,0,0,719,0,2,11,0,1000,0,0,0,0,4,1,1,50,50,1,1,1,1,1,0,0,0,0,0,0,331,,1000,500,,0,1,1,0,0,0,0,0
26027,0,demon_dagger,Demon dagger,7,0,1,0,0,0,1752,0,2,50,0,25000,0,0,0,0,-8,2,3,0,-300,-5,0,5,2,0,0,0,0,0,0,0,331,,25000,12500,,0,1,1,0,0,0,0,0
26028,0,ice_shard,Ice shard,7,0,1,0,0,0,720,0,2,11,0,10000,0,0,0,0,-5,1,1,0,0,0,0,0,0,4,0,0,0,0,0,0,331,,2000,1000,,0,1,1,0,0,0,0,0
26029,0,insidious_disk,Insidious disk,7,0,1,0,0,0,1753,0,2,50,0,60000,0,0,0,0,-5,0,0,0,0,0,15,0,0,0,0,0,0,0,0,0,331,,60000,30000,,0,1,1,0,0,0,0,0
26030,0,perseverance,Perseverance,7,0,1,0,0,0,480,0,2,20,0,10000,0,0,0,0,0,0,0,200,0,5,5,5,5,0,0,0,0,0,0,0,331,,100,50,,0,1,1,0,0,0,0,0
26031,0,substratum_gauntlet,Substratum gauntlet,7,0,1,0,0,0,2496,0,2,99,0,300000,0,0,0,0,-10,4,4,1000,2500,5,5,5,1,15,0,0,0,0,0,0,331,,0,0,,0,1,1,0,0,0,0,0
26032,0,platinum_jubilee_gauntlet,Platinum jubilee gauntlet,7,0,1,0,0,0,1884,0,2,11,0,20000,0,0,0,0,0,0,0,0,0,1,1,1,0,0,0,0,0,0,0,0,331,,50000,25000,,0,1,1,0,0,0,0,0
26033,0,qi_shard,Qi shard,7,0,1,0,0,0,1711,0,2,10,0,5000,0,0,0,0,-7,3,3,-300,0,3,0,3,0,0,0,0,0,0,0,0,331,,0,0,,0,1,1,0,0,0,0,0
26034,0,wood_orb,Wood orb,7,0,1,0,0,0,1715,0,2,10,0,20000,0,0,0,0,-7,5,0,0,0,-10,0,10,0,0,0,0,0,0,0,0,331,,20000,10000,,0,1,1,0,0,0,0,0
26035,0,fire_orb,Fire orb,7,0,1,0,0,0,1712,0,2,10,0,20000,0,0,0,0,-7,0,0,0,100,0,10,-10,0,-3,0,0,0,0,0,0,331,,20000,10000,,0,1,1,0,0,0,0,0
26036,0,metal_orb,Metal orb,7,0,1,0,0,0,1714,0,2,10,0,20000,0,0,0,0,-7,0,5,0,0,10,0,-10,0,-3,0,0,0,0,0,0,331,,20000,10000,,0,1,1,0,0,0,0,0
26037,0,earth_orb,Earth orb,7,0,1,0,0,0,1716,0,2,10,0,20000,0,0,0,0,-7,0,0,50,50,5,5,5,0,3,0,0,0,0,0,0,331,,20000,10000,,0,1,1,0,0,0,0,0
26038,0,water_orb,Water orb,7,0,1,0,0,0,1713,0,2,10,0,20000,0,0,0,0,-7,0,0,100,0,0,-10,10,0,3,0,0,0,0,0,0,331,,20000,10000,,0,1,1,0,0,0,0,0
26039,4,fragile_rose,Fragile Rose,7,0,1,0,0,0,39,0,2,40,0,500,0,0,0,0,0,-2,-2,50,120,0,2,0,0,0,0,0,0,0,0,0,331,,8000,4000,,0,1,1,0,0,1,0,0
26040,0,plain_amber_bracelet,Plain amber bracelet,7,0,1,0,0,0,2021,0,2,71,0,40000,0,0,0,0,-8,0,0,100,100,2,2,2,2,2,0,0,0,0,0,0,331,,103000,51500,,0,1,1,0,0,0,0,0
26041,0,plain_dark_braclet,Plan dark bracelet,7,0,1,0,0,0,2025,16,2,76,0,40000,0,0,0,0,-8,0,0,100,100,2,2,2,2,2,0,0,0,0,0,0,331,,109600,54800,,0,1,1,0,0,0,0,0
26042,0,plain_yellow_bracelet,Plain yellow bracelet,7,0,1,0,0,0,2022,0,2,81,0,40000,0,0,0,0,-8,0,0,100,100,2,2,2,2,2,0,0,0,0,0,0,331,,121000,60500,,0,1,1,0,0,0,0,0
26043,0,plain_white_bracelet,Plain white bracelet,7,0,1,0,0,0,979,27,2,86,0,40000,0,0,0,0,-8,0,0,100,100,2,2,2,2,2,0,0,0,0,0,0,331,,124000,62000,,0,1,1,0,0,0,0,0
26044,0,luxury_amber_bracelet,Luxury amber bracelet,7,0,1,0,0,0,2021,0,2,90,0,40000,0,0,0,0,-9,0,0,200,200,3,3,3,2,2,0,0,0,0,0,0,331,,109600,54800,,0,1,1,0,0,0,0,0
26045,0,luxury_dark_bracelet,Luxury dark bracelet,7,0,1,0,0,0,2025,0,2,93,0,40000,0,0,0,0,-9,0,0,200,200,3,3,3,2,2,0,0,0,0,0,0,331,,124000,62000,,0,1,1,0,0,0,0,0
26046,0,luxury_yellow_bracelet,Luxury yellow bracelet,7,0,1,0,0,0,2028,0,2,96,0,40000,0,0,0,0,-9,0,0,200,200,3,3,3,2,2,0,0,0,0,0,0,331,,172000,86000,,0,1,1,0,0,0,0,0
26047,0,luxury_white_bracelet,Luxury white bracelet,7,0,1,0,0,0,976,0,2,99,0,40000,0,0,0,0,-9,0,0,200,200,3,3,3,2,2,0,0,0,0,0,0,331,,160000,80000,,0,1,1,0,0,0,0,0
26048,1,war_amulet,War amulet,7,0,1,0,0,0,878,1,2,11,0,10000,0,0,0,0,-6,1,1,100,0,1,0,0,0,0,0,0,0,0,0,0,331,,0,0,,0,1,1,0,0,0,0,0
26049,1,war_rune,War rune,7,0,1,0,0,0,878,0,2,39,0,40000,0,0,0,0,-6,2,2,200,50,2,0,0,0,0,0,0,0,0,0,0,331,,0,0,,0,1,1,0,0,0,0,0
26050,2,battle_amulet,Battle amulet,7,0,1,0,0,0,879,1,2,11,0,10000,0,0,0,0,-6,0,0,50,50,0,0,1,0,0,0,0,0,0,0,0,331,,0,0,,0,1,1,0,0,0,0,0
26051,2,battle_rune,Battle rune,7,0,1,0,0,0,879,0,2,39,0,40000,0,0,0,0,-8,3,1,75,75,1,0,1,0,0,0,0,0,0,0,0,331,,0,0,,0,1,1,0,0,0,0,0
26052,3,magic_amulet,Magic amulet,7,0,1,0,0,0,880,1,2,11,0,10000,0,0,0,0,-4,0,0,0,100,0,1,0,0,1,0,0,0,0,0,0,331,,0,0,,0,1,1,0,0,0,0,0
26053,3,magic_rune,Magic rune,7,0,1,0,0,0,880,0,2,39,0,40000,0,0,0,0,-5,0,0,100,150,0,2,1,1,1,0,0,0,0,0,0,331,,0,0,,0,1,1,0,0,0,0,0
26054,4,love_amulet,Love amulet,7,0,1,0,0,0,881,1,2,11,0,10000,0,0,0,0,-4,0,0,75,75,0,0,0,0,1,0,0,0,0,0,0,331,,0,0,,0,1,1,0,0,0,0,0
26055,4,love_rune,Love rune,7,0,1,0,0,0,881,0,2,39,0,40000,0,0,0,0,-5,0,0,100,100,0,2,0,1,1,0,0,0,0,0,0,331,,0,0,,0,1,1,0,0,0,0,0
27000,0,===SUB SCRIPTS===,===SUB SCRIPTS===,0,0,1,0,0,0,0,0,2,0,0,1000000,0,0,0,0,0,0,0,0,0,0,0,0,0,0,0,0,0,0,0,0,331,,0,0,,0,0,1,0,0,0,0,0
27001,0,gruff_ring,Gruff ring,9,0,1,0,0,0,4388,0,2,60,0,20000,0,0,0,0,-1,0,0,1000,500,1,0,0,0,0,0,0,0,0,0,0,331,,1000,500,,0,1,1,0,0,1,0,0
27002,0,jade_diamond,Jade diamond,9,0,1,0,0,0,3253,18,2,50,0,20000,0,0,0,0,-1,0,3,2000,0,2,0,0,0,0,0,0,0,0,0,0,331,,10000,5000,,0,1,1,0,0,0,0,0
27003,0,forest_diamond,Forest diamond,10,0,1,0,0,0,3253,15,2,50,0,20000,0,0,0,0,-1,0,0,0,1500,0,3,0,0,0,0,0,0,0,0,0,331,,10000,5000,,0,1,1,0,0,0,0,0
27004,0,azure_diamond,Azure diamond,9,0,1,0,0,0,3253,22,2,99,0,30000,0,0,0,0,-1,0,3,3000,0,2,0,0,0,0,0,0,0,0,0,0,331,,20000,10000,,0,1,1,0,0,0,0,0
27005,0,lazuline_diamond,Lazuline diamond,10,0,1,0,0,0,3253,1,2,99,0,30000,0,0,0,0,-1,0,0,0,2250,0,4,0,0,0,0,0,0,0,0,0,331,,20000,10000,,0,1,1,0,0,0,0,0
27006,0,night_diamond,Night diamond,9,0,1,0,0,0,3253,28,2,99,1,40000,0,0,0,0,-2,0,3,4000,0,3,0,0,0,0,0,0,0,0,0,0,331,,30000,15000,,0,1,1,0,0,0,0,0
27007,0,shade_diamond,Shade diamond,10,0,1,0,0,0,3253,23,2,99,1,40000,0,0,0,0,-2,0,0,0,3000,0,5,0,0,0,0,0,0,0,0,0,331,,30000,15000,,0,1,1,0,0,0,0,0
27008,0,crimson_diamond,Crimson diamond,9,0,1,0,0,0,3253,31,2,99,2,50000,0,0,0,0,-2,0,3,5000,0,3,0,0,0,0,0,0,0,0,0,0,331,,40000,20000,,0,1,1,0,0,0,0,0
27009,0,cerise_diamond,Cerise diamond,10,0,1,0,0,0,3253,21,2,99,2,50000,0,0,0,0,-2,0,0,0,3750,0,6,0,0,0,0,0,0,0,0,0,331,,40000,20000,,0,1,1,0,0,0,0,0
27010,0,searing_diamond,Searing diamond,9,0,1,0,0,0,3253,20,2,99,3,60000,0,0,0,0,-3,0,3,6000,0,4,0,0,0,0,0,0,0,0,0,0,331,,50000,25000,,0,1,1,0,0,0,0,0
27011,0,lucent_diamond,Lucent diamond,10,0,1,0,0,0,3253,30,2,99,3,60000,0,0,0,0,-3,0,0,0,4500,0,7,0,0,0,0,0,0,0,0,0,331,,50000,25000,,0,1,1,0,0,0,0,0
27012,0,radiant_diamond,Radiant diamond,9,0,1,0,0,0,3253,11,2,99,4,70000,0,0,0,0,-3,0,0,0,6000,0,7,0,1,15,0,0,0,0,0,0,331,,60000,30000,,0,1,1,0,0,0,0,0
27013,0,torrid_diamond,Torrid diamond,10,0,1,0,0,0,3253,13,2,99,4,70000,0,0,0,0,-3,0,3,8000,0,4,0,0,1,15,0,0,0,0,0,0,331,,60000,30000,,0,1,1,0,0,0,0,0
28000,0,===FANS===,===FANS====,0,0,1,0,0,0,0,0,2,0,0,1000000,0,0,0,0,0,0,0,0,0,0,0,0,0,0,0,0,0,0,0,0,331,,0,0,,0,0,1,0,0,0,0,0
28001,0,fan,Fan,3,0,1,0,30000,0,1186,0,2,11,0,2000,5,15,5,15,0,1,0,0,0,0,0,0,0,20,0,0,0,0,0,0,331,,1000,500,,0,1,1,0,0,0,0,0
28002,1,fighting_fan,Fighting fan,3,0,1,0,30000,0,1186,0,2,30,0,25000,25,45,25,45,-1,1,0,0,0,0,0,0,0,20,0,0,0,0,0,0,331,,2000,1000,,0,1,1,0,0,0,0,0
28003,1,ferocity_fan,Ferocity fan,3,0,1,0,30000,0,1186,0,2,50,0,25000,40,70,40,60,-2,2,0,0,0,0,0,0,0,20,0,0,0,0,0,0,331,,5000,2500,,0,1,1,0,0,0,0,0
28004,1,fury_fan,Fury fan,3,0,1,0,30000,0,1186,0,2,75,0,35000,60,85,60,85,-3,3,3,0,0,0,0,0,0,20,0,0,0,0,0,0,331,,10000,5000,,0,1,1,0,0,0,0,0
28005,1,fatality_fan,Fatality fan,3,0,1,0,30000,0,1186,0,2,99,0,50000,80,100,80,100,-4,4,4,120,0,0,0,0,0,20,0,0,0,0,0,0,331,,100000,50000,,0,1,1,0,0,0,0,0
28006,2,spider_fan,Spider fan,3,0,1,0,30000,0,1186,0,2,30,0,10000,20,30,20,30,-1,0,1,0,0,0,0,0,0,20,0,0,0,0,0,0,331,,20000,10000,,0,1,1,0,0,0,0,0
28007,2,mongoose_fan,Mongoose fan,3,0,1,0,30000,0,1186,0,2,50,0,12000,25,50,25,50,-1,2,0,0,0,0,0,0,0,20,0,0,0,0,0,0,331,,24000,12000,,0,1,1,0,0,0,0,0
28008,2,serpent_fan,Serpent fan,3,0,1,0,30000,0,1186,0,2,75,0,15000,50,75,50,75,-2,0,3,0,0,0,0,0,0,20,0,0,0,0,0,0,331,,30000,15000,,0,1,1,0,0,0,0,0
28009,2,death_fan,Death fan,3,0,1,0,30000,0,1186,0,2,99,0,20000,55,80,55,80,-3,2,2,50,0,0,0,0,0,20,0,0,0,0,0,0,331,,40000,20000,,0,1,1,0,0,0,0,0
28010,3,evening_fan,Evening fan,3,0,1,0,30000,0,1186,0,2,30,0,2500,10,20,10,20,0,0,0,0,100,0,0,0,0,20,0,0,0,0,0,0,331,,5000,2500,,0,1,1,0,0,0,0,0
28011,3,starry_fan,Starry fan,3,0,1,0,30000,0,1186,0,2,50,0,5000,15,30,15,30,0,0,0,0,150,0,0,0,0,20,0,0,0,0,0,0,331,,10000,5000,,0,1,1,0,0,0,0,0
28012,3,meteor_fan,Meteor fan,3,0,1,0,30000,0,1186,0,2,75,0,7500,20,40,20,40,0,0,0,0,200,0,0,0,0,20,0,0,0,0,0,0,331,,15000,7500,,0,1,1,0,0,0,0,0
28013,3,comet_fan,Comet fan,3,0,1,0,30000,0,1186,0,2,99,0,12000,25,50,25,50,0,0,0,0,500,0,0,0,0,20,0,0,0,0,0,0,331,,24000,12000,,0,1,1,0,0,0,0,0
28014,4,pond_fan,Pond fan,3,0,1,0,30000,0,1186,0,2,30,0,5000,10,20,10,20,-1,0,0,0,0,0,0,0,0,20,0,0,0,0,0,0,331,,10000,5000,,0,1,1,0,0,0,0,0
28015,4,tindered_fan,Tindered fan,3,0,1,0,30000,0,1186,0,2,50,0,7500,15,30,15,30,-1,0,0,0,100,0,0,0,0,20,0,0,0,0,0,0,331,,15000,7500,,0,1,1,0,0,0,0,0
28016,4,hill_fan,Hill fan,3,0,1,0,30000,0,1186,0,2,75,0,10000,20,40,20,40,-2,0,0,0,150,0,0,0,0,20,0,0,0,0,0,0,331,,20000,10000,,0,1,1,0,0,0,0,0
28017,4,breeze_fan,Breeze fan,3,0,1,0,30000,0,1186,0,2,99,0,15000,25,50,25,50,-3,0,0,0,300,0,0,0,0,20,0,0,0,0,0,0,331,,20000,10000,,0,1,1,0,0,0,0,0
28018,0,,,0,0,1,0,0,0,0,0,2,0,0,1000000,0,0,0,0,0,0,0,0,0,0,0,0,0,0,0,0,0,0,0,0,331,,0,0,,0,0,1,0,0,0,0,0
28019,0,,,0,0,1,0,0,0,0,0,2,0,0,1000000,0,0,0,0,0,0,0,0,0,0,0,0,0,0,0,0,0,0,0,0,331,,0,0,,0,0,1,0,0,0,0,0
28020,0,,,0,0,1,0,0,0,0,0,2,0,0,1000000,0,0,0,0,0,0,0,0,0,0,0,0,0,0,0,0,0,0,0,0,331,,0,0,,0,0,1,0,0,0,0,0
29000,0,==QUEST ONLY USELESS ITEMS===,===QUEST ONLY USELESS ITEMS===,0,0,1,0,0,0,0,0,2,0,0,1000000,0,0,0,0,0,0,0,0,0,0,0,0,0,0,0,0,0,0,0,0,331,,0,0,,0,0,1,0,0,0,0,0
29001,0,young_ginseng,Young ginseng,0,0,1,0,0,0,14,0,2,0,0,1000000,0,0,0,0,0,0,0,0,0,0,0,0,0,0,0,0,0,0,0,0,331,,50,25,,0,0,1,0,0,0,0,0
29002,0,traveling_shoes,Traveling shoes,18,0,1,0,0,0,2837,0,2,0,0,1000000,0,0,0,0,0,0,0,0,0,0,0,0,0,0,0,0,0,0,0,0,331,,10,5,,0,0,1,0,0,0,0,0
29003,0,ice_heart,Ice heart,18,0,1,0,0,0,428,0,2,0,0,1000000,0,0,0,0,0,0,0,0,0,0,0,0,0,0,0,0,0,0,0,0,331,,100,50,,0,0,1,0,0,0,0,0
29004,0,sutes_key,Sute\'s key,18,0,1,0,0,0,26,0,2,0,0,1000000,0,0,0,0,0,0,0,0,0,0,0,0,0,0,0,0,0,0,0,0,331,,1,1,,0,0,1,0,0,0,0,0
29005,0,stardrop,Stardrop,18,0,25,25,0,0,428,0,2,0,0,1000000,0,0,0,0,0,0,0,0,0,0,0,0,0,0,0,0,0,0,0,0,331,,100,50,,0,0,1,0,0,0,0,0
29006,0,hamgyong_gem_fragment,Hamgyong gem fragment,18,0,1,0,0,0,2855,7,2,0,0,1000000,0,0,0,0,0,0,0,0,0,0,0,0,0,0,0,0,0,0,0,0,331,,25000,12500,,0,0,1,0,0,0,0,0
29007,0,leviathan_talisman,Leviathan talisman,18,0,1,0,0,0,303,0,2,0,0,1000000,0,0,0,0,0,0,0,0,0,0,0,0,0,0,0,0,1,0,1,0,331,,10,5,,1,0,1,0,0,0,0,0
29008,0,fox_charm,Fox charm,18,0,900,900,0,0,980,0,2,0,0,1000000,0,0,0,0,0,0,0,0,0,0,0,0,0,0,0,0,0,0,0,0,331,,900,450,,0,0,1,0,0,0,0,0
29009,0,magical_net,Magical net,18,0,1,1,0,0,432,0,2,0,0,1000000,0,0,0,0,0,0,0,0,0,0,0,0,0,0,0,0,0,0,0,0,331,,1000000,500000,,0,0,1,0,0,0,0,0
29010,0,sonhi_pass,Sonhi pass,18,0,1,0,0,0,669,0,2,0,0,1000000,0,0,0,0,0,0,0,0,0,0,0,0,0,0,0,0,1,0,1,0,331,,2000,1000,,0,0,1,0,0,0,0,0
29011,0,star_sword,Star sword,3,0,1,0,27,0,639,0,2,0,0,1,0,0,0,0,0,0,0,0,0,0,0,0,0,0,0,0,1,1,1,0,331,,1,1,,0,1,1,0,0,1,0,1
29012,0,legend_of_the_winds_2,Legend of the Winds 2,18,0,1,1,0,0,669,0,2,0,0,1000000,0,0,0,0,0,0,0,0,0,0,0,0,0,0,0,0,1,0,1,0,331,,2000,1000,,0,0,1,0,0,0,0,0
29013,0,captured_wind,Captured wind,18,0,1,1,0,0,716,0,2,0,0,1000000,0,0,0,0,0,0,0,0,0,0,0,0,0,0,0,0,1,0,1,0,331,,1000000,500000,,0,0,1,0,0,0,0,0
29014,0,forever_branch,Forever branch,18,0,1,0,0,0,725,0,2,0,0,1000000,0,0,0,0,0,0,0,0,0,0,0,0,0,0,0,0,0,0,0,0,331,,5,2,,0,0,1,0,0,0,0,0
29015,0,sacred_water,Sacred water,18,0,1,0,0,0,252,0,2,0,0,1000000,0,0,0,0,0,0,0,0,0,0,0,0,0,0,0,0,0,0,1,0,331,,50,25,,0,0,1,0,0,0,0,0
29016,0,ogre_message,Ogre message,18,0,1,0,0,0,666,0,2,0,0,1000000,0,0,0,0,0,0,0,0,0,0,0,0,0,0,0,0,0,0,0,0,331,,10,5,,0,0,1,0,0,0,0,0
29017,0,silvery_acorn,Silvery acorn,18,0,1,0,0,0,214,0,2,0,0,1000000,0,0,0,0,0,0,0,0,0,0,0,0,0,0,0,0,0,0,0,0,331,,40,20,,0,0,1,0,0,0,0,0
29018,0,maso_scroll,Maso scroll,18,0,1,0,0,0,18,0,2,0,0,1000000,0,0,0,0,0,0,0,0,0,0,0,0,0,0,0,0,0,0,0,0,331,,10,5,,0,0,1,0,0,0,0,0
29019,0,silvered_acorn,Silvered acorn,18,0,1,0,0,0,214,0,2,0,0,1000000,0,0,0,0,0,0,0,0,0,0,0,0,0,0,0,0,0,0,0,0,331,,40,20,,0,0,1,0,0,0,0,0
29020,0,stilts,Stilts,18,0,1,0,0,0,65,0,2,0,0,1000000,0,0,0,0,0,0,0,0,0,0,0,0,0,0,0,0,0,0,0,0,331,,10,5,,0,0,1,0,0,0,0,0
29021,0,angels_tear,Angel\'s tear,18,0,1,0,0,0,428,0,2,0,0,1000000,0,0,0,0,0,0,0,0,0,0,0,0,0,0,0,0,0,0,0,0,331,,1000,500,,0,0,1,0,0,0,0,0
29022,0,lunho_cubs,Lun-Ho\'s cubs,18,0,1,0,0,0,3447,0,2,0,0,1000000,0,0,0,0,0,0,0,0,0,0,0,0,0,0,0,0,1,1,1,0,331,,0,0,,0,0,1,0,0,0,0,0
30000,0,===COATS====,====COATS====,0,0,1,0,0,0,0,0,2,0,0,1000000,0,0,0,0,0,0,0,0,0,0,0,0,0,0,0,0,0,0,0,0,331,,0,0,,0,0,1,0,0,0,0,0
30001,0,novice_waistcoat,Novice Waistcoat,4,0,1,0,2,0,89,0,0,0,0,5000,0,0,0,0,-1,0,0,10,0,0,0,0,0,0,0,0,0,0,0,0,0,,20,10,,0,1,1,0,0,0,0,0
30002,2,farmer_waistcoat,Farmer waistcoat,4,0,1,0,2,1,89,1,0,5,0,5000,0,0,0,0,-12,0,0,0,0,0,0,0,0,0,0,0,0,0,0,0,0,,20,10,For level 5 or higher,0,1,1,0,0,0,0,0
30003,2,royal_waistcoat,Royal waistcoat,4,0,1,0,2,7,89,7,0,16,0,7000,0,0,0,0,-15,0,0,0,0,0,0,0,0,0,0,0,0,0,0,0,0,,80,40,For level 16 or higher,0,1,1,0,0,0,0,0
30004,2,sky_waistcoat,Sky waistcoat,4,0,1,0,2,2,89,2,0,26,0,9000,0,0,0,0,-20,0,0,0,0,0,0,0,0,0,0,0,0,0,0,0,0,,320,160,For level 26 or higher,0,1,1,0,0,0,0,0
30005,2,ancient_waistcoat,Ancient waistcoat,4,0,1,0,2,9,89,9,0,36,0,16500,0,0,0,0,-22,0,0,0,0,0,0,0,0,0,0,0,0,0,0,0,0,,1500,750,For level 36 or higher,0,1,1,0,0,0,0,0
30006,2,blood_waistcoat,Blood waistcoat,4,0,1,0,2,4,89,4,0,46,0,25000,0,0,0,0,-25,0,0,0,0,0,0,0,0,0,0,0,0,0,0,0,0,,2600,1300,For level 46 or higher,0,1,1,0,0,0,0,0
30007,2,earth_waistcoat,Earth waistcoat,4,0,1,0,2,6,89,6,0,56,0,41000,0,0,0,0,-28,0,0,0,0,0,0,0,0,0,0,0,0,0,0,0,0,,3500,1750,For level 56 or higher,0,1,1,0,0,0,0,0
30008,2,star_waistcoat,Star waistcoat,4,0,1,0,2,3,89,3,0,66,0,65000,0,0,0,0,-32,0,0,0,0,0,0,0,0,0,0,0,0,0,0,0,0,,9900,4950,For level 66 or higher,0,1,1,0,0,0,0,0
30009,2,moon_waistcoat,Moon waistcoat,4,0,1,0,2,8,89,8,0,76,0,80000,0,0,0,0,-35,0,0,0,0,0,0,0,0,0,0,0,0,0,0,0,0,,17600,8800,For level 76 or higher,0,1,1,0,0,0,0,0
30010,2,sun_waistcoat,Sun waistcoat,4,0,1,0,2,5,89,5,0,86,0,95000,0,0,0,0,-40,0,0,0,0,0,0,0,0,0,0,0,0,0,0,0,0,,27000,13500,For level 86 or higher,0,1,1,0,0,0,0,0
31000,0,===BLOUSES=====,====BLOUSES====,0,0,1,0,0,0,0,0,2,0,0,1000000,0,0,0,0,0,0,0,0,0,0,0,0,0,0,0,0,0,0,0,0,331,,0,0,,0,0,1,0,0,0,0,0
31001,2,summer_blouse,Summer blouse,4,0,1,0,7,1,159,1,1,5,0,5000,0,0,0,0,-12,0,0,0,0,0,0,0,0,0,0,0,0,0,0,0,0,,20,10,For level 5 or higher,0,1,1,0,0,0,0,0
31002,2,autumn_blouse,Autumn blouse,4,0,1,0,7,7,159,7,1,16,0,7000,0,0,0,0,-15,0,0,0,0,0,0,0,0,0,0,0,0,0,0,0,0,,80,40,For level 16 or higher,0,1,1,0,0,0,0,0
31003,2,winter_blouse,Winter blouse,4,0,1,0,7,2,159,2,1,26,0,9000,0,0,0,0,-20,0,0,0,0,0,0,0,0,0,0,0,0,0,0,0,0,,320,160,For level 26 or higher,0,1,1,0,0,0,0,0
31004,2,leather_blouse,Leather blouse,4,0,1,0,7,9,159,9,1,36,0,16500,0,0,0,0,-22,0,0,0,0,0,0,0,0,0,0,0,0,0,0,0,0,,1500,750,For level 36 or higher,0,1,1,0,0,0,0,0
31005,2,ancient_blouse,Ancient blouse,4,0,1,0,7,4,159,4,1,46,0,25000,0,0,0,0,-25,0,0,0,0,0,0,0,0,0,0,0,0,0,0,0,0,,2600,1300,For level 46 or higher,0,1,1,0,0,0,0,0
31006,2,earth_blouse,Earth blouse,4,0,1,0,7,6,159,6,1,56,0,41000,0,0,0,0,-28,0,0,0,0,0,0,0,0,0,0,0,0,0,0,0,0,,3500,1750,For level 56 or higher,0,1,1,0,0,0,0,0
31007,2,star_blouse,Star blouse,4,0,1,0,7,3,159,3,1,66,0,65000,0,0,0,0,-32,0,0,0,0,0,0,0,0,0,0,0,0,0,0,0,0,,6600,3300,For level 66 or higher,0,1,1,0,0,0,0,0
31008,2,moon_blouse,Moon blouse,4,0,1,0,7,8,159,8,1,76,0,80000,0,0,0,0,-35,0,0,0,0,0,0,0,0,0,0,0,0,0,0,0,0,,8800,4400,For level 76 or higher,0,1,1,0,0,0,0,0
31009,2,sun_blouse,Sun blouse,4,0,1,0,7,5,159,5,1,86,0,95000,0,0,0,0,-40,0,0,0,0,0,0,0,0,0,0,0,0,0,0,0,0,,10800,5400,For level 86 or higher,0,1,1,0,0,0,0,0
32000,0,===ROBES====,===ROBES===,0,0,1,0,0,0,0,0,2,0,0,1000000,0,0,0,0,0,0,0,0,0,0,0,0,0,0,0,0,0,0,0,0,331,,0,0,,0,0,1,0,0,0,0,0
32001,4,summer_robes,Summer robes,4,0,1,0,20,1,470,0,0,5,0,5000,0,0,0,0,-7,0,0,0,0,0,0,0,0,0,0,0,0,0,0,0,0,,25,12,For level 5 or higher,0,1,1,0,0,0,0,0
32002,4,autumn_robes,Autumn robes,4,0,1,0,20,7,476,0,0,16,0,7000,0,0,0,0,-9,0,0,0,0,0,0,0,0,0,0,0,0,0,0,0,0,,88,44,For level 16 or higher,0,1,1,0,0,0,0,0
32003,4,winter_robes,Winter robes,4,0,1,0,20,2,471,0,0,26,0,9000,0,0,0,0,-15,0,0,0,0,0,0,0,0,0,0,0,0,0,0,0,0,,300,150,For level 26 or higher,0,1,1,0,0,0,0,0
32004,4,ancient_robes,Ancient robes,4,0,1,0,20,9,478,0,0,36,0,15000,0,0,0,0,-17,0,0,0,0,0,0,0,0,0,0,0,0,0,0,0,0,,1700,850,For level 36 or higher,0,1,1,0,0,0,0,0
32005,4,blood_robes,Blood robes,4,0,1,0,20,4,473,0,0,46,0,29000,0,0,0,0,-19,0,0,0,0,0,0,0,0,0,0,0,0,0,0,0,0,,2700,1350,For level 46 or higher,0,1,1,0,0,0,0,0
32006,4,earth_robes,Earth robes,4,0,1,0,20,6,475,0,0,56,0,45000,0,0,0,0,-20,0,0,0,0,0,0,0,0,0,0,0,0,0,0,0,0,,3700,1850,For level 56 or higher,0,1,1,0,0,0,0,0
32007,4,star_robes,Star robes,4,0,1,0,20,3,472,0,0,66,0,57000,0,0,0,0,-25,0,0,0,0,0,0,0,0,0,0,0,0,0,0,0,0,,10000,5000,For level 66 or higher,0,1,1,0,0,0,0,0
32008,4,moon_robes,Moon robes,4,0,1,0,20,8,477,0,0,76,0,69000,0,0,0,0,-28,0,0,0,0,0,0,0,0,0,0,0,0,0,0,0,0,,18000,9000,For level 76 or higher,0,1,1,0,0,0,0,0
32009,4,sun_robes,Sun robes,4,0,1,0,20,5,474,0,0,86,0,81000,0,0,0,0,-32,0,0,0,0,0,0,0,0,0,0,0,0,0,0,0,0,,27500,13750,For level 86 or higher,0,1,1,0,0,0,0,0
33000,0,===DRESSES===,===DRESSES===,0,0,1,0,0,0,0,0,2,0,0,1000000,0,0,0,0,0,0,0,0,0,0,0,0,0,0,0,0,0,0,0,0,331,,0,0,,0,0,1,0,0,0,0,0
33001,3,summer_dress,Summer dress,4,0,1,0,6,1,149,1,1,5,0,5000,0,0,0,0,-9,0,0,0,0,0,0,0,0,0,0,0,0,0,0,0,0,,20,10,For level 5 or higher,0,1,1,0,0,0,0,0
33002,3,autumn_dress,Autumn dress,4,0,1,0,6,7,149,7,1,16,0,7000,0,0,0,0,-10,0,0,0,0,0,0,0,0,0,0,0,0,0,0,0,0,,70,35,For level 16 or higher,0,1,1,0,0,0,0,0
33003,3,winter_dress,Winter dress,4,0,1,0,6,2,149,2,1,26,0,9000,0,0,0,0,-17,0,0,0,0,0,0,0,0,0,0,0,0,0,0,0,0,,280,140,For level 26 or higher,0,1,1,0,0,0,0,0
33004,3,leather_dress,Leather dress,4,0,1,0,6,9,149,9,1,36,0,11000,0,0,0,0,-19,0,0,0,0,0,0,0,0,0,0,0,0,0,0,0,0,,1300,750,For level 36 or higher,0,1,1,0,0,0,0,0
33005,3,ancient_dress,Ancient dress,4,0,1,0,6,4,149,4,1,46,0,26000,0,0,0,0,-21,0,0,0,0,0,0,0,0,0,0,0,0,0,0,0,0,,2200,1100,For level 46 or higher,0,1,1,0,0,0,0,0
33006,3,earth_dress,Earth dress,4,0,1,0,6,6,149,6,1,56,0,42000,0,0,0,0,-23,0,0,0,0,0,0,0,0,0,0,0,0,0,0,0,0,,3200,1600,For level 56 or higher,0,1,1,0,0,0,0,0
33007,3,star_dress,Star dress,4,0,1,0,6,3,149,3,1,66,0,67000,0,0,0,0,-28,0,0,0,0,0,0,0,0,0,0,0,0,0,0,0,0,,9000,4500,For level 66 or higher,0,1,1,0,0,0,0,0
33008,3,moon_dress,Moon dress,4,0,1,0,6,8,149,8,1,76,0,82000,0,0,0,0,-31,0,0,0,0,0,0,0,0,0,0,0,0,0,0,0,0,,16800,8400,For level 76 or higher,0,1,1,0,0,0,0,0
33009,3,sun_dress,Sun dress,4,0,1,0,6,5,149,5,1,86,0,96000,0,0,0,0,-35,0,0,0,0,0,0,0,0,0,0,0,0,0,0,0,0,,25000,12500,For level 86 or higher,0,1,1,0,0,0,0,0
34000,0,===GARBS====,====GARBS====,0,0,1,0,0,0,0,0,2,0,0,1000000,0,0,0,0,0,0,0,0,0,0,0,0,0,0,0,0,0,0,0,0,331,,0,0,,0,0,1,0,0,0,0,0
34001,3,summer_garb,Summer garb,4,0,1,0,3,1,99,1,0,5,0,5000,0,0,0,0,-9,0,0,0,0,0,0,0,0,0,0,0,0,0,0,0,0,,20,10,For level 5 or higher,0,1,1,0,0,0,0,0
34002,3,royal_garb,Royal garb,4,0,1,0,3,7,99,7,0,16,0,7000,0,0,0,0,-10,0,0,0,0,0,0,0,0,0,0,0,0,0,0,0,0,,70,35,For level 16 or higher,0,1,1,0,0,0,0,0
34003,3,sky_garb,Sky garb,4,0,1,0,3,2,99,2,0,26,0,9000,0,0,0,0,-17,0,0,0,0,0,0,0,0,0,0,0,0,0,0,0,0,,280,140,For level 26 or higher,0,1,1,0,0,0,0,0
34004,3,leather_garb,Leather garb,4,0,1,0,3,9,99,9,0,36,0,16000,0,0,0,0,-20,0,0,0,0,0,0,0,0,0,0,0,0,0,0,0,0,,1300,650,For level 36 or higher,0,1,1,0,0,0,0,0
34005,3,blood_garb,Blood garb,4,0,1,0,3,4,99,4,0,46,0,26000,0,0,0,0,-21,0,0,0,0,0,0,0,0,0,0,0,0,0,0,0,0,,2200,1100,For level 46 or higher,0,1,1,0,0,0,0,0
34006,3,earth_garb,Earth garb,4,0,1,0,3,6,99,6,0,56,0,42000,0,0,0,0,-23,0,0,0,0,0,0,0,0,0,0,0,0,0,0,0,0,,3500,1750,For level 56 or higher,0,1,1,0,0,0,0,0
34007,3,star_garb,Star garb,4,0,1,0,3,3,99,3,0,66,0,67000,0,0,0,0,-28,0,0,0,0,0,0,0,0,0,0,0,0,0,0,0,0,,9000,4500,For level 66 or higher,0,1,1,0,0,0,0,0
34008,3,moon_garb,Moon garb,4,0,1,0,3,8,99,8,0,76,0,82000,0,0,0,0,-31,0,0,0,0,0,0,0,0,0,0,0,0,0,0,0,0,,16800,8400,For level 76 or higher,0,1,1,0,0,0,0,0
34009,3,sun_garb,Sun garb,4,0,1,0,3,5,99,5,0,86,0,96000,0,0,0,0,-35,0,0,0,0,0,0,0,0,0,0,0,0,0,0,0,0,,25000,12500,For level 86 or higher,0,1,1,0,0,0,0,0
34500,0,===PLATEMAIL===,===PLATEMAIL===,0,0,1,0,0,0,0,0,2,0,0,1000000,0,0,0,0,0,0,0,0,0,0,0,0,0,0,0,0,0,0,0,0,331,,0,0,,0,0,1,0,0,0,0,0
34501,1,jade_war_platemail,Jade war platemail,4,0,1,0,12,1,140,0,0,6,0,60000,0,0,0,0,-18,0,0,0,0,0,0,0,0,0,0,0,0,0,0,0,0,,30,15,For level 5 or higher,0,1,1,0,0,0,0,0
34502,1,royal_war_platemail,Royal war platemail,4,0,1,0,12,7,146,0,0,16,0,70000,0,0,0,0,-21,0,0,0,0,0,0,0,0,0,0,0,0,0,0,0,0,,160,80,For level 16 or higher,0,1,1,0,0,0,0,0
34503,1,sky_war_platemail,Sky war platemail,4,0,1,0,12,2,141,0,0,26,0,110000,0,0,0,0,-26,0,0,0,0,0,0,0,0,0,0,0,0,0,0,0,0,,500,250,For level 26 or higher,0,1,1,0,0,0,0,0
34504,1,ancient_war_platemail,Ancient war platemail,4,0,1,0,12,9,148,0,0,36,0,220000,0,0,0,0,-28,0,0,0,0,0,0,0,0,0,0,0,0,0,0,0,0,,2000,1000,For level 36 or higher,0,1,1,0,0,0,0,0
34505,1,blood_war_platemail,Blood war platemail,4,0,1,0,12,4,143,0,0,46,0,340000,0,0,0,0,-31,0,0,0,0,0,0,0,0,0,0,0,0,0,0,0,0,,3000,1500,For level 46 or higher,0,1,1,0,0,0,0,0
34506,1,earth_war_platemail,Earth war platemail,4,0,1,0,12,6,145,0,0,56,0,560000,0,0,0,0,-34,0,0,0,0,0,0,0,0,0,0,0,0,0,0,0,0,,4000,2000,For level 56 or higher,0,1,1,0,0,0,0,0
34507,1,star_war_platemail,Star war platemail,4,0,1,0,12,3,142,0,0,66,0,830000,0,0,0,0,-38,0,0,0,0,0,0,0,0,0,0,0,0,0,0,0,0,,10800,5400,For level 66 or higher,0,1,1,0,0,0,0,0
34508,1,moon_war_platemail,Moon war platemail,4,0,1,0,12,8,147,0,0,76,0,1010000,0,0,0,0,-41,0,0,0,0,0,0,0,0,0,0,0,0,0,0,0,0,,19200,9600,For level 76 or higher,0,1,1,0,0,0,0,0
34509,1,sun_war_platemail,Sun war platemail,4,0,1,0,12,5,144,0,0,86,0,1310000,0,0,0,0,-46,0,0,0,0,0,0,0,0,0,0,0,0,0,0,0,0,,29000,14500,For level 86 or higher,0,1,1,0,0,0,0,0
34515,0,,,0,0,1,0,0,0,0,0,2,0,0,1000000,0,0,0,0,0,0,0,0,0,0,0,0,0,0,0,0,0,0,0,0,331,,0,0,,0,0,1,0,0,0,0,0
34516,0,,,0,0,1,0,0,0,0,0,2,0,0,1000000,0,0,0,0,0,0,0,0,0,0,0,0,0,0,0,0,0,0,0,0,331,,0,0,,0,0,1,0,0,0,0,0
35000,0,===SCALE MAIL====,====SCALE MAIL=====,0,0,1,0,0,0,0,0,2,0,0,1000000,0,0,0,0,0,0,0,0,0,0,0,0,0,0,0,0,0,0,0,0,331,,0,0,,0,0,1,0,0,0,0,0
35001,1,jade_scale_mail,Jade scale mail,4,0,1,0,210,1,120,0,0,5,0,50000,0,0,0,0,-16,0,0,0,0,0,0,0,0,0,0,0,0,0,0,0,0,,20,10,For level 5 or higher,0,1,1,0,0,0,0,0
35002,1,royal_scale_mail,Royal scale mail,4,0,1,0,210,7,120,6,0,16,0,70000,0,0,0,0,-19,0,0,0,0,0,0,0,0,0,0,0,0,0,0,0,0,,80,40,For level 16 or higher,0,1,1,0,0,0,0,0
35003,1,sky_scale_mail,Sky scale mail,4,0,1,0,210,2,120,1,0,26,0,100000,0,0,0,0,-24,0,0,0,0,0,0,0,0,0,0,0,0,0,0,0,0,,320,160,For level 26 or higher,0,1,1,0,0,0,0,0
35004,1,ancient_scale_mail,Ancient scale mail,4,0,1,0,210,9,120,8,0,36,0,210000,0,0,0,0,-26,0,0,0,0,0,0,0,0,0,0,0,0,0,0,0,0,,1500,750,For level 36 or higher,0,1,1,0,0,0,0,0
35005,1,blood_scale_mail,Blood scale mail,4,0,1,0,210,4,120,3,0,46,0,330000,0,0,0,0,-29,0,0,0,0,0,0,0,0,0,0,0,0,0,0,0,0,,2600,1300,For level 46 or higher,0,1,1,0,0,0,0,0
35006,1,earth_scale_mail,Earth scale mail,4,0,1,0,210,6,120,5,0,56,0,550000,0,0,0,0,-32,0,0,0,0,0,0,0,0,0,0,0,0,0,0,0,0,,3500,1750,For level 56 or higher,0,1,1,0,0,0,0,0
35007,1,star_scale_mail,Star scale mail,4,0,1,0,210,3,120,2,0,66,0,820000,0,0,0,0,-36,0,0,0,0,0,0,0,0,0,0,0,0,0,0,0,0,,9900,4950,For level 66 or higher,0,1,1,0,0,0,0,0
35008,1,moon_scale_mail,Moon scale mail,4,0,1,0,210,8,120,7,0,76,0,1000000,0,0,0,0,-39,0,0,0,0,0,0,0,0,0,0,0,0,0,0,0,0,,17600,8800,For level 76 or higher,0,1,1,0,0,0,0,0
35009,1,sun_scale_mail,Sun scale mail,4,0,1,0,210,5,120,4,0,86,0,1300000,0,0,0,0,-44,0,0,0,0,0,0,0,0,0,0,0,0,0,0,0,0,,27000,13500,For level 86 or higher,0,1,1,0,0,0,0,0
35500,0,====PLATE DRESS====,===PLATE DRESS===,0,0,1,0,0,0,0,0,2,0,0,1000000,0,0,0,0,0,0,0,0,0,0,0,0,0,0,0,0,0,0,0,0,331,,0,0,,0,0,1,0,0,0,0,0
35501,1,summer_war_dress,Summer war dress,4,0,1,0,13,1,200,0,1,6,0,60000,0,0,0,0,-18,0,0,0,0,0,0,0,0,0,0,0,0,0,0,0,0,,30,15,For level 5 or higher,0,1,1,0,0,0,0,0
35502,1,autumn_war_dress,Autumn war dress,4,0,1,0,13,7,206,0,1,16,0,70000,0,0,0,0,-21,0,0,0,0,0,0,0,0,0,0,0,0,0,0,0,0,,160,80,For level 16 or higher,0,1,1,0,0,0,0,0
35503,1,winter_war_dress,Winter war dress,4,0,1,0,13,2,201,0,1,26,0,110000,0,0,0,0,-26,0,0,0,0,0,0,0,0,0,0,0,0,0,0,0,0,,500,250,For level 26 or higher,0,1,1,0,0,0,0,0
35504,1,ancient_war_dress,Ancient war dress,4,0,1,0,13,9,208,0,1,36,0,220000,0,0,0,0,-28,0,0,0,0,0,0,0,0,0,0,0,0,0,0,0,0,,2000,1000,For level 36 or higher,0,1,1,0,0,0,0,0
35505,1,blood_war_dress,Blood war dress,4,0,1,0,13,4,203,0,1,46,0,340000,0,0,0,0,-31,0,0,0,0,0,0,0,0,0,0,0,0,0,0,0,0,,3000,1500,For level 46 or higher,0,1,1,0,0,0,0,0
35506,1,earth_war_dress,Earth war dress,4,0,1,0,13,6,205,0,1,56,0,560000,0,0,0,0,-34,0,0,0,0,0,0,0,0,0,0,0,0,0,0,0,0,,4000,2000,For level 56 or higher,0,1,1,0,0,0,0,0
35507,1,star_war_dress,Star war dress,4,0,1,0,13,3,202,0,1,66,0,830000,0,0,0,0,-38,0,0,0,0,0,0,0,0,0,0,0,0,0,0,0,0,,10800,5400,For level 66 or higher,0,1,1,0,0,0,0,0
35508,1,moon_war_dress,Moon war dress,4,0,1,0,13,8,207,0,1,76,0,1010000,0,0,0,0,-41,0,0,0,0,0,0,0,0,0,0,0,0,0,0,0,0,,19200,9600,For level 76 or higher,0,1,1,0,0,0,0,0
35509,1,sun_war_dress,Sun war dreses,4,0,1,0,13,9,208,0,1,86,0,1310000,0,0,0,0,-46,0,0,0,0,0,0,0,0,0,0,0,0,0,0,0,0,,29000,14500,For level 86 or higher,0,1,1,0,0,0,0,0
36000,0,===MAIL DRESS====,====MAIL DRESS====,0,0,1,0,0,0,0,0,2,0,0,1000000,0,0,0,0,0,0,0,0,0,0,0,0,0,0,0,0,0,0,0,0,331,,0,0,,0,0,1,0,0,0,0,0
36001,1,summer_mail_dress,Summer mail dress,4,0,1,0,211,1,180,0,1,5,0,50000,0,0,0,0,-16,0,0,0,0,0,0,0,0,0,0,0,0,0,0,0,0,,20,10,For level 5 or higher,0,1,1,0,0,0,0,0
36002,1,autumn_mail_dress,Autumn mail dress,4,0,1,0,211,7,180,6,1,16,0,70000,0,0,0,0,-19,0,0,0,0,0,0,0,0,0,0,0,0,0,0,0,0,,80,40,For level 16 or higher,0,1,1,0,0,0,0,0
36003,1,winter_mail_dress,Winter mail dress,4,0,1,0,211,2,180,1,1,26,0,100000,0,0,0,0,-24,0,0,0,0,0,0,0,0,0,0,0,0,0,0,0,0,,320,160,For level 26 or higher,0,1,1,0,0,0,0,0
36004,1,ancient_mail_dress,Ancient mail dress,4,0,1,0,211,9,180,8,1,36,0,210000,0,0,0,0,-26,0,0,0,0,0,0,0,0,0,0,0,0,0,0,0,0,,1500,750,For level 36 or higher,0,1,1,0,0,0,0,0
36005,1,blood_mail_dress,Blood mail dress,4,0,1,0,211,4,180,3,1,46,0,330000,0,0,0,0,-29,0,0,0,0,0,0,0,0,0,0,0,0,0,0,0,0,,2600,1300,For level 46 or higher,0,1,1,0,0,0,0,0
36006,1,earth_mail_dress,Earth mail dress,4,0,1,0,211,6,180,5,1,56,0,550000,0,0,0,0,-32,0,0,0,0,0,0,0,0,0,0,0,0,0,0,0,0,,3500,1750,For level 56 or higher,0,1,1,0,0,0,0,0
36007,1,star_mail_dress,Star mail dress,4,0,1,0,211,3,180,2,1,66,0,820000,0,0,0,0,-36,0,0,0,0,0,0,0,0,0,0,0,0,0,0,0,0,,9900,4950,For level 66 or higher,0,1,1,0,0,0,0,0
36008,1,moon_mail_dress,Moon mail dress,4,0,1,0,211,8,180,7,1,76,0,1000000,0,0,0,0,-39,0,0,0,0,0,0,0,0,0,0,0,0,0,0,0,0,,17600,8800,For level 76 or higher,0,1,1,0,0,0,0,0
36009,1,sun_mail_dress,Sun mail dress,4,0,1,0,211,5,180,4,1,86,0,1300000,0,0,0,0,-44,0,0,0,0,0,0,0,0,0,0,0,0,0,0,0,0,,27000,13500,For level 86 or higher,0,1,1,0,0,0,0,0
37000,0,===GOWNS===,===GOWNS===,0,0,1,0,0,0,0,0,2,0,0,1000000,0,0,0,0,0,0,0,0,0,0,0,0,0,0,0,0,0,0,0,0,331,,0,0,,0,0,1,0,0,0,0,0
37001,4,summer_gown,Summer gown,4,0,1,0,18,1,450,1,1,5,0,5000,0,0,0,0,-7,0,0,0,0,0,0,0,0,0,0,0,0,0,0,0,0,,25,12,For level 5 or higher,0,1,1,0,0,0,0,0
37002,4,autumn_gown,Autumn gown,4,0,1,0,18,7,450,7,1,16,0,7000,0,0,0,0,-9,0,0,0,0,0,0,0,0,0,0,0,0,0,0,0,0,,88,44,For level 16 or higher,0,1,1,0,0,0,0,0
37003,4,winter_gown,Winter gown,4,0,1,0,18,2,450,2,1,26,0,9000,0,0,0,0,-15,0,0,0,0,0,0,0,0,0,0,0,0,0,0,0,0,,300,150,For level 26 or higher,0,1,1,0,0,0,0,0
37004,4,leather_gown,Leather gown,4,0,1,0,18,9,450,9,1,36,0,15000,0,0,0,0,-17,0,0,0,0,0,0,0,0,0,0,0,0,0,0,0,0,,1700,850,For level 36 or higher,0,1,1,0,0,0,0,0
37005,4,ancient_gown,Ancient gown,4,0,1,0,18,4,450,4,1,46,0,29000,0,0,0,0,-19,0,0,0,0,0,0,0,0,0,0,0,0,0,0,0,0,,2700,1350,For level 46 or higher,0,1,1,0,0,0,0,0
37006,4,earth_gown,Earth gown,4,0,1,0,18,6,450,6,1,56,0,45000,0,0,0,0,-20,0,0,0,0,0,0,0,0,0,0,0,0,0,0,0,0,,3700,1850,For level 56 or higher,0,1,1,0,0,0,0,0
37007,4,star_gown,Star gown,4,0,1,0,18,3,450,3,1,66,0,57000,0,0,0,0,-25,0,0,0,0,0,0,0,0,0,0,0,0,0,0,0,0,,10000,5000,For level 66 or higher,0,1,1,0,0,0,0,0
37008,4,moon_gown,Moon gown,4,0,1,0,18,8,450,8,1,76,0,69000,0,0,0,0,-28,0,0,0,0,0,0,0,0,0,0,0,0,0,0,0,0,,18000,9000,For level 76 or higher,0,1,1,0,0,0,0,0
37009,4,sun_gown,Sun gown,4,0,1,0,18,5,450,5,1,86,0,81000,0,0,0,0,-32,0,0,0,0,0,0,0,0,0,0,0,0,0,0,0,0,,27500,13750,For level 86 or higher,0,1,1,0,0,0,0,0
38000,0,===ROGUEARMOR====,===ROGUEARMOR===,0,0,1,0,0,0,0,0,2,0,0,1000000,0,0,0,0,0,0,0,0,0,0,0,0,0,0,0,0,0,0,0,0,331,,0,0,,0,0,1,0,0,0,0,0
38001,2,farmer_armor,Farmer armor,4,0,1,0,4,1,110,0,0,5,0,5000,0,0,0,0,-14,0,0,0,0,0,0,0,0,0,0,0,0,0,0,0,0,,30,15,For level 5 or higher,0,1,1,0,0,0,0,0
38002,2,royal_armor,Royal armor,4,0,1,0,4,7,116,0,0,16,0,7000,0,0,0,0,-17,0,0,0,0,0,0,0,0,0,0,0,0,0,0,0,0,,160,80,For level 16 or higher,0,1,1,0,0,0,0,0
38003,2,sky_armor,Sky armor,4,0,1,0,4,2,111,0,0,26,0,9000,0,0,0,0,-22,0,0,0,0,0,0,0,0,0,0,0,0,0,0,0,0,,500,250,For level 26 or higher,0,1,1,0,0,0,0,0
38004,2,ancient_armor,Ancient armor,4,0,1,0,4,9,118,0,0,36,0,16500,0,0,0,0,-24,0,0,0,0,0,0,0,0,0,0,0,0,0,0,0,0,,2000,1000,For level 36 or higher,0,1,1,0,0,0,0,0
38005,2,blood_armor,Blood armor,4,0,1,0,4,4,113,0,0,46,0,25000,0,0,0,0,-27,0,0,0,0,0,0,0,0,0,0,0,0,0,0,0,0,,3000,1500,For level 46 or higher,0,1,1,0,0,0,0,0
38006,2,earth_armor,Earth armor,4,0,1,0,4,6,115,0,0,56,0,41000,0,0,0,0,-30,0,0,0,0,0,0,0,0,0,0,0,0,0,0,0,0,,4000,2000,For level 56 or higher,0,1,1,0,0,0,0,0
38007,2,star_armor,Star armor,4,0,1,0,4,3,112,0,0,66,0,65000,0,0,0,0,-35,0,0,0,0,0,0,0,0,0,0,0,0,0,0,0,0,,10800,5400,For level 66 or higher,0,1,1,0,0,0,0,0
38008,2,moon_armor,Moon armor,4,0,1,0,4,8,117,0,0,76,0,80000,0,0,0,0,-38,0,0,0,0,0,0,0,0,0,0,0,0,0,0,0,0,,19200,9600,For level 76 or higher,0,1,1,0,0,0,0,0
38009,2,sun_armor,Sun armor,4,0,1,0,4,5,114,0,0,86,0,95000,0,0,0,0,-42,0,0,0,0,0,0,0,0,0,0,0,0,0,0,0,0,,29000,14500,For level 86 or higher,0,1,1,0,0,0,0,0
38010,2,summer_armor_dress,Summer armor dress,4,0,1,0,8,1,170,0,1,5,0,5000,0,0,0,0,-14,0,0,0,0,0,0,0,0,0,0,0,0,0,0,0,0,,30,15,For level 5 or higher,0,1,1,0,0,0,0,0
38011,2,autumn_armor_dress,Autumn armor dress,4,0,1,0,8,7,176,0,1,16,0,7000,0,0,0,0,-17,0,0,0,0,0,0,0,0,0,0,0,0,0,0,0,0,,160,80,For level 16 or higher,0,1,1,0,0,0,0,0
38012,2,winter_armor_dress,Winter armor dress,4,0,1,0,8,2,171,0,1,26,0,9000,0,0,0,0,-22,0,0,0,0,0,0,0,0,0,0,0,0,0,0,0,0,,500,250,For level 26 or higher,0,1,1,0,0,0,0,0
38013,2,ancient_armor_dress,Ancient armor dress,4,0,1,0,8,9,178,0,1,36,0,16500,0,0,0,0,-24,0,0,0,0,0,0,0,0,0,0,0,0,0,0,0,0,,2000,1000,For level 36 or higher,0,1,1,0,0,0,0,0
38014,2,blood_armor_dress,Blood armor dress,4,0,1,0,8,4,173,0,1,46,0,25000,0,0,0,0,-27,0,0,0,0,0,0,0,0,0,0,0,0,0,0,0,0,,3000,1500,For level 46 or higher,0,1,1,0,0,0,0,0
38015,2,earth_armor_dress,Earth armor dress,4,0,1,0,8,6,175,0,1,56,0,41000,0,0,0,0,-30,0,0,0,0,0,0,0,0,0,0,0,0,0,0,0,0,,4000,2000,For level 56 or higher,0,1,1,0,0,0,0,0
38016,0,star_armor_dress,Star armor dress,4,0,1,0,8,3,172,2,1,66,0,65000,0,0,0,0,-35,0,0,0,0,0,0,0,0,0,0,0,0,0,0,0,0,,10800,5400,For level 66 or higher,0,1,1,0,0,0,0,0
38017,0,moon_armor_dress,Moon armor dress,4,0,1,0,8,8,177,7,1,76,0,80000,0,0,0,0,-38,0,0,0,0,0,0,0,0,0,0,0,0,0,0,0,0,,19200,9600,For level 76 or higher,0,1,1,0,0,0,0,0
38018,0,sun_armor_dress,Sun armor dress,4,0,1,0,8,5,174,4,1,86,0,95000,0,0,0,0,-42,0,0,0,0,0,0,0,0,0,0,0,0,0,0,0,0,,29000,14500,For level 86 or higher,0,1,1,0,0,0,0,0
38019,0,,,0,0,1,0,0,0,0,0,2,0,0,1000000,0,0,0,0,0,0,0,0,0,0,0,0,0,0,0,0,0,0,0,0,331,,0,0,,0,0,1,0,0,0,0,0
38020,0,,,0,0,1,0,0,0,0,0,2,0,0,1000000,0,0,0,0,0,0,0,0,0,0,0,0,0,0,0,0,0,0,0,0,331,,0,0,,0,0,1,0,0,0,0,0
38500,0,===MAGECLOTHES===,===MAGECLOTHES===,0,0,1,0,0,0,0,0,2,0,0,1000000,0,0,0,0,0,0,0,0,0,0,0,0,0,0,0,0,0,0,0,0,331,,0,0,,0,0,1,0,0,0,0,0
38501,3,farmer_clothes,Farmer clothes,4,0,1,0,10,1,130,0,0,6,0,5000,0,0,0,0,-11,0,0,0,0,0,0,0,0,0,0,0,0,0,0,0,0,,30,15,For level 6 or higher,0,1,1,0,0,0,0,0
38502,3,royal_clothes,Royal clothes,4,0,1,0,10,7,136,0,0,16,0,7000,0,0,0,0,-12,0,0,0,0,0,0,0,0,0,0,0,0,0,0,0,0,,150,75,For level 16 or higher,0,1,1,0,0,0,0,0
38503,3,sky_clothes,Sky clothes,4,0,1,0,10,2,131,0,0,26,0,9000,0,0,0,0,-19,0,0,0,0,0,0,0,0,0,0,0,0,0,0,0,0,,420,110,For level 26 or higher,0,1,1,0,0,0,0,0
38504,3,ancient_clothes,Ancient clothes,4,0,1,0,10,9,138,0,0,36,0,19000,0,0,0,0,-21,0,0,0,0,0,0,0,0,0,0,0,0,0,0,0,0,,1800,900,For level 36 or higher,0,1,1,0,0,0,0,0
38505,3,family_clothes,Family clothes,4,0,1,0,10,4,133,0,0,46,0,29000,0,0,0,0,-23,0,0,0,0,0,0,0,0,0,0,0,0,0,0,0,0,,2800,1400,For level 46 or higher,0,1,1,0,0,0,0,0
38506,3,earth_clothes,Earth clothes,4,0,1,0,10,6,135,0,0,56,0,45000,0,0,0,0,-25,0,0,0,0,0,0,0,0,0,0,0,0,0,0,0,0,,4000,2000,For level 56 or higher,0,1,1,0,0,0,0,0
38507,3,star_clothes,Star clothes,4,0,1,0,10,3,132,0,0,66,0,70000,0,0,0,0,-30,0,0,0,0,0,0,0,0,0,0,0,0,0,0,0,0,,10400,5200,For level 66 or higher,0,1,1,0,0,0,0,0
38508,3,moon_clothes,Moon clothes,4,0,1,0,10,8,137,0,0,76,0,85000,0,0,0,0,-33,0,0,0,0,0,0,0,0,0,0,0,0,0,0,0,0,,18400,9200,For level 76 or higher,0,1,1,0,0,0,0,0
38509,3,sun_clothes,Sun clothes,4,0,1,0,10,5,134,0,0,86,0,100000,0,0,0,0,-37,0,0,0,0,0,0,0,0,0,0,0,0,0,0,0,0,,26500,13250,For level 86 or higher,0,1,1,0,0,0,0,0
39000,0,===MAGESKIRTS===,===MAGESKIRTS===,0,0,1,0,0,0,0,0,2,0,0,1000000,0,0,0,0,0,0,0,0,0,0,0,0,0,0,0,0,0,0,0,0,331,,0,0,,0,0,1,0,0,0,0,0
39001,3,summer_skirt,Summer skirt,4,0,1,0,11,1,190,0,1,6,0,5000,0,0,0,0,-11,0,0,0,0,0,0,0,0,0,0,0,0,0,0,0,0,,30,15,For level 6 or higher,0,1,1,0,0,0,0,0
39002,3,autumn_skirt,Autumn skirt,4,0,1,0,11,7,196,0,1,16,0,7000,0,0,0,0,-12,0,0,0,0,0,0,0,0,0,0,0,0,0,0,0,0,,150,75,For level 16 or higher,0,1,1,0,0,0,0,0
39003,3,winter_skirt,Winter skirt,4,0,1,0,11,2,191,0,1,26,0,9000,0,0,0,0,-19,0,0,0,0,0,0,0,0,0,0,0,0,0,0,0,0,,420,210,For level 26 or higher,0,1,1,0,0,0,0,0
39004,3,leather_skirt,Leather skirt,4,0,1,0,11,9,198,0,1,36,0,19000,0,0,0,0,-21,0,0,0,0,0,0,0,0,0,0,0,0,0,0,0,0,,1800,900,For level 36 or higher,0,1,1,0,0,0,0,0
39005,3,heart_skirt,Heart skirt,4,0,1,0,11,4,193,0,1,46,0,29000,0,0,0,0,-23,0,0,0,0,0,0,0,0,0,0,0,0,0,0,0,0,,2800,1400,For level 46 or higher,0,1,1,0,0,0,0,0
39006,3,earth_skirt,Earth skirt,4,0,1,0,11,6,195,0,1,56,0,45000,0,0,0,0,-25,0,0,0,0,0,0,0,0,0,0,0,0,0,0,0,0,,3900,1950,For level 56 or higher,0,1,1,0,0,0,0,0
39007,3,star_skirt,Star skirt,4,0,1,0,11,3,192,0,1,66,0,70000,0,0,0,0,-30,0,0,0,0,0,0,0,0,0,0,0,0,0,0,0,0,,10400,5200,For level 66 or higher,0,1,1,0,0,0,0,0
39008,3,moon_skirt,Moon skirt,4,0,1,0,11,8,197,0,1,76,0,85000,0,0,0,0,-33,0,0,0,0,0,0,0,0,0,0,0,0,0,0,0,0,,18400,9200,For level 76 or higher,0,1,1,0,0,0,0,0
39009,3,sun_skirt,Sun skirt,4,0,1,0,11,5,194,0,1,86,0,100000,0,0,0,0,-37,0,0,0,0,0,0,0,0,0,0,0,0,0,0,0,0,,26500,13250,For level 86 or higher,0,1,1,0,0,0,0,0
40000,0,===POETMANTLES===,===POETMANTLES===,0,0,1,0,0,0,0,0,2,0,0,1000000,0,0,0,0,0,0,0,0,0,0,0,0,0,0,0,0,0,0,0,0,331,,0,0,,0,0,1,0,0,0,0,0
40001,4,summer_mantle,Summer mantle,4,0,1,0,21,1,492,0,0,6,0,5500,0,0,0,0,-9,0,0,0,25,0,0,0,0,0,0,0,0,0,0,0,0,,200,100,For level 6 or higher,0,1,1,0,0,0,0,0
40002,4,autumn_mantle,Autumn mantle,4,0,1,0,21,7,498,0,0,16,0,8000,0,0,0,0,-12,0,0,0,25,0,0,0,0,0,0,0,0,0,0,0,0,,400,200,For level 16 or higher,0,1,1,0,0,0,0,0
40003,4,winter_mantle,Winter mantle,4,0,1,0,21,2,493,0,0,26,0,10000,0,0,0,0,-15,0,0,0,50,0,0,0,0,0,0,0,0,0,0,0,0,,800,400,For level 26 or higher,0,1,1,0,0,0,0,0
40004,4,ancient_mantle,Ancient mantle,4,0,1,0,21,9,500,0,0,36,0,20000,0,0,0,0,-18,0,0,0,50,0,0,0,0,0,0,0,0,0,0,0,0,,2000,1000,For level 36 or higher,0,1,1,0,0,0,0,0
40005,4,blood_mantle,Blood mantle,4,0,1,0,21,4,495,0,0,46,0,30000,0,0,0,0,-21,0,0,0,75,0,0,0,0,0,0,0,0,0,0,0,0,,4000,2000,For level 46 or higher,0,1,1,0,0,0,0,0
40006,4,earth_mantle,Earth mantle,4,0,1,0,21,6,497,0,0,56,0,45000,0,0,0,0,-23,0,0,0,75,0,0,0,0,0,0,0,0,0,0,0,0,,6000,3000,For level 56 or higher,0,1,1,0,0,0,0,0
40007,4,star_mantle,Star mantle,4,0,1,0,21,3,494,0,0,66,0,60000,0,0,0,0,-27,0,0,0,100,0,0,0,0,0,0,0,0,0,0,0,0,,16000,8000,For level 66 or higher,0,1,1,0,0,0,0,0
40008,4,moon_mantle,Moon mantle,4,0,1,0,21,8,499,0,0,76,0,75000,0,0,0,0,-30,0,0,0,100,0,0,0,0,0,0,0,0,0,0,0,0,,28000,14000,For level 76 or higher,0,1,1,0,0,0,0,0
40009,4,sun_mantle,Sun mantle,4,0,1,0,21,5,496,0,0,86,0,90000,0,0,0,0,-33,0,0,0,150,0,0,0,0,0,0,0,0,0,0,0,0,,40000,20000,For level 86 or higher,0,1,1,0,0,0,0,0
40500,0,===POETDRAPERY===,===POETDRAPERY===,0,0,1,0,0,0,0,0,2,0,0,1000000,0,0,0,0,0,0,0,0,0,0,0,0,0,0,0,0,0,0,0,0,331,,0,0,,0,0,1,0,0,0,0,0
40501,4,summer_drapery,Summer drapery,4,0,1,0,27,1,582,0,1,6,0,5500,0,0,0,0,-9,0,0,0,25,0,0,0,0,0,0,0,0,0,0,0,0,,200,100,For level 6 or higher,0,1,1,0,0,0,0,0
40502,4,autumn_drapery,Autumn drapery,4,0,1,0,27,7,588,0,1,16,0,8000,0,0,0,0,-12,0,0,0,25,0,0,0,0,0,0,0,0,0,0,0,0,,400,200,For level 16 or higher,0,1,1,0,0,0,0,0
40503,4,winter_drapery,Winter drapery,4,0,1,0,27,2,583,0,1,26,0,10000,0,0,0,0,-15,0,0,0,50,0,0,0,0,0,0,0,0,0,0,0,0,,800,400,For level 26 or higher,0,1,1,0,0,0,0,0
40504,4,leather_drapery,Leather drapery,4,0,1,0,27,9,590,0,1,36,0,20000,0,0,0,0,-18,0,0,0,50,0,0,0,0,0,0,0,0,0,0,0,0,,2000,1000,For level 36 or higher,0,1,1,0,0,0,0,0
40505,4,ancient_drapery,Ancient drapery,4,0,1,0,27,4,585,0,1,46,0,30000,0,0,0,0,-21,0,0,0,75,0,0,0,0,0,0,0,0,0,0,0,0,,4000,2000,For level 46 or higher,0,1,1,0,0,0,0,0
40506,4,earth_drapery,Earth drapery,4,0,1,0,27,6,587,0,1,56,0,45000,0,0,0,0,-23,0,0,0,75,0,0,0,0,0,0,0,0,0,0,0,0,,6000,3000,For level 56 or higher,0,1,1,0,0,0,0,0
40507,4,star_drapery,Star drapery,4,0,1,0,27,3,584,0,1,66,0,60000,0,0,0,0,-27,0,0,0,100,0,0,0,0,0,0,0,0,0,0,0,0,,16000,8000,For level 66 or higher,0,1,1,0,0,0,0,0
40508,4,moon_drapery,Moon drapery,4,0,1,0,27,8,589,0,1,76,0,75000,0,0,0,0,-30,0,0,0,100,0,0,0,0,0,0,0,0,0,0,0,0,,28000,14000,For level 76 or higher,0,1,1,0,0,0,0,0
40509,4,sun_drapery,Sun drapery,4,0,1,0,27,5,586,0,1,86,0,90000,0,0,0,0,-33,0,0,0,150,0,0,0,0,0,0,0,0,0,0,0,0,,40000,20000,For level 86 or higher,0,1,1,0,0,0,0,0
40900,0,===WIND ARMORS===,===WIND ARMORS===,0,0,1,0,0,0,0,0,2,0,0,1000000,0,0,0,0,0,0,0,0,0,0,0,0,0,0,0,0,0,0,0,0,331,,0,0,,0,0,1,0,0,0,0,0
40901,1,wind_platemail,Wind platemail,4,0,1,0,34,24,934,0,0,96,0,300000,0,0,0,0,-41,3,1,1000,500,4,2,2,1,8,0,0,0,0,0,0,0,,50000,25000,,0,1,1,0,0,0,0,0
40902,1,wind_platemail_dress,Wind platemail dress,4,0,1,0,35,24,937,0,1,96,0,300000,0,0,0,0,-41,3,1,1000,500,4,2,2,1,8,0,0,0,0,0,0,0,,50000,25000,,0,1,1,0,0,0,0,0
40903,2,wind_armor,Wind armor,4,0,1,0,36,24,931,0,0,96,0,100000,0,0,0,0,-37,2,2,500,1000,2,2,4,1,6,0,0,0,0,0,0,331,,35000,17500,,0,1,1,0,0,0,0,0
40904,2,wind_armor_dress,Wind armor dress,4,0,1,0,37,24,932,0,1,96,0,100000,0,0,0,0,-37,2,2,500,1000,2,2,4,1,6,0,0,0,0,0,0,331,,35000,17500,,0,1,1,0,0,0,0,0
40905,3,wind_garb,Wind garb,4,0,1,0,38,24,933,0,0,96,0,200000,0,0,0,0,-33,1,1,750,750,2,3,3,1,4,0,0,0,0,0,0,331,,32000,16000,,0,1,1,0,0,0,0,0
40906,3,wind_skirt,Wind skirt,4,0,1,0,42,24,937,0,1,96,0,200000,0,0,0,0,-33,1,1,750,750,2,3,3,1,4,0,0,0,0,0,0,331,,32000,16000,,0,1,1,0,0,0,0,0
40907,4,wind_robes,Wind robes,4,0,1,0,40,24,935,0,0,96,0,150000,0,0,0,0,-30,2,0,250,1250,0,4,4,1,10,0,0,0,0,0,0,331,,35000,17500,,0,1,1,0,0,0,0,0
40908,4,wind_gown,Wind gown,4,0,1,0,41,24,936,0,1,96,0,150000,0,0,0,0,-30,2,0,250,1250,0,4,4,1,10,0,0,0,0,0,0,331,,35000,17500,,0,1,1,0,0,0,0,0
40909,4,ice_robes,Ice robes,4,0,1,0,48,0,1172,0,0,99,0,120000,0,0,0,0,-31,0,0,60,310,0,1,1,0,0,0,0,0,0,0,0,331,,40000,0,,0,1,1,0,0,0,0,0
40910,4,ice_gown,Ice gown,4,0,1,0,49,0,1171,0,1,99,0,120000,0,0,0,0,-31,0,0,60,310,0,1,1,0,0,0,0,0,0,0,0,331,,40000,0,,0,1,1,0,0,0,0,0
41000,0,===HELMS===,===HELM===,0,0,1,0,0,0,0,0,2,0,0,1000000,0,0,0,0,0,0,0,0,0,0,0,0,0,0,0,0,0,0,0,0,331,,0,0,,0,0,1,0,0,0,0,0
41001,0,merchant_helm,Merchant helm,6,0,1,0,0,0,265,0,0,1,0,1800,0,0,0,0,-1,0,0,0,0,0,0,0,0,10,0,0,0,0,0,0,331,,10,5,,0,1,1,0,0,0,0,0
41002,0,farmer_helm,Farmer helm,6,0,1,0,0,1,265,1,0,6,0,2500,0,0,0,0,-2,0,0,0,0,0,0,0,0,12,0,0,0,0,0,0,331,,30,15,,0,1,1,0,0,0,0,0
41003,0,royal_helm,Royal helm,6,0,1,0,0,7,265,7,0,16,0,3500,0,0,0,0,-3,0,0,0,0,0,0,0,0,13,0,0,0,0,0,0,331,,80,40,,0,1,1,0,0,0,0,0
41004,0,sky_helm,Sky helm,6,0,1,0,0,2,265,2,0,26,0,4900,0,0,0,0,-4,0,0,0,0,0,0,0,0,14,0,0,0,0,0,0,331,,120,60,,0,1,1,0,0,0,0,0
41005,0,ancient_helm,Ancient helm,6,0,1,0,0,9,265,9,0,36,0,7600,0,0,0,0,-5,0,0,0,0,0,0,0,0,15,0,0,0,0,0,0,331,,400,200,,0,1,1,0,0,0,0,0
41006,0,blood_helm,Blood helm,6,0,1,0,0,4,265,4,0,46,0,10000,0,0,0,0,-6,0,0,0,0,0,0,0,0,16,0,0,0,0,0,0,331,,600,300,,0,1,1,0,0,0,0,0
41007,0,earth_helm,Earth helm,6,0,1,0,0,6,265,6,0,56,0,15000,0,0,0,0,-7,0,0,0,0,0,0,0,0,17,0,0,0,0,0,0,331,,800,400,,0,1,1,0,0,0,0,0
41008,0,baekho_helm,Baekho helm,6,0,1,0,-1,0,1228,0,0,99,0,30000,0,0,0,0,-10,0,0,0,100,0,0,3,0,20,0,0,0,0,0,0,331,,10000,5000,,0,1,0,0,0,0,0,0
41009,0,chung_ryong_helm,Chung ryong helm,6,0,1,0,-1,0,1229,0,0,99,0,30000,0,0,0,0,-10,0,0,100,0,3,0,0,0,20,0,0,0,0,0,0,331,,10000,5000,,0,1,0,0,0,0,0,0
41010,0,hyun_moo_helm,Hyun moo helm,6,0,1,0,-1,0,1230,0,0,99,0,30000,0,0,0,0,-10,0,0,50,50,0,3,0,0,20,0,0,0,0,0,0,331,,10000,5000,,0,1,0,0,0,0,0,0
41011,0,ju_jak_helm,Ju jak helm,6,0,1,0,-1,0,1231,0,0,99,0,30000,0,0,0,0,-10,0,0,0,100,0,3,0,0,20,0,0,0,0,0,0,331,,10000,5000,,0,1,0,0,0,0,0,0
41012,0,star_helm,Star helm,6,0,1,0,0,3,265,3,2,66,0,35000,0,0,0,0,-9,0,0,0,0,0,0,0,0,18,0,0,0,0,0,0,331,,1500,750,,0,1,1,0,0,0,0,0
41013,0,moon_helm,Moon helm,6,0,1,0,0,8,265,8,2,76,0,40000,0,0,0,0,-10,0,0,0,0,0,0,0,0,19,0,0,0,0,0,0,331,,2600,1300,,0,1,1,0,0,0,0,0
41014,0,sun_helm,Sun helm,6,0,1,0,0,5,265,5,2,86,0,45000,0,0,0,0,-11,0,0,0,0,0,0,0,0,20,0,0,0,0,0,0,331,,5000,2500,,0,1,1,0,0,0,0,0
41015,0,,,0,0,1,0,0,0,0,0,2,0,0,1000000,0,0,0,0,0,0,0,0,0,0,0,0,0,0,0,0,0,0,0,0,331,,0,0,,0,0,1,0,0,0,0,0
41250,0,===Unisex===,===Headgear===,0,0,1,0,0,0,0,0,2,0,0,1000000,0,0,0,0,0,0,0,0,0,0,0,0,0,0,0,0,0,0,0,0,331,,0,0,,0,0,1,0,0,0,0,0
41251,1,battle_helm,Battle helm,6,0,1,0,1,2,265,4,2,35,0,800000,0,0,0,0,-6,0,0,100,-50,3,1,0,1,10,0,0,0,0,0,0,331,,400,200,,0,1,1,0,0,1,0,0
41252,3,tao_stone,Tao stone,6,0,1,0,-1,0,318,27,2,50,0,3000,0,0,0,0,10,0,0,-50,250,-2,4,-2,0,0,0,0,0,0,0,0,331,,8000,4000,,0,1,1,0,0,0,0,0
41253,4,pearl_charm,Pearl charm,6,0,1,0,-1,0,289,0,2,60,0,5000,0,0,0,0,-4,0,0,0,400,0,6,0,1,10,0,0,0,0,0,0,331,,12000,6000,,0,1,1,0,0,1,0,0
41254,0,amber_circlet,Amber circlet,6,0,1,0,-1,0,989,6,2,99,0,102000,0,0,0,0,-10,0,0,0,0,1,1,1,1,10,0,0,0,0,0,0,331,,204000,102000,,0,1,1,0,0,0,0,0
41255,0,dark_circlet,Dark circlet,6,0,1,0,-1,0,989,15,2,99,0,106400,0,0,0,0,-10,0,0,0,0,1,1,1,1,10,0,0,0,0,0,0,331,,212800,106400,,0,1,1,0,0,0,0,0
41256,0,yellow_circlet,Yellow circlet,6,0,1,0,-1,0,989,10,2,99,0,114000,0,0,0,0,-10,0,0,0,0,1,1,1,1,10,0,0,0,0,0,0,331,,228000,114000,,0,1,1,0,0,0,0,0
41257,0,white_circlet,White circlet,6,0,1,0,-1,0,989,9,2,99,0,116000,0,0,0,0,-10,0,0,0,0,1,1,1,1,10,0,0,0,0,0,0,331,,232000,116000,,0,1,1,0,0,0,0,0
41258,0,baekho_circlet,Baekho circlet,6,0,1,0,-1,0,989,9,2,99,0,165000,0,0,0,0,-10,0,0,200,100,1,1,1,1,10,0,0,0,0,0,0,331,,220000,110000,,0,1,1,0,0,0,0,0
41259,0,chung_ryong_circlet,Chung ryong circlet,6,0,1,0,-1,0,989,4,2,99,0,165000,0,0,0,0,-10,0,0,300,0,1,1,1,1,10,0,0,0,0,0,0,331,,220000,110000,,0,1,1,0,0,0,0,0
41260,0,ju_jak_circlet,Ju jak circlet,6,0,1,0,-1,0,989,11,2,99,0,165000,0,0,0,0,-10,0,0,0,300,1,1,1,1,10,0,0,0,0,0,0,331,,220000,110000,,0,1,1,0,0,0,0,0
41261,0,hyun_moo_circlet,Hyun moo circlet,6,0,1,0,-1,0,989,22,2,99,0,165000,0,0,0,0,-10,0,0,100,200,1,1,1,1,10,0,0,0,0,0,0,331,,220000,110000,,0,1,1,0,0,0,0,0
41262,0,amber_casque,Amber casque,6,0,1,0,-1,0,713,27,2,99,0,106400,0,0,0,0,-11,0,0,0,0,2,2,2,2,20,0,0,0,0,0,0,331,,212800,106400,,0,1,1,0,0,0,0,0
41263,0,dark_casque,Dark casque,6,0,1,0,-1,0,713,2,2,99,0,116000,0,0,0,0,-11,0,0,0,0,2,2,2,2,20,0,0,0,0,0,0,331,,232000,116000,,0,1,1,0,0,0,0,0
41264,0,yellow_casque,Yellow casque,6,0,1,0,-1,0,713,25,2,99,0,140000,0,0,0,0,-11,0,0,0,0,2,2,2,2,20,0,0,0,0,0,0,331,,280000,140000,,0,1,1,0,0,0,0,0
41265,0,white_casque,White casque,6,0,1,0,-1,0,713,13,2,99,0,148000,0,0,0,0,-11,0,0,0,0,2,2,2,2,20,0,0,0,0,0,0,331,,296000,148000,,0,1,1,0,0,0,0,0
41266,0,baekho_casque,Baekho casque,6,0,1,0,-1,0,713,24,2,99,0,195000,0,0,0,0,-11,0,0,400,200,2,2,2,2,20,0,0,0,0,0,0,331,,260000,130000,,0,1,1,0,0,0,0,0
41267,0,chung_ryong_casque,Chung ryong casque,6,0,1,0,-1,0,713,29,2,99,0,195000,0,0,0,0,-11,0,0,600,0,2,2,2,2,20,0,0,0,0,0,0,331,,260000,130000,,0,1,1,0,0,0,0,0
41268,0,ju_jak_casque,Ju jak casque,6,0,1,0,-1,0,713,26,2,99,0,195000,0,0,0,0,-11,0,0,0,600,2,2,2,2,20,0,0,0,0,0,0,331,,260000,130000,,0,1,1,0,0,0,0,0
41269,0,hyun_moo_casque,Hyun moo casque,6,0,1,0,-1,0,713,9,2,99,0,195000,0,0,0,0,-11,0,0,200,400,2,2,2,2,20,0,0,0,0,0,0,331,,260000,130000,,0,1,1,0,0,0,0,0
41270,0,diadem,Diadem,6,0,1,0,30,0,2106,10,2,99,0,400000,0,0,0,0,-15,1,1,600,600,3,3,3,3,25,0,0,0,0,0,0,331,,400000,200000,,0,1,1,0,0,0,0,0
41500,0,===Helmets===,===Helmets===,0,0,1,0,0,0,0,0,2,0,0,1000000,0,0,0,0,0,0,0,0,0,0,0,0,0,0,0,0,0,0,0,0,331,,0,0,,0,0,1,0,0,0,0,0
41501,0,spring_helmet,Spring helmet,6,0,1,0,0,0,265,0,1,6,0,1800,0,0,0,0,-1,0,0,0,0,0,0,0,0,10,0,0,0,0,0,0,331,,10,5,,0,1,1,0,0,0,0,0
41502,0,summer_helmet,Summer helmet,6,0,1,0,0,1,265,1,1,1,0,2500,0,0,0,0,-2,0,0,0,0,0,0,0,0,12,0,0,0,0,0,0,331,,30,15,,0,1,1,0,0,0,0,0
41503,0,autumn_helmet,Autumn helmet,6,0,1,0,0,7,265,7,1,16,0,3500,0,0,0,0,-3,0,0,0,0,0,0,0,0,13,0,0,0,0,0,0,331,,80,40,,0,1,1,0,0,0,0,0
41504,0,winter_helmet,Winter helmet,6,0,1,0,0,2,265,2,1,1,0,4900,0,0,0,0,-4,0,0,0,0,0,0,0,0,14,0,0,0,0,0,0,331,,120,60,,0,1,1,0,0,0,0,0
41505,0,ancient_helmet,Ancient helmet,6,0,1,0,0,9,265,9,1,36,0,7600,0,0,0,0,-5,0,0,0,0,0,0,0,0,15,0,0,0,0,0,0,331,,400,200,,0,1,1,0,0,0,0,0
41506,0,blood_helmet,Blood helmet,6,0,1,0,0,4,265,4,1,46,0,10000,0,0,0,0,-6,0,0,0,0,0,0,0,0,16,0,0,0,0,0,0,331,,600,300,,0,1,1,0,0,0,0,0
41507,0,earth_helmet,Earth helmet,6,0,1,0,0,6,265,6,1,56,0,15000,0,0,0,0,-7,0,0,0,0,0,0,0,0,17,0,0,0,0,0,0,331,,800,400,,0,1,1,0,0,0,0,0
41508,0,baekho_helmet,Baekho helmet,6,0,1,0,-1,0,1228,0,1,99,0,30000,0,0,0,0,-10,0,0,0,100,0,0,3,0,20,0,0,0,0,0,0,331,,10000,5000,,0,1,0,0,0,0,0,0
41509,0,chung_ryong_helmet,Chung ryong helmet,6,0,1,0,-1,0,1229,0,1,99,0,30000,0,0,0,0,-10,0,0,100,0,3,0,0,0,20,0,0,0,0,0,0,331,,10000,5000,,0,1,0,0,0,0,0,0
41510,0,hyun_moo_helmet,Hyun moo helmet,6,0,1,0,-1,0,1230,0,1,99,0,30000,0,0,0,0,-10,0,0,50,50,0,3,0,0,20,0,0,0,0,0,0,331,,10000,5000,,0,1,0,0,0,0,0,0
41511,0,ju_jak_helmet,Ju jak helmet,6,0,1,0,-1,0,1231,0,1,99,0,30000,0,0,0,0,-10,0,0,0,100,0,3,0,0,20,0,0,0,0,0,0,331,,10000,5000,,0,1,0,0,0,0,0,0
41512,0,star_helmet,Star helmet,6,0,1,0,0,3,265,3,1,66,0,35000,0,0,0,0,-9,0,0,0,0,0,0,0,0,18,0,0,0,0,0,0,331,,1500,750,,0,1,1,0,0,0,0,0
41513,0,moon_helmet,Moon helmet,6,0,1,0,0,8,265,8,1,76,0,40000,0,0,0,0,-10,0,0,0,0,0,0,0,0,19,0,0,0,0,0,0,331,,2600,1300,,0,1,1,0,0,0,0,0
41517,0,sun_helmet,Sun helmet,6,0,1,0,0,5,265,5,1,86,0,45000,0,0,0,0,-11,0,0,0,0,0,0,0,0,20,0,0,0,0,0,0,331,,5000,2500,,0,1,1,0,0,0,0,0
42000,0,=== TIGER MAIL / TIGRESS===,=== TIGER MAIL / TIGRES====,0,0,1,0,0,0,0,0,2,0,0,1000000,0,0,0,0,0,0,0,0,0,0,0,0,0,0,0,0,0,0,0,0,331,,0,0,,0,0,1,0,0,0,0,0
42001,0,=====TIGER MAIL====,=====TIGER MAIL======,0,0,1,0,0,0,0,0,2,0,0,1000000,0,0,0,0,0,0,0,0,0,0,0,0,0,0,0,0,0,0,0,0,331,,0,0,,0,0,1,0,0,0,0,0
42002,1,tiger_mail,Tiger mail,4,0,1,0,12,0,139,0,0,1,0,40000,0,0,0,0,-12,1,0,100,0,0,0,0,0,1,0,0,0,0,0,0,331,,1000,500,,0,1,1,0,0,0,0,0
42003,1,jade_tiger_mail,Jade tiger mail,4,0,1,0,12,1,140,0,0,6,0,60000,0,0,0,0,-18,2,0,200,0,0,0,0,0,1,0,0,0,0,0,0,331,,2000,1000,,0,1,1,0,0,0,0,0
42004,1,royal_tiger_mail,Royal tiger mail,4,0,1,0,12,7,146,0,0,16,0,70000,0,0,0,0,-21,2,0,400,0,0,0,0,0,1,0,0,0,0,0,0,331,,3000,1500,,0,1,1,0,0,0,0,0
42005,1,sky_tiger_mail,Sky tiger mail,4,0,1,0,12,2,141,0,0,26,0,110000,0,0,0,0,-26,2,0,800,0,0,0,0,0,1,0,0,0,0,0,0,331,,5000,2500,,0,1,1,0,0,0,0,0
42006,1,ancient_tiger_mail,Ancient tiger mail,4,0,1,0,12,5,144,0,0,36,0,220000,0,0,0,0,-28,3,0,1000,0,0,0,0,0,1,0,0,0,0,0,0,331,,7000,3500,,0,1,1,0,0,0,0,0
42007,1,blood_tiger_mail,Blood tiger mail,4,0,1,0,12,4,143,0,0,46,0,340000,0,0,0,0,-31,3,0,1500,0,0,0,0,0,1,0,0,0,0,0,0,331,,10000,5000,,0,1,1,0,0,0,0,0
42008,1,earth_tiger_mail,Earth tiger mail,4,0,1,0,12,6,145,0,0,56,0,560000,0,0,0,0,-34,3,0,2500,0,0,0,0,0,1,0,0,0,0,0,0,331,,20000,10000,,0,1,1,0,0,0,0,0
42009,1,star_tiger_mail,Star tiger mail,4,0,1,0,12,3,142,0,0,66,0,830000,0,0,0,0,-38,4,0,3500,0,0,0,0,0,1,0,0,0,0,0,0,331,,50000,25000,,0,1,1,0,0,0,0,0
42010,1,moon_tiger_mail,Moon tiger mail,4,0,1,0,12,8,147,0,0,76,0,1010000,0,0,0,0,-41,4,0,5000,0,0,0,0,0,1,0,0,0,0,0,0,331,,100000,50000,,0,1,1,0,0,0,0,0
42011,1,sun_tiger_mail,Sun tiger mail,4,0,1,0,12,5,148,0,0,86,0,1310000,0,0,0,0,-46,4,0,8000,0,0,0,0,0,1,0,0,0,0,0,0,331,,1000000,500000,,0,1,1,0,0,0,0,0
42012,0,=====TIGRESS====,=====TIGRESS====,0,0,1,0,0,0,0,0,2,0,0,1000000,0,0,0,0,0,0,0,0,0,0,0,0,0,0,0,0,0,0,0,0,331,,0,0,,0,0,1,0,0,0,0,0
42013,1,tigress,Tigress,4,0,1,0,13,0,199,0,1,1,0,40000,0,0,0,0,-12,1,0,100,0,0,0,0,0,1,0,0,0,0,0,0,331,,1000,500,,0,1,1,0,0,0,0,0
42014,1,jade_tigress,Summer tigress,4,0,1,0,13,1,200,0,1,6,0,60000,0,0,0,0,-18,2,0,200,0,0,0,0,0,1,0,0,0,0,0,0,331,,2000,1000,,0,1,1,0,0,0,0,0
42015,1,royal_tigress,Autumn tigress,4,0,1,0,13,7,206,0,1,16,0,70000,0,0,0,0,-21,2,0,400,0,0,0,0,0,1,0,0,0,0,0,0,331,,3000,1500,,0,1,1,0,0,0,0,0
42016,1,sky_tigress,Winter tigress,4,0,1,0,13,2,201,0,1,26,0,110000,0,0,0,0,-26,2,0,800,0,0,0,0,0,1,0,0,0,0,0,0,331,,5000,2500,,0,1,1,0,0,0,0,0
42017,1,ancient_tigress,Ancient tigress,4,0,1,0,13,5,204,0,1,36,0,220000,0,0,0,0,-28,3,0,1000,0,0,0,0,0,1,0,0,0,0,0,0,331,,7000,3500,,0,1,1,0,0,0,0,0
42018,1,blood_tigress,Blood tigress,4,0,1,0,13,4,203,0,1,46,0,340000,0,0,0,0,-31,3,0,1500,0,0,0,0,0,1,0,0,0,0,0,0,331,,10000,5000,,0,1,1,0,0,0,0,0
42019,1,earth_tigress,Earth tigress,4,0,1,0,13,6,205,0,1,56,0,560000,0,0,0,0,-34,3,0,2500,0,0,0,0,0,1,0,0,0,0,0,0,331,,20000,10000,,0,1,1,0,0,0,0,0
42020,1,star_tigress,Star tigress,4,0,1,0,13,3,202,0,1,66,0,830000,0,0,0,0,-38,4,0,3500,0,0,0,0,0,1,0,0,0,0,0,0,331,,50000,25000,,0,1,1,0,0,0,0,0
42021,1,moon_tigress,Moon tigress,4,0,1,0,13,8,207,0,1,76,0,1010000,0,0,0,0,-41,4,0,5000,0,0,0,0,0,1,0,0,0,0,0,0,331,,100000,50000,,0,1,1,0,0,0,0,0
42022,1,sun_tigress,Sun tigress,4,0,1,0,13,9,208,0,1,86,0,1310000,0,0,0,0,-46,4,0,8000,0,0,0,0,0,1,0,0,0,0,0,0,331,,1000000,500000,,0,1,1,0,0,0,0,0
42023,0,,,0,0,1,0,13,0,0,0,2,0,0,1000000,0,0,0,0,0,0,0,0,0,0,0,0,0,0,0,0,0,0,0,0,331,,0,0,,0,0,1,0,0,0,0,0
42024,0,,,0,0,1,0,0,0,0,0,2,0,0,1000000,0,0,0,0,0,0,0,0,0,0,0,0,0,0,0,0,0,0,0,0,331,,0,0,,0,0,1,0,0,0,0,0
42025,0,,,0,0,1,0,0,0,0,0,2,0,0,1000000,0,0,0,0,0,0,0,0,0,0,0,0,0,0,0,0,0,0,0,0,331,,0,0,,0,0,1,0,0,0,0,0
42026,0,,,0,0,1,0,0,0,0,0,2,0,0,1000000,0,0,0,0,0,0,0,0,0,0,0,0,0,0,0,0,0,0,0,0,331,,0,0,,0,0,1,0,0,0,0,0
42027,0,,,0,0,1,0,0,0,0,0,2,0,0,1000000,0,0,0,0,0,0,0,0,0,0,0,0,0,0,0,0,0,0,0,0,331,,0,0,,0,0,1,0,0,0,0,0
42028,0,,,0,0,1,0,0,0,0,0,2,0,0,1000000,0,0,0,0,0,0,0,0,0,0,0,0,0,0,0,0,0,0,0,0,331,,0,0,,0,0,1,0,0,0,0,0
42029,0,,,0,0,1,0,0,0,0,0,2,0,0,1000000,0,0,0,0,0,0,0,0,0,0,0,0,0,0,0,0,0,0,0,0,331,,0,0,,0,0,1,0,0,0,0,0
42030,0,,,0,0,1,0,0,0,0,0,2,0,0,1000000,0,0,0,0,0,0,0,0,0,0,0,0,0,0,0,0,0,0,0,0,331,,0,0,,0,0,1,0,0,0,0,0
43000,0,=====CLOAKS=====,=====CLOAKS========,0,0,1,0,0,0,0,0,2,0,0,1000000,0,0,0,0,0,0,0,0,0,0,0,0,0,0,0,0,0,0,0,0,331,,0,0,,0,0,1,0,0,0,0,0
43001,0,sonhi_cloak,Sonhi cloak,4,0,1,0,14,3,463,0,0,0,0,8000,0,0,0,0,-6,0,0,0,0,1,0,1,0,0,0,0,0,0,0,0,331,,10000,5000,,0,1,1,0,0,0,0,0
43002,0,,,0,0,1,0,0,0,0,0,2,0,0,1000000,0,0,0,0,0,0,0,0,0,0,0,0,0,0,0,0,0,0,0,0,331,,0,0,,0,0,1,0,0,0,0,0
43003,0,,,0,0,1,0,0,0,0,0,2,0,0,1000000,0,0,0,0,0,0,0,0,0,0,0,0,0,0,0,0,0,0,0,0,331,,0,0,,0,0,1,0,0,0,0,0
43004,0,,,0,0,1,0,0,0,0,0,2,0,0,1000000,0,0,0,0,0,0,0,0,0,0,0,0,0,0,0,0,0,0,0,0,331,,0,0,,0,0,1,0,0,0,0,0
43005,0,,,0,0,1,0,0,0,0,0,2,0,0,1000000,0,0,0,0,0,0,0,0,0,0,0,0,0,0,0,0,0,0,0,0,331,,0,0,,0,0,1,0,0,0,0,0
43006,0,,,0,0,1,0,0,0,0,0,2,0,0,1000000,0,0,0,0,0,0,0,0,0,0,0,0,0,0,0,0,0,0,0,0,331,,0,0,,0,0,1,0,0,0,0,0
43007,0,,,0,0,1,0,0,0,0,0,2,0,0,1000000,0,0,0,0,0,0,0,0,0,0,0,0,0,0,0,0,0,0,0,0,331,,0,0,,0,0,1,0,0,0,0,0
43008,0,,,0,0,1,0,0,0,0,0,2,0,0,1000000,0,0,0,0,0,0,0,0,0,0,0,0,0,0,0,0,0,0,0,0,331,,0,0,,0,0,1,0,0,0,0,0
43009,0,,,0,0,1,0,0,0,0,0,2,0,0,1000000,0,0,0,0,0,0,0,0,0,0,0,0,0,0,0,0,0,0,0,0,331,,0,0,,0,0,1,0,0,0,0,0
43010,0,,,0,0,1,0,0,0,0,0,2,0,0,1000000,0,0,0,0,0,0,0,0,0,0,0,0,0,0,0,0,0,1,0,0,331,,0,0,,0,0,1,0,0,0,0,0
44000,0,===DRESS====,====DRESS=====,0,0,1,0,0,0,0,0,2,0,0,1000000,0,0,0,0,0,0,0,0,0,0,0,0,0,0,0,0,0,0,0,0,331,,0,0,,0,0,1,0,0,0,0,0
44001,0,sonhi_dress,Sonhi dress,4,0,1,0,16,3,443,0,1,0,0,4000,0,0,0,0,-2,0,0,0,0,0,0,0,0,0,0,0,0,0,0,0,331,,10000,5000,,0,1,1,0,0,0,0,0
45000,0,===Equipment===,===Equipment===,0,0,1,0,0,0,0,0,2,0,0,1000000,0,0,0,0,0,0,0,0,0,0,0,0,0,0,0,0,0,0,0,0,331,,0,0,,0,0,1,0,0,0,0,0
45121,12,augury_staff,Augury Staff,3,0,1,0,10012,0,1652,0,2,0,0,50000,0,0,0,0,0,0,0,0,250,0,5,0,0,0,0,0,0,0,0,0,331,,10000,5000,,0,1,1,0,0,0,0,0
46000,0,=====Staves====,=====Staves===,0,0,1,0,0,0,0,0,2,0,0,1000000,0,0,0,0,0,0,0,0,0,0,0,0,0,0,0,0,0,0,0,0,331,,0,0,,0,0,1,0,0,0,0,0
46001,3,staff_of_power,Staff of Power,3,0,1,0,10000,0,52,4,2,5,0,5000,15,20,15,20,0,0,0,10,10,0,1,0,1,0,0,0,0,0,0,0,337,,200,100,,0,1,1,0,0,0,0,0
46002,4,staff_of_defense,Staff of defense,3,0,1,0,10000,0,52,4,2,5,0,5000,15,20,15,20,0,0,0,10,10,0,1,0,1,0,0,0,0,0,0,0,331,,200,100,,0,1,1,0,0,0,0,0
46003,0,wicked_staff,Wicked staff,3,0,1,0,10004,0,612,0,2,45,0,50000,4,14,36,45,0,2,0,0,200,0,0,0,0,0,0,0,0,0,0,0,331,,1800,900,,0,1,1,0,0,0,0,0
46004,0,deaths_head,Death\'s head,3,0,1,0,10005,0,616,0,2,45,0,20000,4,10,39,45,0,3,1,0,100,0,0,0,0,0,0,0,0,0,0,0,331,,1000,500,,0,1,1,0,0,0,0,0
46005,0,bekyuns_spear,Bekyun\'s spear,3,0,1,0,10010,0,661,0,2,70,0,5000000,60,100,60,100,0,0,0,0,0,0,10,0,0,0,0,0,0,0,0,0,331,,7000,3500,,0,1,1,0,0,0,0,0
46006,3,star_staff,Star-staff,3,0,1,0,10002,0,64,0,2,65,0,50000,4,4,9,15,0,0,0,0,500,0,10,0,0,0,0,0,0,0,0,0,331,,2500,1250,,0,1,1,0,0,1,0,0
46007,4,titanium_lance,Titanium lance,3,0,1,0,10003,0,820,0,2,65,0,50000,70,80,80,90,0,0,0,0,500,0,0,0,0,50,0,7,0,0,0,0,331,,2500,1250,,0,1,1,0,0,1,0,0
46008,0,corrupted_staff,Corrupted staff,3,0,1,0,10028,0,619,0,2,85,0,50000,50,70,55,75,4,-2,0,-500,700,-2,-16,-2,0,0,0,0,0,0,0,0,331,,50000,25000,,0,1,1,0,0,1,0,0
46009,4,poet_whip,Poet whip,3,0,1,0,59,0,911,0,2,50,0,55000,20,40,25,50,0,0,0,0,250,0,5,0,0,0,0,0,0,0,0,0,332,,2500,1250,,0,1,1,0,0,0,0,0
46010,0,tainted_staff,Tainted staff,3,0,1,0,10005,0,619,0,2,30,0,5000,4,10,15,25,0,0,0,0,80,0,-2,0,0,0,0,0,0,0,0,0,331,,500,250,,0,1,1,0,0,0,0,0
46011,0,cursed_staff,Cursed staff,3,0,1,0,10019,0,619,0,2,60,0,50000,8,20,30,45,0,0,0,0,400,0,-8,0,0,0,0,0,0,0,0,0,331,,5000,2500,,0,1,1,0,0,0,0,0
46012,0,forsaken_staff,Forsaken staff,3,0,1,0,10005,0,619,2,2,99,0,100000,60,95,65,95,8,-8,0,-800,1000,-6,-24,-6,0,0,0,0,0,0,0,0,331,,400000,200000,,0,1,1,0,0,1,0,0
46013,3,wand_of_fire,Wand of fire,3,0,1,0,13,0,634,0,2,99,1,100000,10,20,15,25,5,0,0,0,15000,0,0,0,0,0,0,120,0,0,0,0,331,,400000,200000,,0,1,1,0,0,0,0,0
46014,4,winter_scepter,Winter scepter,3,0,1,0,90,0,2008,0,2,99,1,100000,1,5,1,5,0,0,0,4000,7500,0,0,0,0,0,0,120,0,0,0,0,331,,400000,200000,,0,1,1,0,0,0,0,0
46015,0,bekyuns_set,Bekyun\'s set,18,0,20,0,0,0,3,0,2,0,0,1000000,0,0,0,0,0,0,0,0,0,0,0,0,0,0,0,0,0,0,0,0,331,,10000,50000,,0,0,1,0,0,0,0,0
46016,0,dark_staff,Dark staff,3,0,1,0,10025,3,2349,1,2,99,1,1000000,1,5,1,5,0,0,0,0,0,0,0,0,0,0,0,0,0,0,0,0,331,,4000000,2000000,,0,1,1,0,0,0,0,0
47000,0,===AXES====,===AXES===,0,0,1,0,0,0,0,0,2,0,0,1000000,0,0,0,0,0,0,0,0,0,0,0,0,0,0,0,0,0,0,0,0,331,,0,0,,0,0,1,0,0,0,0,0
47001,1,hunangs_axe,Hunang\'s axe,3,0,1,0,19,0,645,0,2,50,0,5000000,50,90,50,90,0,0,0,0,0,0,0,0,0,0,0,0,0,0,0,0,331,,7000,3500,,0,1,1,0,0,0,0,0
47002,2,white_moon_axe,White moon axe,3,0,1,0,19,0,645,0,2,70,0,5000000,80,90,80,100,0,0,0,0,800,0,0,0,0,0,0,0,0,0,0,0,331,,500,250,,0,1,1,0,0,0,0,0
47003,0,big_axe,Big axe,3,0,1,0,58,0,896,0,2,50,0,50000,30,50,30,60,0,0,0,0,0,0,0,0,0,0,0,0,0,0,0,0,331,,2000,1000,,0,1,1,0,0,0,0,0
48000,0,=====Swords=====,=====Swords=====,0,0,1,0,0,0,0,0,2,0,0,1000000,0,0,0,0,0,0,0,0,0,0,0,0,0,0,0,0,0,0,0,0,331,,0,0,,0,1,1,0,0,0,0,0
48001,0,maxcaliber,Maxcaliber,3,0,1,0,22,0,648,0,2,0,0,400000,60,95,60,90,0,0,0,0,0,0,0,0,0,0,0,50,0,0,0,0,331,,1800,900,,0,1,1,0,0,0,0,0
48002,0,moonblade,Moonblade,3,0,1,0,17,0,643,0,2,45,0,400000,50,85,40,80,0,2,5,0,0,0,0,0,0,0,0,0,0,0,0,0,331,,1800,900,,0,1,1,0,0,0,0,0
48003,0,flameblade,Flameblade,3,0,1,0,4,0,58,0,2,70,0,5000000,90,100,90,100,0,3,1,0,0,0,0,0,0,0,0,0,0,0,0,0,331,,10000,5000,,0,1,1,0,0,0,0,0
48004,2,hoof_sabre,Hoof sabre,3,0,1,0,26,0,647,0,2,60,0,4000000,60,90,50,90,0,4,-6,0,0,0,0,0,0,0,0,0,0,0,0,0,331,,8000,4000,,0,1,1,0,0,0,0,0
48005,0,mythic_sabre,Mythic sabre,3,0,1,0,16,1,642,1,2,99,0,120000,90,120,95,125,0,1,1,900,450,0,0,0,0,0,0,40,0,0,0,0,331,,64000,32000,,0,1,1,0,0,0,0,0
48006,0,steelthorn,Steelthorn,3,0,1,0,6,0,46,0,2,65,0,500000,80,95,70,90,0,3,5,0,0,0,0,0,0,0,0,0,0,0,0,0,331,,2500,1250,,0,1,1,0,0,1,0,0
48007,0,zibong_blade,Zibong blade,3,0,1,0,25,0,756,0,0,70,0,1000000,60,100,50,90,2,-4,-2,-200,-100,-4,-4,-4,0,-50,0,0,0,0,0,0,331,,60000,30000,,0,1,1,0,0,1,0,0
48008,0,corrupted_blade,Corrupted blade,3,0,1,0,69,0,772,6,2,85,0,1000000,70,100,80,100,3,-8,6,-600,-200,-8,-2,-8,0,0,0,70,0,0,0,0,331,,50000,25000,,0,1,1,0,0,1,0,0
48009,0,cursed_blade,Cursed blade,3,0,1,0,47,0,772,0,2,60,0,400000,50,90,50,90,0,-4,4,0,0,-4,10,-4,0,0,0,35,0,0,0,0,331,,5000,2500,,0,1,1,0,0,1,0,0
48010,1,dark_scimitar,Dark scimitar,3,0,1,0,53,0,805,0,2,99,1,1000000,90,310,90,325,7,0,0,10000,0,0,0,0,0,0,0,120,0,0,0,0,331,,400000,200000,,0,1,1,0,0,1,0,0
48011,0,electra,Electra,3,0,1,0,5,0,46,0,2,65,0,500000,80,100,90,100,0,-5,1,0,0,0,0,0,0,0,0,0,0,0,0,0,331,,2500,1250,,0,1,1,0,0,1,0,0
48013,0,forsaken_blade,Forsaken blade,3,0,1,0,61,0,772,0,2,99,0,2000000,100,110,110,125,8,-16,8,-800,-500,-16,-6,-16,0,0,0,110,0,0,0,0,331,,400000,200000,,0,1,1,0,0,1,0,0
48014,2,light_broadsword,Light broadsword,3,0,1,0,52,0,804,0,2,99,1,800000,250,350,250,350,3,0,0,0,10000,0,0,0,0,0,0,120,0,0,0,0,331,,400000,200000,,0,1,1,0,0,1,0,0
48015,0,swift_dagger,Swift dagger,3,0,1,0,0,0,1,0,2,55,0,5000,30,50,20,40,-2,0,5,0,0,0,0,5,0,0,0,0,0,0,0,0,331,,2000,1000,,0,1,1,0,0,1,0,0
48016,0,tainted_blade,Tainted blade,3,0,1,0,17,0,772,0,2,30,0,40000,40,60,40,55,0,-1,1,0,0,0,0,-1,0,0,0,20,0,0,0,0,331,,1000,500,,0,1,1,0,0,1,0,0
48017,2,dark_dagger,Dark dagger,3,0,1,0,36,0,782,1,2,70,0,60000,60,80,65,85,0,1,1,300,150,0,0,0,0,0,0,30,0,0,0,0,331,,16000,8000,,0,1,1,0,0,0,0,0
48018,0,fates_blade,Fate\'s blade,3,0,1,0,9,0,639,0,2,20,0,1000,50,100,50,110,-10,0,0,0,0,10,10,10,1,0,0,10,0,1,0,0,331,,1000,500,,0,1,0,0,0,0,0,0
48019,0,fire_blade,Fire blade,3,0,1,0,38,0,784,0,2,99,1,6000000,120,220,140,240,0,0,4,0,0,-3,0,0,0,4,0,100,0,0,0,0,331,,400000,200000,,0,1,0,0,0,0,0,0
48020,0,midnight_broadsword,Midnight broadsword,3,0,1,0,68,0,1156,0,2,77,0,800000,80,90,80,90,0,0,0,250,250,0,0,0,0,0,0,0,0,0,0,0,331,,80000,40000,,0,1,1,0,0,0,0,0
48021,0,midnight_cutlass,Midnight cutlass,3,0,1,0,70,0,1157,0,2,99,0,1000000,100,110,100,110,0,0,0,300,300,0,0,0,0,0,0,0,0,0,0,0,331,,100000,50000,,0,1,1,0,0,0,0,0
48022,0,midnight_sword,Midnight sword,3,0,1,0,66,0,1155,0,2,55,0,600000,60,70,60,70,0,0,0,200,200,0,0,0,0,0,0,0,0,0,0,0,331,,60000,30000,,0,1,1,0,0,0,0,0
48023,0,molten_blade,Molten blade,3,0,1,0,32,0,783,0,2,99,2,8000000,130,280,150,300,0,0,6,0,0,-4,0,0,0,6,0,100,0,0,0,0,331,,600000,300000,,0,1,0,0,0,0,0,0
48024,2,,,3,0,1,0,55,0,807,0,2,99,0,500000,170,190,170,190,-2,4,3,500,500,0,2,3,0,5,0,10,0,0,0,0,331,,0,0,,0,1,0,0,0,0,0,0
48025,0,plasmic_substratum,Plasmic substratum,3,0,1,0,62,0,926,0,2,99,0,2000000,80,180,80,180,0,2,0,1000,3500,8,11,0,0,30,0,100,0,0,0,0,331,,50000,25000,,0,1,1,0,0,0,0,0
48026,1,sabre,Sabre,3,0,1,0,17,0,643,0,2,85,0,60000,90,130,90,120,-1,3,0,0,0,0,0,0,0,0,0,0,0,0,0,0,331,,20000,10000,,0,1,1,0,0,0,0,0
48027,2,baronial_kagum_huan,Baronial Kagum Huan,3,0,1,0,37,5,1967,0,2,99,0,400000,150,230,150,230,0,5,3,3125,0,0,0,8,0,0,0,0,0,0,0,0,331,,50000,25000,,0,1,1,0,0,0,0,0
48028,1,baronial_kagum_xu,Baronial Kagum Xu,3,0,1,0,37,5,1967,0,2,99,0,50000,80,130,80,130,0,0,5,2000,0,5,0,0,0,0,0,0,0,0,0,0,331,,50000,25000,,0,1,1,0,0,0,0,0
48029,0,chaos_blade,Chaos blade,3,0,1,0,43,0,789,0,2,99,0,500000,100,500,100,500,0,5,5,10000,0,3,0,0,0,0,0,125,0,0,0,0,331,,0,0,,0,1,1,0,0,0,0,0
48030,0,sevenleaf_sword,Sevenleaf sword,3,0,1,0,21,0,646,0,2,99,0,5000000,90,100,90,100,0,7,2,0,0,0,20,0,0,0,0,0,0,0,0,0,331,,0,0,,0,1,1,0,0,0,0,0
48031,0,light_sword,Light sword,3,0,1,0,6,0,0,0,2,90,0,1000000,100,110,110,120,0,5,5,0,0,0,0,0,0,0,0,9,0,0,0,0,331,,2500,1250,,0,1,1,0,0,1,0,0
48032,0,holy_sword,Holy sword,3,0,1,0,11,0,628,0,2,1,0,1000000,0,0,0,0,0,0,0,0,0,0,0,0,0,0,0,0,0,0,0,0,331,,0,0,,0,1,1,0,0,0,0,0
48033,2,white_sword,White sword,3,0,1,0,11,0,639,0,2,50,0,5000000,50,100,50,110,0,5,5,0,0,0,0,0,0,0,0,0,0,0,0,0,331,,0,0,,0,1,1,0,0,0,0,0
48034,0,ilbon_knife,Ilbon knife,3,0,1,0,7,0,641,0,2,20,0,12000,30,70,20,45,0,1,0,0,0,0,0,0,0,0,0,6,0,0,0,0,331,,7000,0,,0,1,1,0,0,1,0,0
48035,0,,,0,0,1,0,0,0,0,0,2,0,0,1000000,0,0,0,0,0,0,0,0,0,0,0,0,0,0,0,0,0,0,0,0,331,,0,0,,0,0,1,0,0,0,0,0
48036,0,,,0,0,1,0,0,0,0,0,2,0,0,1000000,0,0,0,0,0,0,0,0,0,0,0,0,0,0,0,0,0,0,0,0,331,,0,0,,0,0,1,0,0,0,0,0
48037,0,,,0,0,1,0,0,0,0,0,2,0,0,1000000,0,0,0,0,0,0,0,0,0,0,0,0,0,0,0,0,0,0,0,0,331,,0,0,,0,0,1,0,0,0,0,0
48038,0,,,0,0,1,0,0,0,0,0,2,0,0,1000000,0,0,0,0,0,0,0,0,0,0,0,0,0,0,0,0,0,0,0,0,331,,0,0,,0,0,1,0,0,0,0,0
48039,0,,,0,0,1,0,0,0,0,0,2,0,0,1000000,0,0,0,0,0,0,0,0,0,0,0,0,0,0,0,0,0,0,0,0,331,,0,0,,0,0,1,0,0,0,0,0
48040,0,,,0,0,1,0,0,0,0,0,2,0,0,1000000,0,0,0,0,0,0,0,0,0,0,0,0,0,0,0,0,0,0,0,0,331,,0,0,,0,0,1,0,0,0,0,0
49000,0,===NPC/PC SUBPATH Equipment/Items===,===NPC/PC SUBPATH Equipment/Items===,0,0,1,0,0,0,0,0,2,0,0,1000000,0,0,0,0,0,0,0,0,0,0,0,0,0,0,0,0,0,0,0,0,331,,0,0,,0,0,1,0,0,0,0,0
49001,6,chung_ryong_scale,Chung ryong scale,3,0,1,0,29,0,775,0,2,99,0,5000000,100,110,120,150,0,3,3,500,500,1,0,1,2,5,0,10,0,0,0,0,8,,100000,50000,,0,1,0,0,0,0,0,0
49002,7,nimble_blade,Nimble blade,3,0,1,0,55,0,807,0,2,99,0,500000,170,190,170,190,-2,4,3,500,500,0,2,3,0,5,0,10,0,0,0,0,333,,150000,75000,,0,1,0,0,0,0,0,0
49003,8,ju_jak_staff,Ju jak staff,3,0,1,0,72,0,1116,0,2,99,0,60000,30,35,35,40,0,0,0,0,2000,0,13,1,0,0,0,10,0,0,0,0,331,,150000,75000,,0,1,0,0,0,0,0,0
49004,9,life_lance,Life lance,3,0,1,0,10027,0,1102,0,2,99,0,50000,1,2,3,4,-8,0,0,1000,1000,0,8,1,0,75,0,10,0,0,0,0,331,,150000,75000,,0,1,0,0,0,0,0,0
49005,6,enchanted_chung_ryong_scale,Enchanted Chung ryong scale,3,0,1,0,29,0,775,0,2,99,0,7000000,100,160,120,240,0,3,3,5000,1000,1,0,1,2,5,0,10,0,0,0,0,8,,150000,75000,,0,1,0,0,0,0,0,0
49006,7,enchanted_nimble_blade,Enchanted Nimble blade,3,0,1,0,55,0,807,0,2,99,0,1000000,190,240,190,240,-2,4,3,1000,1000,0,2,3,0,5,0,10,0,0,0,0,333,,200000,100000,,0,1,0,0,0,0,0,0
49007,8,enchanted_ju_jak_staff,Enchanted Ju jak staff,3,0,1,0,72,0,1116,0,2,99,0,120000,30,35,35,40,0,0,0,0,6000,0,13,1,0,0,0,10,0,0,0,0,331,,200000,100000,,0,1,0,0,0,0,0,0
49008,9,enchanted_life_lance,Enchanted Life lance,3,0,1,0,10027,0,1102,0,2,99,0,100000,1,2,3,4,-8,0,0,1000,3000,0,8,1,0,75,0,10,0,0,0,0,331,,200000,100000,,0,1,0,0,0,0,0,0
49009,6,il_san_chung_ryong_scale,Il san Chung ryong scale,3,0,1,0,29,0,775,0,2,99,1,9000000,100,260,120,320,0,3,3,10000,1500,1,0,1,2,5,0,10,0,0,0,0,8,,200000,100000,,0,1,0,0,0,0,0,0
49010,7,il_san_nimble_blade,Il san Nimble blade,3,0,1,0,55,0,807,0,2,99,1,1300000,210,290,210,290,-2,4,3,2000,2000,0,2,3,0,5,0,10,0,0,0,0,333,,250000,125000,,0,1,0,0,0,0,0,0
49011,8,il_san_ju_jak_staff,Il san Ju jak staff,3,0,1,0,72,0,1116,0,2,99,1,180000,30,35,35,40,0,0,0,0,15000,0,13,1,0,0,0,10,0,0,0,0,331,,250000,125000,,0,1,0,0,0,0,0,0
49012,9,il_san_life_lance,Il san Life lance,3,0,1,0,10027,0,1102,0,2,99,1,150000,1,2,3,4,-8,0,0,6000,6000,0,8,1,0,75,0,10,0,0,0,0,331,,250000,125000,,0,1,0,0,0,0,0,0
49013,6,ee_san_chung_ryong_scale,Ee san Chung ryong scale,3,0,1,0,29,0,775,0,2,99,2,12000000,100,340,120,380,0,3,3,20000,2000,1,0,1,2,5,0,10,0,0,0,0,8,,250000,125000,,0,1,0,0,0,0,0,0
49014,7,ee_san_nimble_blade,Ee san Nimble blade,3,0,1,0,55,0,807,0,2,99,2,1600000,330,380,330,380,-2,4,3,4000,4000,0,2,3,0,5,0,10,0,0,0,0,333,,300000,150000,,0,1,0,0,0,0,0,0
49015,8,ee_san_ju_jak_staff,Ee san Ju jak staff,3,0,1,0,72,0,1116,0,2,99,2,240000,30,35,35,40,0,0,0,0,30000,0,13,1,0,0,0,10,0,0,0,0,331,,300000,150000,,0,1,0,0,0,0,0,0
49016,9,ee_san_life_lance,Ee san Life lance,3,0,1,0,10027,0,1102,0,2,99,2,200000,1,2,3,4,-8,0,0,9000,9000,0,8,1,0,75,0,10,0,0,0,0,331,,300000,150000,,0,1,0,0,0,0,0,0
49017,6,sam_san_chung_ryong_scale,Sam san Chung ryong scale,3,0,1,0,29,0,775,0,2,99,3,15000000,100,420,120,440,0,3,3,30000,2500,1,0,1,2,5,0,10,0,0,0,0,8,,250000,125000,,0,1,0,0,0,0,0,0
49018,7,sam_san_nimble_blade,Sam san Nimble blade,3,0,1,0,55,0,807,0,2,99,3,1900000,450,480,450,480,-2,4,3,6000,6000,0,2,3,0,5,0,10,0,0,0,0,333,,350000,175000,,0,1,0,0,0,0,0,0
49019,8,sam_san_ju_jak_staff,Sam san Ju jak staff,3,0,1,0,72,0,1116,0,2,99,3,300000,30,35,35,40,0,0,0,0,45000,0,13,1,0,0,0,10,0,0,0,0,331,,350000,175000,,0,1,0,0,0,0,0,0
49020,9,sam_san_life_lance,Sam san Life lance,3,0,1,0,10027,0,1102,0,2,99,3,250000,1,2,3,4,-8,0,0,12000,12000,0,8,1,0,75,0,10,0,0,0,0,331,,350000,175000,,0,1,0,0,0,0,0,0
49021,6,sa_san_chung_ryong_scale,Sa san Chung ryong scale,3,0,1,0,29,0,775,0,2,99,4,18000000,100,500,120,500,0,3,3,40000,3000,1,0,1,2,5,0,10,0,0,0,0,8,,250000,125000,,0,1,0,0,0,0,0,0
49022,7,sa_san_nimble_blade,Sa san Nimble blade,3,0,1,0,55,0,807,0,2,99,4,1900000,570,580,570,580,-2,4,3,8000,8000,0,2,3,0,5,0,10,0,0,0,0,333,,400000,200000,,0,1,0,0,0,0,0,0
49023,8,sa_san_ju_jak_staff,Sa san Ju jak staff,3,0,1,0,72,0,1116,0,2,99,4,300000,30,35,35,40,0,0,0,0,60000,0,13,1,0,0,0,10,0,0,0,0,331,,300000,150000,,0,1,0,0,0,0,0,0
49024,9,sa_san_life_lance,Sa san Life lance,3,0,1,0,10027,0,1102,0,2,99,4,300000,1,2,3,4,-8,0,0,15000,15000,0,8,1,0,75,0,10,0,0,0,0,331,,400000,200000,,0,1,0,0,0,0,0,0
49025,1,spike,Spike,3,0,1,0,18,0,644,0,2,85,0,5000000,90,120,95,125,2,-5,7,500,0,2,0,0,0,0,0,100,0,0,0,0,331,,100000,50000,,0,1,1,0,0,1,0,0
49026,1,enchanted_spike,Enchanted spike,3,0,1,0,18,0,644,0,2,99,0,10000000,90,170,90,230,2,-5,7,5000,0,2,0,0,0,0,0,100,0,0,0,0,331,,200000,100000,,0,1,1,0,0,1,0,0
49027,1,il_san_spike,Il san spike,3,0,1,0,18,0,644,0,2,99,1,10000000,90,270,90,300,2,-5,7,10000,0,2,0,0,0,0,0,100,0,0,0,0,331,,200000,100000,,0,1,1,0,0,1,0,0
49028,1,ee_san_spike,Ee san spike,3,0,1,0,18,0,644,0,2,99,2,10000000,90,350,90,350,2,-5,7,20000,0,2,0,0,0,0,0,100,0,0,0,0,331,,200000,100000,,0,1,1,0,0,1,0,0
49029,1,sam_san_spike,Sam san spike,3,0,1,0,18,0,644,0,2,99,3,10000000,90,450,90,450,2,-5,7,40000,0,2,0,0,0,0,0,100,0,0,0,0,331,,200000,100000,,0,1,1,0,0,1,0,0
49030,1,sa_san_spike,Sa san spike,3,0,1,0,18,0,644,0,2,99,4,10000000,90,550,90,550,2,-5,7,80000,0,2,0,0,0,0,0,100,0,0,0,0,331,,200000,100000,,0,1,1,0,0,0,0,0
49031,2,blood,Blood,3,0,1,0,7,0,45,0,2,85,0,400000,150,200,150,200,-1,6,0,0,0,0,0,0,0,0,0,10,0,0,0,0,352,,100000,50000,,0,1,1,0,0,1,0,0
49032,2,enchanted_blood,Enchanted blood,3,0,1,0,7,0,45,0,2,99,0,800000,150,250,150,250,-1,6,0,0,5000,0,0,0,0,0,0,10,0,0,0,0,352,,200000,100000,,0,1,1,0,0,1,0,0
49033,2,il_san_blood,Il san blood,3,0,1,0,7,0,45,0,2,99,1,800000,200,300,200,300,-1,6,0,0,10000,0,0,0,0,0,0,10,0,0,0,0,352,,200000,100000,,0,1,1,0,0,1,0,0
49034,2,ee_san_blood,Ee san blood,3,0,1,0,7,0,45,0,2,99,2,800000,300,400,300,400,-1,6,0,5000,12000,0,0,0,0,0,0,10,0,0,0,0,352,,200000,100000,,0,1,1,0,0,1,0,0
49035,2,sam_san_blood,Sam san blood,3,0,1,0,7,0,45,0,2,99,3,800000,400,500,400,500,-1,6,0,7000,14000,0,0,0,0,0,0,10,0,0,0,0,352,,200000,100000,,0,1,1,0,0,1,0,0
49036,2,sa_san_blood,Sa san blood,3,0,1,0,7,0,45,0,2,99,4,800000,500,600,500,600,-1,6,0,14000,28000,0,0,0,0,0,0,10,0,0,0,0,352,,200000,100000,,0,1,1,0,0,1,0,0
49037,3,surge,Surge,3,0,1,0,14,7,34,7,2,85,0,50000,10,20,15,25,0,0,0,0,1200,0,12,0,0,0,0,35,0,0,0,0,331,,100000,50000,,0,1,1,0,0,1,0,0
49038,3,enchanted_surge,Enchanted surge,3,0,1,0,14,7,34,7,2,99,0,100000,10,20,15,25,0,0,0,0,5000,0,12,0,0,0,0,35,0,0,0,0,331,,200000,100000,,0,1,1,0,0,1,0,0
49039,3,il_san_surge,Il san surge,3,0,1,0,14,7,34,7,2,99,1,100000,10,20,15,25,0,0,0,0,10000,0,12,0,0,0,0,35,0,0,0,0,331,,200000,100000,,0,1,1,0,0,1,0,0
49040,3,ee_san_surge,Ee san surge,3,0,1,0,14,7,34,7,2,99,2,100000,10,20,15,25,0,0,0,0,20000,0,12,0,0,0,0,35,0,0,0,0,331,,200000,100000,,0,1,1,0,0,1,0,0
49041,3,sam_san_surge,Sam san surge,3,0,1,0,14,7,34,7,2,99,3,100000,10,20,15,25,0,0,0,0,30000,0,12,0,0,0,0,35,0,0,0,0,331,,200000,100000,,0,1,1,0,0,1,0,0
49042,3,sa_san_surge,Sa san surge,3,0,1,0,51,3,631,3,2,99,4,100000,10,20,15,25,0,0,0,0,40000,0,12,0,0,0,0,35,0,0,0,0,331,,200000,100000,,0,1,1,0,0,1,0,0
49043,4,charm,Charm,3,0,1,0,14,0,34,0,2,85,0,50000,1,2,1,2,-5,0,0,0,1000,0,0,0,0,50,0,40,0,0,0,0,331,,100000,50000,,0,1,1,0,0,1,0,0
49044,4,enchanted_charm,Enchanted charm,3,0,1,0,14,0,34,0,2,99,0,100000,1,2,1,2,-5,0,0,1500,3000,0,0,0,0,50,0,40,0,0,0,0,331,,200000,100000,,0,1,1,0,0,1,0,0
49045,4,il_san_charm,Il san charm,3,0,1,0,14,0,34,0,2,99,1,100000,1,2,1,2,-5,0,0,3000,6000,0,0,0,0,50,0,40,0,0,0,0,331,,200000,100000,,0,1,1,0,0,1,0,0
49046,4,ee_san_charm,Ee san charm,3,0,1,0,14,0,34,0,2,99,2,100000,1,2,1,2,-5,0,0,5000,9000,0,0,0,0,50,0,40,0,0,0,0,331,,200000,100000,,0,1,1,0,0,1,0,0
49047,4,sam_san_charm,Sam san charm,3,0,1,0,14,0,34,0,2,99,3,100000,1,2,1,2,-5,0,0,7000,12000,0,0,0,0,50,0,40,0,0,0,0,331,,200000,100000,,0,1,1,0,0,1,0,0
49048,4,sa_san_charm,Sa san charm,3,0,1,0,51,2,633,1,2,99,4,100000,1,2,1,2,-5,0,0,9000,15000,0,0,0,0,50,0,40,0,0,0,0,331,,200000,100000,,0,1,1,0,0,1,0,0
49049,18,do,Do,3,0,1,0,11,0,628,0,2,99,0,4000000,100,200,150,250,-2,2,2,5000,0,1,1,1,2,50,0,10,0,0,0,0,331,,100000,50000,,0,1,0,0,0,0,0,0
49050,18,enchanted_do,Enchanted do,3,0,1,0,11,0,628,0,2,99,0,4500000,100,300,150,350,-2,2,2,6000,0,1,1,1,2,50,0,10,0,0,0,0,331,,100000,50000,,0,1,0,0,0,0,0,0
49051,18,il_san_do,Il san do,3,0,1,0,11,0,628,0,2,99,1,5000000,100,400,150,450,-2,2,2,7000,0,1,1,1,2,50,0,10,0,0,0,0,331,,150000,75000,,0,1,0,0,0,0,0,0
49052,18,ee_san_do,Ee san do,3,0,1,0,11,0,628,0,2,99,2,5500000,100,500,150,550,-2,2,2,8000,0,1,1,1,2,50,0,10,0,0,0,0,331,,150000,75000,,0,1,0,0,0,0,0,0
49053,18,sam_san_do,Sam san do,3,0,1,0,11,0,628,0,2,99,3,6000000,100,600,150,650,-2,2,2,9000,0,1,1,1,2,50,0,10,0,0,0,0,331,,200000,100000,,0,1,0,0,0,0,0,0
49054,18,sa_san_do,Sa san do,3,0,1,0,11,0,628,0,2,99,4,6500000,100,700,150,750,-2,2,2,10000,0,1,1,1,2,50,0,10,0,0,0,0,331,,250000,125000,,0,1,0,0,0,0,0,0
49055,10,war_axe,War axe,3,0,1,0,41,0,787,0,2,99,0,4000000,150,180,170,200,-3,4,3,1000,500,1,2,-5,2,50,0,10,0,0,0,0,331,,100000,50000,,0,1,0,0,0,0,0,0
49056,10,enchanted_war_axe,Enchanted war axe,3,0,1,0,41,0,787,0,2,99,0,4500000,150,280,170,300,-3,4,3,2000,1000,1,2,-5,2,50,0,10,0,0,0,0,331,,100000,50000,,0,1,0,0,0,0,0,0
49057,10,il_san_war_axe,Il san war axe,3,0,1,0,41,0,787,0,2,99,1,5000000,150,380,170,400,-3,4,3,3000,1500,1,2,-5,2,50,0,10,0,0,0,0,331,,150000,75000,,0,1,0,0,0,0,0,0
49058,10,ee_san_war_axe,Ee san war axe,3,0,1,0,41,0,787,0,2,99,2,5500000,150,480,170,500,-3,4,3,4000,2000,1,2,-5,2,50,0,10,0,0,0,0,331,,150000,75000,,0,1,0,0,0,0,0,0
49059,10,sam_san_war_axe,Sam san war axe,3,0,1,0,41,0,787,0,2,99,3,6000000,150,580,170,600,-3,4,3,5000,2500,1,2,-5,2,50,0,10,0,0,0,0,331,,200000,100000,,0,1,0,0,0,0,0,0
49060,10,sa_san_war_axe,Sa san war axe,3,0,1,0,41,0,787,0,2,99,4,6500000,150,680,170,700,-3,4,3,6000,3000,1,2,-5,2,50,0,10,0,0,0,0,331,,500000,250000,,0,1,0,0,0,0,0,0
49061,14,shinsho,Battle-ready Shinsho,3,0,1,0,46,0,2573,0,2,99,0,4000000,125,160,160,180,-2,-3,4,4000,500,2,-6,-3,2,0,0,30,0,0,0,0,331,,1000000,500000,,0,1,0,0,0,0,0,0
49062,14,enchanted_shinsho,Battle-scarred Shinsho,3,0,1,0,46,0,2573,0,2,99,0,4500000,125,260,160,280,-2,-3,4,5000,1000,2,-6,-3,2,0,0,30,0,0,0,0,331,,1000000,500000,,0,1,0,0,0,0,0,0
49063,14,il_san_shinsho,War-tempered Shinsho,3,0,1,0,46,0,2573,0,2,99,1,5000000,125,360,160,380,-2,-3,4,6000,1500,3,-6,-3,2,0,0,30,0,0,0,0,331,,1000000,500000,,0,1,0,0,0,0,0,0
49064,14,ee_san_shinsho,War-ravaged Shinso,3,0,1,0,46,0,2573,0,2,99,2,5500000,225,460,260,480,-3,-4,5,7000,2000,3,-6,-3,2,0,0,30,0,0,0,0,331,,1000000,500000,,0,1,0,0,0,0,0,0
49065,14,sam_san_shinsho,Blood-stained Shinsho,3,0,1,0,46,0,2573,0,2,99,3,6000000,225,560,260,580,-4,-4,5,8000,2500,3,-6,-3,2,0,0,30,0,0,0,0,331,,1000000,500000,,0,1,0,0,0,0,0,0
49066,14,sa_san_shinsho,Blood-soaked Shinsho,3,0,1,0,46,0,2573,0,2,99,4,6500000,225,660,260,680,-4,-4,5,9000,3000,3,-6,-3,2,0,0,30,0,0,0,0,331,,1000000,500000,,0,1,0,0,0,0,0,0
49067,11,bullwhip,Bullwhip,3,0,1,0,59,0,2360,0,2,99,0,80000,120,200,120,200,-3,3,4,1500,1000,2,1,2,0,3,0,30,0,0,0,0,331,,100000,500000,,0,1,0,0,0,0,0,0
49068,11,enchanted_bullwhip,Enchanted bullwhip,3,0,1,0,59,0,2360,0,2,99,0,160000,130,210,130,210,-4,3,4,3000,2000,2,1,2,0,3,0,30,0,0,0,0,331,,100000,500000,,0,1,0,0,0,0,0,0
49069,11,il_san_bullwhip,Il san bullwhip,3,0,1,0,59,0,2360,0,2,99,1,240000,140,220,140,220,-6,4,5,4500,3000,2,1,2,0,3,0,30,0,0,0,0,331,,1000000,500000,,0,1,0,0,0,0,0,0
49070,11,ee_san_bullwhip,Ee san bullwhip,3,0,1,0,59,0,2360,0,2,99,2,300000,150,240,150,240,-9,5,6,5500,4000,2,1,2,0,3,0,30,0,0,0,0,331,,1000000,500000,,0,1,0,0,0,0,0,0
49071,11,sam_san_bullwhip,Sam san bullwhip,3,0,1,0,59,0,2360,0,2,99,3,400000,160,260,160,260,-10,5,6,7500,5000,2,1,2,0,3,0,30,0,0,0,0,331,,1000000,500000,,0,1,0,0,0,0,0,0
49072,11,sa_san_bullwhip,Sa san bullwhip,3,0,1,0,59,0,2360,0,2,99,4,500000,170,270,170,270,-11,5,6,7500,5000,2,1,2,0,3,0,30,0,0,0,0,331,,1000000,500000,,0,1,0,0,0,0,0,0
49073,15,wilderness_bow,Wilderness bow,3,0,1,0,20045,0,2679,0,2,99,0,80000,120,200,120,200,-10,3,4,1500,1000,2,1,2,0,3,0,30,0,0,0,0,331,,100000,50000,,1,1,0,0,0,0,0,0
49074,15,enchanted_wilderness_bow,Enchanted wilderness bow,3,0,1,0,20045,0,2679,0,2,99,0,160000,130,210,130,210,-12,3,4,3000,2000,2,1,2,0,3,0,60,0,0,0,0,331,,150000,75000,,1,1,0,0,0,0,0,0
49075,15,il_san_wilderness_bow,Il san wilderness bow,3,0,1,0,20045,0,2679,0,2,99,1,240000,140,220,140,220,-14,4,5,4500,3000,2,1,2,0,3,0,90,0,0,0,0,331,,200000,100000,,1,1,0,0,0,0,0,0
49076,15,ee_san_wilderness_bow,Ee san wilderness bow,3,0,1,0,20045,0,2679,0,2,99,2,320000,150,230,150,230,-16,4,5,6000,4000,2,1,2,0,3,0,120,0,0,0,0,331,,250000,125000,,1,1,0,0,0,0,0,0
49077,15,sam_san_wilderness_bow,Sam san wilderness bow,3,0,1,0,20045,0,2679,0,2,99,3,400000,150,240,150,240,-18,5,6,7500,5000,2,1,2,0,3,0,120,0,0,0,0,331,,300000,150000,,1,1,0,0,0,0,0,0
49078,15,sa_san_wilderness_bow,Sa san wilderness bow,3,0,1,0,20045,0,2679,0,2,99,4,480000,150,250,150,250,-20,5,6,9000,6000,2,1,2,0,3,0,120,0,0,0,0,331,,350000,175000,,1,1,0,0,0,0,0,0
49079,19,dakashi_blade,Dakashi Blade,3,0,1,0,35,0,2519,0,2,99,0,80000,120,200,120,200,-3,3,4,1500,1000,2,1,2,2,3,0,30,0,0,0,0,331,,1000000,500000,,0,1,0,0,0,0,0,0
49080,19,enchanted_dakashi_blade,Enchanted dakashi blade,3,0,1,0,35,0,2519,0,2,99,0,160000,130,210,130,210,-4,3,4,3000,2000,2,1,2,2,3,0,30,0,0,0,0,331,,1000000,500000,,0,1,0,0,0,0,0,0
49081,19,il_san_dakashi_blade,Il san dakashi blade,3,0,1,0,35,0,2519,0,2,99,1,240000,140,220,140,220,-6,4,5,4500,3000,2,1,2,2,3,0,30,0,0,0,0,331,,1000000,500000,,0,1,0,0,0,0,0,0
49082,19,ee_san_dakashi_blade,Ee san dakashi blade,3,0,1,0,35,0,2519,0,2,99,2,300000,150,240,150,240,-9,5,6,5500,4000,2,1,2,2,3,0,30,0,0,0,0,331,,1000000,500000,,0,1,0,0,0,0,0,0
49083,19,sam_san_dakashi_blade,Sam san dakashi blade,3,0,1,0,35,0,2519,0,2,99,3,400000,160,260,160,260,-10,5,6,7500,5000,2,1,2,2,3,0,30,0,0,0,0,331,,1000000,500000,,0,1,0,0,0,0,0,0
49084,19,sa_san_dakashi_blade,Sa san dakashi blade,3,0,1,0,35,0,2519,0,2,99,4,500000,170,270,170,270,-11,5,6,7500,5000,2,1,2,2,3,0,30,0,0,0,0,331,,1000000,500000,,0,1,0,0,0,0,0,0
49085,12,hsiao_chu_staff,Hsiao chu staff,3,0,1,0,10026,0,2521,0,2,99,0,60000,10,20,10,20,0,0,0,1000,1000,0,8,2,0,0,0,10,0,0,0,0,331,,150000,75000,,0,1,0,0,0,0,0,0
49086,12,enchanted_hsiao_chu_staff,Enchanted hsiao chu staff,3,0,1,0,10026,0,2521,0,2,99,0,120000,10,20,10,20,0,0,0,5000,4000,0,8,2,0,0,0,10,0,0,0,0,331,,200000,100000,,0,1,0,0,0,0,0,0
49087,12,il_san_hsiao_chu_staff,Il san hsiao chu staff,3,0,1,0,10026,0,2521,0,2,99,1,180000,10,20,10,20,0,0,0,10000,8000,0,8,2,0,0,0,10,0,0,0,0,331,,250000,125000,,0,1,0,0,0,0,0,0
49088,12,ee_san_hsiao_chu_staff,Ee san hsiao chu staff,3,0,1,0,10026,0,2521,0,2,99,2,240000,10,20,10,20,0,0,0,20000,16000,0,8,2,0,0,0,10,0,0,0,0,331,,300000,150000,,0,1,0,0,0,0,0,0
49089,12,sam_san_hsiao_chu_staff,Sam san hsiao chu staff,3,0,1,0,10026,0,2521,0,2,99,3,300000,10,20,10,20,0,0,0,30000,24000,0,8,2,0,0,0,10,0,0,0,0,331,,350000,175000,,0,1,0,0,0,0,0,0
49090,12,sa_san_hsiao_chu_staff,Sa san hsiao chu staff,3,0,1,0,10026,0,2521,0,2,99,4,360000,10,20,10,20,0,0,0,40000,32000,0,8,2,0,0,0,10,0,0,0,0,331,,400000,200000,,0,1,0,0,0,0,0,0
49091,16,staff_of_chi,Staff of chi,3,0,1,0,92,0,803,0,2,99,0,60000,10,20,10,20,0,0,0,1000,1000,0,8,2,0,0,0,10,0,0,0,0,331,,150000,75000,,0,1,0,0,0,0,0,0
49092,16,enchanted_staff_of_chi,Enchanted staff of chi,3,0,1,0,92,0,803,0,2,99,0,120000,10,20,10,20,0,0,0,5000,4000,0,8,2,0,0,0,10,0,0,0,0,331,,200000,100000,,0,1,0,0,0,0,0,0
49093,16,il_san_staff_of_chi,Il san staff of chi,3,0,1,0,92,0,803,0,2,99,1,180000,10,20,10,20,0,0,0,10000,8000,0,8,2,0,0,0,10,0,0,0,0,331,,250000,125000,,0,1,0,0,0,0,0,0
49094,16,ee_san_staff_of_chi,Ee san staff of chi,3,0,1,0,92,0,803,0,2,99,2,240000,10,20,10,20,0,0,0,20000,16000,0,8,2,0,0,0,10,0,0,0,0,331,,300000,150000,,0,1,0,0,0,0,0,0
49095,16,sam_san_staff_of_chi,Sam san staff of chi,3,0,1,0,92,0,803,0,2,99,3,300000,10,20,10,20,0,0,0,30000,24000,0,8,2,0,0,0,10,0,0,0,0,331,,350000,175000,,0,1,0,0,0,0,0,0
49096,16,sa_san_staff_of_chi,Sa san staff of chi,3,0,1,0,92,0,803,0,2,99,4,360000,10,20,10,20,0,0,0,40000,32000,0,8,2,0,0,0,10,0,0,0,0,331,,400000,200000,,0,1,0,0,0,0,0,0
49097,20,yongsang,YongSang,3,0,1,0,71,4,1617,4,2,99,0,60000,10,20,10,20,0,0,0,1000,1000,0,8,2,0,0,0,10,0,0,0,0,331,,150000,75000,,0,1,0,0,0,0,0,0
49098,20,enchanted_yongsang,Enchanted YongSang,3,0,1,0,71,4,1617,4,2,99,0,120000,10,20,10,20,0,0,0,5000,4000,0,8,2,0,0,0,10,0,0,0,0,331,,200000,100000,,0,1,0,0,0,0,0,0
49099,20,il_san_yongsang,Il san YongSang,3,0,1,0,71,4,1617,4,2,99,1,180000,10,20,10,20,0,0,0,10000,8000,0,8,2,0,0,0,10,0,0,0,0,331,,250000,125000,,0,1,0,0,0,0,0,0
49100,20,ee_san_yongsang,Ee san YongSang,3,0,1,0,71,4,1617,4,2,99,2,240000,10,20,10,20,0,0,0,20000,16000,0,8,2,0,0,0,10,0,0,0,0,331,,300000,150000,,0,1,0,0,0,0,0,0
49101,20,sam_san_yongsang,Sam san YongSang,3,0,1,0,71,4,1617,4,2,99,3,300000,10,20,10,20,0,0,0,30000,24000,0,8,2,0,0,0,10,0,0,0,0,331,,350000,175000,,0,1,0,0,0,0,0,0
49102,20,sa_san_yongsang,Sa san YongSang,3,0,1,0,71,4,1617,4,2,99,4,360000,10,20,10,20,0,0,0,40000,32000,0,8,2,0,0,0,10,0,0,0,0,331,,400000,200000,,0,1,0,0,0,0,0,0
49103,13,tree_branch,Tree branch,3,0,1,0,15,0,723,0,2,99,0,50000,10,15,10,15,0,0,0,1000,1200,0,10,4,0,60,0,10,0,0,0,0,331,,150000,75000,,0,1,0,0,0,0,0,0
49104,13,enchanted_tree_branch,Enchanted tree branch,3,0,1,0,15,0,723,0,2,99,0,100000,10,15,10,15,0,0,0,2000,2400,0,10,4,0,60,0,10,0,0,0,0,331,,200000,100000,,0,1,0,0,0,0,0,0
49105,13,il_san_tree_branch,Il san tree branch,3,0,1,0,15,0,723,0,2,99,1,150000,10,15,10,15,0,0,0,6000,3600,0,10,4,0,60,0,10,0,0,0,0,331,,250000,125000,,0,1,0,0,0,0,0,0
49106,13,ee_san_tree_branch,Ee san tree branch,3,0,1,0,15,0,723,0,2,99,2,200000,10,15,10,15,0,0,0,8000,4800,0,10,4,0,60,0,10,0,0,0,0,331,,300000,150000,,0,1,0,0,0,0,0,0
49107,13,sam_san_tree_branch,Sam san tree branch,3,0,1,0,15,0,723,0,2,99,3,250000,10,15,10,15,0,0,0,12000,5000,0,10,4,0,60,0,10,0,0,0,0,331,,350000,175000,,0,1,0,0,0,0,0,0
49108,13,sa_san_tree_branch,Sa san tree branch,3,0,1,0,15,0,723,0,2,99,4,300000,10,15,10,15,0,0,0,16000,6200,0,10,4,0,60,0,10,0,0,0,0,331,,400000,200000,,0,1,0,0,0,0,0,0
49109,17,destiny_spear,Destiny spear,3,0,1,0,10008,0,653,0,2,99,0,50000,20,40,30,60,-10,1,1,2000,1000,5,0,0,0,0,0,0,0,0,0,0,331,,150000,75000,,0,1,0,0,0,0,0,0
49110,17,enchanted_destiny_spear,Enchanted destiny spear,3,0,1,0,10008,0,653,0,2,99,0,100000,20,40,30,60,-10,1,1,5000,1500,5,0,0,0,0,0,0,0,0,0,0,331,,200000,100000,,0,1,0,0,0,0,0,0
49111,17,il_san_destiny_spear,Il san destiny spear,3,0,1,0,10008,0,653,0,2,99,1,150000,20,40,30,60,-10,1,1,10000,2000,5,0,0,0,0,0,0,0,0,0,0,331,,250000,125000,,0,1,0,0,0,0,0,0
49112,17,ee_san_destiny_spear,Ee san destiny spear,3,0,1,0,10008,0,653,0,2,99,2,200000,20,40,30,60,-10,1,1,15000,2500,5,0,0,0,0,0,0,0,0,0,0,331,,300000,150000,,0,1,0,0,0,0,0,0
49113,17,sam_san_destiny_spear,Sam san destiny spear,3,0,1,0,10008,0,653,0,2,99,3,250000,20,40,30,60,-10,1,1,20000,3000,5,0,0,0,0,0,0,0,0,0,0,331,,350000,175000,,0,1,0,0,0,0,0,0
49114,17,sa_san_destiny_spear,Sa san destiny spear,3,0,1,0,10008,0,653,0,2,99,4,300000,20,40,30,60,-10,1,1,25000,3500,5,0,0,0,0,0,0,0,0,0,0,331,,400000,200000,,0,1,0,0,0,0,0,0
49115,21,aureate_aspiration,Aureate Aspiration,3,0,1,0,10014,0,1616,0,2,99,0,50000,20,40,30,60,-10,1,1,1000,1500,0,0,5,0,0,0,20,0,0,0,0,331,,150000,75000,,0,1,0,0,0,0,0,0
49116,21,enchanted_aureate_aspiration,Enchanted Aureate,3,0,1,0,10014,0,1616,0,2,99,0,100000,20,40,30,60,-10,1,1,2000,2500,0,0,5,0,0,0,20,0,0,0,0,331,,200000,100000,,0,1,0,0,0,0,0,0
49117,21,il_san_aureate_aspiration,Glistening Aureate,3,0,1,0,10014,0,1616,0,2,99,1,150000,20,40,30,60,-10,1,1,4000,5000,0,0,5,0,0,0,20,0,0,0,0,331,,250000,125000,,0,1,0,0,0,0,0,0
49118,21,ee_san_aureate_aspiration,Lucent Aureate Aspiration,3,0,1,0,10014,0,1616,0,2,99,2,200000,20,40,30,60,-10,1,1,5000,7500,0,0,5,0,0,0,20,0,0,0,0,331,,300000,150000,,0,1,0,0,0,0,0,0
49119,21,sam_san_aureate_aspiration,Ardent Aureate Aspiration,3,0,1,0,10014,0,1616,0,2,99,3,250000,20,40,30,60,-10,1,1,6000,10000,0,0,5,0,0,0,20,0,0,0,0,331,,350000,175000,,0,1,0,0,0,0,0,0
49120,21,sa_san_aureate_aspiration,Scintillating Aureate,3,0,1,0,10014,0,1616,0,2,99,4,300000,20,40,30,60,-10,1,1,8000,12500,0,0,5,0,0,0,20,0,0,0,0,331,,400000,200000,,0,1,0,0,0,0,0,0
49121,21,musical_charm,Musical charm,6,0,1,0,0,0,57,0,2,99,0,60000,0,0,0,0,0,0,0,1500,750,0,3,0,0,3,0,1,0,0,0,0,331,,100000,50000,,0,0,1,0,0,1,0,0
49122,21,enchanted_musical_charm,Enchanted musical charm,6,0,1,0,0,0,57,0,2,99,0,120000,0,0,0,0,0,0,0,3000,1500,0,3,0,0,3,0,1,0,0,0,0,331,,150000,75000,,0,0,1,0,0,1,0,0
49123,21,il_san_musical_charm,Il san musical charm,6,0,1,0,0,0,57,0,2,99,1,180000,0,0,0,0,0,0,0,6000,2250,0,3,0,0,3,0,1,0,0,0,0,331,,200000,100000,,0,0,1,0,0,1,0,0
49124,21,ee_san_musical_charm,Ee san musical charm,6,0,1,0,0,0,57,0,2,99,2,240000,0,0,0,0,0,0,0,12000,3000,0,3,0,0,3,0,1,0,0,0,0,331,,250000,125000,,0,0,1,0,0,1,0,0
49125,21,sam_san_musical_charm,Sam san musical charm,6,0,1,0,0,0,57,0,2,99,3,300000,0,0,0,0,0,0,0,18000,3750,0,3,0,0,3,0,1,0,0,0,0,331,,300000,150000,,0,0,1,0,0,1,0,0
49126,21,sa_san_musical_charm,Sa san musical charm,6,0,1,0,0,0,57,0,2,99,4,360000,0,0,0,0,0,0,0,24000,4500,0,3,0,0,3,0,1,0,0,0,0,331,,350000,175000,,0,0,1,0,0,1,0,0
49127,0,,,3,0,1,0,0,0,0,0,2,0,0,1000000,0,0,0,0,0,0,0,0,0,0,0,0,0,0,0,0,0,0,0,0,331,,0,0,,0,0,1,0,0,0,0,0
49128,0,,,3,0,1,0,0,0,0,0,2,0,0,1000000,0,0,0,0,0,0,0,0,0,0,0,0,0,0,0,0,0,0,0,0,331,,0,0,,0,0,1,0,0,0,0,0
49129,0,,,0,0,1,0,0,0,0,0,2,0,0,1000000,0,0,0,0,0,0,0,0,0,0,0,0,0,0,0,0,0,0,0,0,331,,0,0,,0,0,1,0,0,0,0,0
49130,0,,,0,0,1,0,0,0,0,0,2,0,0,1000000,0,0,0,0,0,0,0,0,0,0,0,0,0,0,0,0,0,0,0,0,331,,0,0,,0,0,1,0,0,0,0,0
49131,0,,,0,0,1,0,0,0,0,0,2,0,0,1000000,0,0,0,0,0,0,0,0,0,0,0,0,0,0,0,0,0,0,0,0,331,,0,0,,0,0,1,0,0,0,0,0
49132,0,,,0,0,1,0,0,0,0,0,2,0,0,1000000,0,0,0,0,0,0,0,0,0,0,0,0,0,0,0,0,0,0,0,0,331,,0,0,,0,0,1,0,0,0,0,0
49133,0,,,0,0,1,0,0,0,0,0,2,0,0,1000000,0,0,0,0,0,0,0,0,0,0,0,0,0,0,0,0,0,0,0,0,331,,0,0,,0,0,1,0,0,0,0,0
49134,0,,,0,0,1,0,0,0,0,0,2,0,0,1000000,0,0,0,0,0,0,0,0,0,0,0,0,0,0,0,0,0,0,0,0,331,,0,0,,0,0,1,0,0,0,0,0
49135,0,,,0,0,1,0,0,0,0,0,2,0,0,1000000,0,0,0,0,0,0,0,0,0,0,0,0,0,0,0,0,0,0,0,0,331,,0,0,,0,0,1,0,0,0,0,0
49136,0,,,0,0,1,0,0,0,0,0,2,0,0,1000000,0,0,0,0,0,0,0,0,0,0,0,0,0,0,0,0,0,0,0,0,331,,0,0,,0,0,1,0,0,0,0,0
49137,0,,,0,0,1,0,0,0,0,0,2,0,0,1000000,0,0,0,0,0,0,0,0,0,0,0,0,0,0,0,0,0,0,0,0,331,,0,0,,0,0,1,0,0,0,0,0
49138,0,,,0,0,1,0,0,0,0,0,2,0,0,1000000,0,0,0,0,0,0,0,0,0,0,0,0,0,0,0,0,0,0,0,0,331,,0,0,,0,0,1,0,0,0,0,0
50000,0,==BOWS===,===BOWS===,0,0,1,0,0,0,0,0,2,0,0,1000000,0,0,0,0,0,0,0,0,0,0,0,0,0,0,0,0,0,0,0,0,331,,0,0,,0,0,1,0,0,0,0,0
50001,0,spring_bow,Spring bow,3,0,1,0,20002,1,4,0,2,8,0,500,1,5,1,5,0,0,0,0,0,0,0,0,0,0,0,0,0,0,0,0,331,,1000,500,Peasant level 8,0,1,1,0,0,0,0,0
50002,0,molghi_bow,Molghi bow,3,0,1,0,20059,1,3011,1,2,10,0,100000,10,20,10,20,-2,0,0,0,0,0,0,0,0,0,0,0,0,0,0,0,331,,30000,15000,,0,1,1,0,0,0,0,0
50003,0,,,0,0,1,0,0,0,0,0,2,0,0,1000000,0,0,0,0,0,0,0,0,0,0,0,0,0,0,0,0,0,0,0,0,331,,0,0,,0,0,1,0,0,0,0,0
50500,0,===QUIVERS===,===QUIVERS=====,0,0,1,0,0,0,0,0,2,0,0,1000000,0,0,0,0,0,0,0,0,0,0,0,0,0,0,0,0,0,0,0,0,331,,0,0,,0,0,1,0,0,0,0,0
50501,0,spring_quiver,Spring quiver,2,0,1,0,0,0,312,0,2,0,0,6,0,0,0,0,0,0,0,0,0,0,0,0,0,0,0,0,0,0,0,0,331,,20,0,,0,0,1,0,0,0,0,0
50502,0,summer_quiver,Summer quiver,2,0,1,0,0,0,312,0,2,0,0,6,0,0,0,0,0,0,0,0,0,0,0,0,0,0,0,0,0,0,0,0,331,,20,0,,0,0,1,0,0,0,0,0
50503,0,autumn_quiver,Autumn quiver,2,0,1,0,0,0,312,0,2,0,0,6,0,0,0,0,0,0,0,0,0,0,0,0,0,0,0,0,0,0,0,0,331,,50,0,,0,0,1,0,0,0,0,0
50504,0,winter_quiver,Winter quiver,2,0,1,0,0,0,312,0,2,0,0,6,0,0,0,0,0,0,0,0,0,0,0,0,0,0,0,0,0,0,0,0,331,,150,0,,0,0,1,0,0,0,0,0
50505,0,ancient_quiver,Ancient quiver,2,0,1,0,0,0,312,0,2,0,0,6,0,0,0,0,0,0,0,0,0,0,0,0,0,0,0,0,0,0,0,0,331,,400,0,,0,0,1,0,0,0,0,0
50506,0,blood_quiver,Blood quiver,2,0,1,0,0,0,312,0,2,0,0,6,0,0,0,0,0,0,0,0,0,0,0,0,0,0,0,0,0,0,0,0,331,,1000,0,,0,0,1,0,0,0,0,0
50507,0,earth_quiver,Earth quiver,2,0,1,0,0,0,312,0,2,0,0,6,0,0,0,0,0,0,0,0,0,0,0,0,0,0,0,0,0,0,0,0,331,,2400,0,,0,0,1,0,0,0,0,0
50508,0,long_sheath,Long sheath,2,0,1,0,0,0,312,0,2,0,0,1000000,0,0,0,0,0,0,0,0,0,0,0,0,0,0,0,0,0,0,0,0,331,,600,0,,0,0,1,0,0,0,0,0
50509,0,,,0,0,1,0,0,0,0,0,2,0,0,1000000,0,0,0,0,0,0,0,0,0,0,0,0,0,0,0,0,0,0,0,0,331,,0,0,,0,0,1,0,0,0,0,0
50510,0,,,0,0,1,0,0,0,0,0,2,0,0,1000000,0,0,0,0,0,0,0,0,0,0,0,0,0,0,0,0,0,0,0,0,331,,0,0,,0,0,1,0,0,0,0,0
50511,0,,,0,0,1,0,0,0,0,0,2,0,0,1000000,0,0,0,0,0,0,0,0,0,0,0,0,0,0,0,0,0,0,0,0,331,,0,0,,0,0,1,0,0,0,0,0
50512,0,,,0,0,1,0,0,0,0,0,2,0,0,1000000,0,0,0,0,0,0,0,0,0,0,0,0,0,0,0,0,0,0,0,0,331,,0,0,,0,0,1,0,0,0,0,0
50600,0,===DARTS===,===DARTS===,0,0,1,0,0,0,0,0,2,0,0,1000000,0,0,0,0,0,0,0,0,0,0,0,0,0,0,0,0,0,0,0,0,331,,0,0,,0,0,1,0,0,0,0,0
50601,2,spring_dart,Spring dart,2,0,1,0,0,0,312,0,2,5,0,6,50,100,100,200,0,0,0,0,0,0,0,0,0,0,0,0,0,0,0,0,331,,100,50,,0,0,1,0,0,0,0,0
50602,2,summer_dart,Summer dart,2,0,1,0,0,0,312,0,2,10,0,6,100,150,100,200,0,0,0,0,0,0,0,0,0,0,0,0,0,0,0,0,331,,100,50,,0,0,1,0,0,0,0,0
50603,2,autumn_dart,Autumn dart,2,0,1,0,0,0,312,0,2,20,0,6,200,400,200,400,0,0,0,0,0,0,0,0,0,0,0,0,0,0,0,0,331,,100,50,,0,0,1,0,0,0,0,0
50604,2,winter_dart,Winter dart,2,0,1,0,0,0,312,0,2,30,0,6,400,600,400,800,0,0,0,0,0,0,0,0,0,0,0,0,0,0,0,0,331,,100,50,,0,0,1,0,0,0,0,0
50605,2,ancient_dart,Ancient dart,2,0,1,0,0,0,312,0,2,40,0,6,500,1200,800,2000,0,0,0,0,0,0,0,0,0,0,0,0,0,0,0,0,331,,100,50,,0,0,1,0,0,0,0,0
50606,2,blood_dart,Blood dart,2,0,1,0,0,0,312,0,2,50,0,6,600,2400,2000,5000,0,0,0,0,0,0,0,0,0,0,0,0,0,0,0,0,331,,100,50,,0,0,1,0,0,0,0,0
50607,2,earth_dart,Earth dart,2,0,1,0,0,0,312,0,2,60,0,6,700,4000,3000,7000,0,0,0,0,0,0,0,0,0,0,0,0,0,0,0,0,331,,100,50,,0,0,1,0,0,0,0,0
50608,2,star_dart,Star dart,2,0,1,0,0,0,312,0,2,70,0,6,1000,7000,5000,12000,0,0,0,0,0,0,0,0,0,0,0,0,0,0,0,0,331,,100,50,,0,0,1,0,0,0,0,0
50609,0,,,0,0,1,0,0,0,0,0,2,0,0,1000000,0,0,0,0,0,0,0,0,0,0,0,0,0,0,0,0,0,0,0,0,331,,0,0,,0,0,1,0,0,0,0,0
51000,0,====SHIELDS====,===SHIELDS===,0,0,1,0,0,0,0,0,2,0,0,1000000,0,0,0,0,0,0,0,0,0,0,0,0,0,0,0,0,0,0,0,0,331,,0,0,,0,0,1,0,0,0,0,0
51001,1,nagnang_shield,Nagnang shield,5,0,1,0,0,0,897,0,2,11,0,200000,0,0,0,0,-5,0,0,0,0,0,0,-2,2,0,0,0,0,0,0,0,331,,20000,10000,,0,1,1,0,0,1,0,0
51002,1,tall_shield,Tall shield,5,0,1,0,0,0,897,0,2,11,0,300000,0,0,0,0,-5,0,0,0,0,0,0,-2,2,0,0,0,0,0,0,0,331,,20000,10000,,0,1,1,0,0,0,0,0
51003,1,bamboo_shield,Bamboo shield,5,0,1,0,11,0,1112,0,2,69,0,300000,0,0,0,0,-5,0,0,500,0,0,0,-1,1,1,0,0,0,0,0,0,331,,20000,10000,,0,1,1,0,0,0,0,0
51004,1,steel_shield,Steel shield,5,0,1,0,8,0,1109,0,2,97,0,300000,0,0,0,0,-6,0,0,1000,0,0,0,-4,2,2,0,0,0,0,0,0,331,,20000,10000,,0,1,1,0,0,0,0,0
51005,1,hide_shield,Hide shield,5,0,1,0,9,0,1110,0,2,99,1,300000,0,0,0,0,-7,0,0,2000,0,0,0,-3,3,3,0,0,0,0,0,0,331,,20000,10000,,0,1,1,0,0,0,0,0
51006,1,brass_shield,Brass shield,5,0,1,0,3,0,1106,0,2,99,2,300000,0,0,0,0,-8,0,0,4000,0,0,0,-3,4,4,0,0,0,0,0,0,331,,20000,10000,,0,1,1,0,0,0,0,0
51007,1,titanium_shield,Titanium shield,5,0,1,0,2,0,1105,0,2,99,3,300000,0,0,0,0,-9,0,0,8000,0,0,0,0,5,5,0,0,0,0,0,0,331,,20000,10000,,0,1,1,0,0,0,0,0
51008,1,noble_shield,Noble shield,5,0,1,0,10,0,1111,0,2,99,4,300000,0,0,0,0,-10,0,0,16000,0,0,0,-4,6,6,0,0,0,0,0,0,331,,20000,10000,,0,1,1,0,0,0,0,0
51009,2,light_buckler,Light buckler,5,0,1,0,1,2,898,2,2,69,0,300000,0,0,0,0,-3,0,0,250,250,0,0,-2,1,1,0,0,0,0,0,0,331,,20000,10000,,0,1,1,0,0,0,0,0
51010,2,basic_buckler,Basic buckler,5,0,1,0,1,1,898,1,2,97,0,300000,0,0,0,0,-4,0,0,500,500,0,0,-2,2,2,0,0,0,0,0,0,331,,20000,10000,,0,1,1,0,0,0,0,0
51011,2,heavy_buckler,Heavy buckler,5,0,1,0,1,0,898,0,2,99,1,300000,0,0,0,0,-5,0,0,1000,1000,0,0,-2,3,3,0,0,0,0,0,0,331,,20000,10000,,0,1,1,0,0,0,0,0
51012,2,amber_buckler,Amber buckler,5,0,1,0,7,0,1107,0,2,99,2,300000,0,0,0,0,-6,0,0,2000,2000,0,0,-2,4,4,0,0,0,0,0,0,331,,20000,10000,,0,1,1,0,0,0,0,0
51013,2,enchanted_buckler,Enchanted buckler,5,0,1,0,7,1,1107,1,2,99,3,300000,0,0,0,0,-7,0,0,4000,4000,0,0,-1,5,0,0,0,0,0,0,0,331,,20000,10000,,0,1,1,0,0,0,0,0
51014,2,mystic buckler,Mystic buckler,5,0,1,0,7,0,2337,0,2,99,4,300000,0,0,0,0,-8,0,0,8000,8000,0,0,-2,6,6,0,0,0,0,0,0,331,,20000,10000,,0,1,1,0,0,0,0,0
51015,3,magic_ward,Magic ward,5,0,1,0,5,1,1163,1,2,69,0,300000,0,0,0,0,-1,0,0,0,500,0,2,-5,1,1,0,0,0,0,0,0,331,,20000,10000,,0,1,1,0,0,0,0,0
51016,3,mages_ward,Mage\'s ward,5,0,1,0,5,2,1163,2,2,97,0,300000,0,0,0,0,-2,0,0,0,1000,0,3,-6,2,2,0,0,0,0,0,0,331,,20000,10000,,0,1,1,0,0,0,0,0
51017,3,enchanted_ward,Enchanted ward,5,0,1,0,5,0,1163,0,2,99,1,300000,0,0,0,0,-3,0,0,0,2000,0,4,-7,3,3,0,0,0,0,0,0,331,,20000,10000,,0,1,1,0,0,0,0,0
51018,3,conjurers_ward,Conjurer\'s ward,5,0,1,0,6,2,1162,2,2,99,2,300000,0,0,0,0,-4,0,0,0,4000,0,5,-8,4,4,0,0,0,0,0,0,331,,20000,10000,,0,1,1,0,0,0,0,0
51019,3,mysticism_ward,Mysticism ward,5,0,1,0,6,1,1162,1,2,99,3,300000,0,0,0,0,-5,0,0,0,8000,0,6,-9,5,5,0,0,0,0,0,0,331,,20000,10000,,0,1,1,0,0,0,0,0
51020,3,masters_ward,Master\'s ward,5,0,1,0,6,0,1162,0,2,99,4,300000,0,0,0,0,-6,0,0,0,16000,0,7,-10,6,6,0,0,0,0,0,0,331,,20000,10000,,0,1,1,0,0,0,0,0
51021,4,nature_charm,Nature charm,5,0,1,0,4,0,1320,0,2,69,0,300000,0,0,0,0,-1,0,0,125,250,0,1,-1,0,2,0,0,0,0,0,0,331,,20000,10000,,0,1,1,0,0,0,0,0
51022,4,soul_charm,Soul charm,5,0,1,0,4,0,1320,0,2,97,0,300000,0,0,0,0,-2,0,0,250,500,0,2,-1,0,4,0,0,0,0,0,0,331,,20000,10000,,0,1,1,0,0,0,0,0
51023,4,spirit_charm,Spirit charm,5,0,1,0,4,0,1321,0,2,99,1,300000,0,0,0,0,-3,0,0,500,1000,0,3,-1,0,6,0,0,0,0,0,0,331,,20000,10000,,0,1,1,0,0,0,0,0
51024,4,love_charm,Love charm,5,0,1,0,4,0,1323,0,2,99,2,300000,0,0,0,0,-4,0,0,1000,2000,0,4,-1,0,5,0,0,0,0,0,0,331,,20000,10000,,0,1,1,0,0,0,0,0
51025,4,life_charm,Life charm,5,0,1,0,4,0,1319,0,2,99,3,300000,0,0,0,0,-5,0,0,2000,4000,0,5,-1,0,9,0,0,0,0,0,0,331,,20000,10000,,0,1,1,0,0,0,0,0
51026,4,immortality_charm,Immortality charm,5,0,1,0,4,22,1322,0,2,99,4,300000,0,0,0,0,-6,0,0,4000,8000,0,6,-1,0,10,0,0,0,0,0,0,331,,20000,10000,,0,1,1,0,0,0,0,0
51027,14,honor_shield,Honor shield,5,0,1,0,12,0,1113,0,2,99,0,300000,0,0,0,0,-6,0,0,2000,0,0,1,-5,0,0,0,0,0,0,0,0,331,,100000,50000,,0,1,1,0,0,0,0,0
51028,14,enchanted_honor_shield,Enchanted honor shield,5,0,1,0,12,0,1113,0,2,99,0,1000000,0,0,0,0,-6,0,0,4000,0,0,1,-5,0,0,0,0,0,0,0,0,331,,110000,55000,,0,1,1,0,0,0,0,0
51029,14,il_san_honor_shield,Il san honor shield,5,0,1,0,12,0,1113,0,2,99,1,1000000,0,0,0,0,-6,0,0,6000,0,0,1,-5,0,0,0,0,0,0,0,0,331,,120000,60000,,0,1,1,0,0,0,0,0
51030,14,ee_san_honor_shield,Ee san honor shield,5,0,1,0,12,0,1113,0,2,99,2,3000000,0,0,0,0,-6,0,0,10000,0,0,1,-5,0,0,0,0,0,0,0,0,331,,130000,65000,,0,1,1,0,0,0,0,0
51031,14,sam_san_honor_shield,Sam san honor shield,5,0,1,0,12,0,1113,0,2,99,3,3500000,0,0,0,0,-6,0,0,14000,0,0,1,-5,0,0,0,0,0,0,0,0,331,,140000,70000,,0,1,1,0,0,0,0,0
51032,14,sa_san_honor_shield,Sa san honor shield,5,0,1,0,12,0,1113,0,2,99,4,4000000,0,0,0,0,-6,0,0,18000,0,0,1,-5,0,0,0,0,0,0,0,0,331,,150000,75000,,0,1,1,0,0,0,0,0
51500,14,doug_shield,Doug,5,0,1,0,1,0,1320,0,2,99,0,4000000,0,0,0,0,0,0,0,0,0,0,0,0,0,0,0,0,0,0,0,0,331,,150000,75000,,0,1,1,0,0,0,0,0
52000,0,===COATS===,===COATS===,0,0,1,0,0,0,0,0,2,0,0,1000000,0,0,0,0,0,0,0,0,0,0,0,0,0,0,0,0,0,0,0,0,331,,0,0,,0,0,1,0,0,0,0,0
52001,0,coat_scale_mail,Scalemail,16,0,1,0,210,0,120,0,0,20,0,100000,0,0,0,0,0,0,0,0,0,0,0,0,0,0,0,0,0,0,0,0,331,,1000,500,,0,1,1,0,0,0,0,0
52002,0,coat_war_platemail,Platemail,16,0,1,0,12,0,139,0,0,20,0,100000,0,0,0,0,0,0,0,0,0,0,0,0,0,0,0,0,0,0,0,0,331,,1000,500,,0,1,1,0,0,0,0,0
52003,0,coat_scale_dress,Scale Dress,16,0,1,0,211,0,180,0,1,20,0,100000,0,0,0,0,0,0,0,0,0,0,0,0,0,0,0,0,0,0,0,0,331,,1000,500,,0,1,1,0,0,0,0,0
52004,0,coat_war_dress,War Dress,16,0,1,0,13,0,199,0,1,20,0,100000,0,0,0,0,0,0,0,0,0,0,0,0,0,0,0,0,0,0,0,0,331,,1000,500,,0,1,1,0,0,0,0,0
52005,0,coat_waistcoat,Waistcoat,16,0,1,0,2,0,89,0,0,20,0,100000,0,0,0,0,0,0,0,0,0,0,0,0,0,0,0,0,0,0,0,0,331,,1000,500,,0,1,1,0,0,0,0,0
52006,0,coat_blouse,Blouse,16,0,1,0,7,0,159,0,1,20,0,100000,0,0,0,0,0,0,0,0,0,0,0,0,0,0,0,0,0,0,0,0,331,,1000,500,,0,1,1,0,0,0,0,0
52007,0,coat_armor,Armor,16,0,1,0,4,0,109,0,0,20,0,100000,0,0,0,0,0,0,0,0,0,0,0,0,0,0,0,0,0,0,0,0,331,,1000,500,,0,1,1,0,0,0,0,0
52008,0,coat_armor_dress,Armor Dress,16,0,1,0,8,0,169,0,1,20,0,100000,0,0,0,0,0,0,0,0,0,0,0,0,0,0,0,0,0,0,0,0,331,,1000,500,,0,1,1,0,0,0,0,0
52009,0,coat_garb,Garb,16,0,1,0,3,0,99,0,0,20,0,100000,0,0,0,0,0,0,0,0,0,0,0,0,0,0,0,0,0,0,0,0,331,,1000,500,,0,1,1,0,0,0,0,0
52010,0,coat_dress,Dress,16,0,1,0,6,0,149,0,1,20,0,100000,0,0,0,0,0,0,0,0,0,0,0,0,0,0,0,0,0,0,0,0,331,,1000,500,,0,1,1,0,0,0,0,0
52011,0,coat_skirt,Skirt,16,0,1,0,11,0,189,0,1,20,0,100000,0,0,0,0,0,0,0,0,0,0,0,0,0,0,0,0,0,0,0,0,331,,1000,500,,0,1,1,0,0,0,0,0
52012,0,coat_clothes,Clothes,16,0,1,0,10,0,129,0,0,20,0,100000,0,0,0,0,0,0,0,0,0,0,0,0,0,0,0,0,0,0,0,0,331,,1000,500,,0,1,1,0,0,0,0,0
52013,0,coat_robes,Robes,16,0,1,0,20,0,469,0,0,20,0,100000,0,0,0,0,0,0,0,0,0,0,0,0,0,0,0,0,0,0,0,0,331,,1000,500,,0,1,1,0,0,0,0,0
52014,0,coat_gown,Gown,16,0,1,0,18,0,450,0,1,20,0,100000,0,0,0,0,0,0,0,0,0,0,0,0,0,0,0,0,0,0,0,0,331,,1000,500,,0,1,1,0,0,0,0,0
52015,0,coat_mantle,Mantle,16,0,1,0,21,0,491,0,0,20,0,100000,0,0,0,0,0,0,0,0,0,0,0,0,0,0,0,0,0,0,0,0,331,,1000,500,,0,1,1,0,0,0,0,0
52016,0,coat_drapery,Drapery,16,0,1,0,27,0,581,0,1,20,0,100000,0,0,0,0,0,0,0,0,0,0,0,0,0,0,0,0,0,0,0,0,331,,1000,500,,0,1,1,0,0,0,0,0
52017,0,coat_heavy_plate,Heavy Plate,16,0,1,0,32,0,521,0,2,20,0,100000,0,0,0,0,0,0,0,0,0,0,0,0,0,0,0,0,0,0,0,0,331,,1000,500,,0,1,1,0,0,0,0,0
52018,0,,,0,0,1,0,0,0,0,0,2,0,0,1000000,0,0,0,0,0,0,0,0,0,0,0,0,0,0,0,0,0,0,0,0,331,,0,0,,0,0,1,0,0,0,0,0
55000,0,====PC SUBPATH ITEMS===,====PC SUBPATH ITEMS===,0,0,1,0,0,0,0,0,2,0,0,1000000,0,0,0,0,0,0,0,0,0,0,0,0,0,0,0,0,0,0,0,0,331,,20000,10000,,0,0,1,0,0,0,0,0
55001,0,barbarian_brew,Barbarian brew,18,0,1,0,0,0,733,1,2,0,0,100,0,0,0,0,0,0,0,0,0,0,0,0,0,0,0,0,0,0,0,0,331,,100,0,,0,0,1,0,0,0,0,0
55002,0,bottle_of_rage,Bottle of rage,18,0,1,0,0,0,734,0,2,0,0,100,0,0,0,0,0,0,0,0,0,0,0,0,0,0,0,0,0,0,0,0,331,,0,0,,0,0,1,0,0,0,0,0
55003,0,,,0,0,1,0,0,0,0,0,2,0,0,1000000,0,0,0,0,0,0,0,0,0,0,0,0,0,0,0,0,0,0,0,0,331,,0,0,,0,0,1,0,0,0,0,0
55004,0,,,0,0,1,0,0,0,0,0,2,0,0,1000000,0,0,0,0,0,0,0,0,0,0,0,0,0,0,0,0,0,0,0,0,331,,0,0,,0,0,1,0,0,0,0,0
55500,0,===PC SUBPATH,HELM(ET)S===,0,0,1,0,0,0,0,0,2,0,0,1000000,0,0,0,0,0,0,0,0,0,0,0,0,0,0,0,0,0,0,0,0,331,,0,0,,0,0,1,0,0,0,0,0
55501,10,tiger_skull_helm,Tiger skull helm,6,0,1,0,35,27,1650,0,2,0,0,30000,0,0,0,0,-10,0,0,0,0,0,0,0,0,0,0,1,0,0,0,0,331,,10000,5000,,0,1,1,0,0,0,0,0
55502,14,war_helm,War helm,6,0,1,0,19,0,1225,0,2,20,0,30000,0,0,0,0,-10,0,0,0,0,0,0,0,0,0,0,0,0,0,0,0,331,,10000,5000,,0,1,1,0,0,0,0,0
55503,18,do_headband,Do headband,6,0,1,0,108,3,704,11,2,0,0,6000,0,0,0,0,-5,0,0,0,0,0,0,0,0,14,0,0,0,0,0,0,331,,1000,500,,0,1,1,0,0,0,0,0
55504,18,kabuto,Kabuto,6,0,1,0,7,3,265,10,2,40,0,30000,0,0,0,0,-10,0,0,0,0,0,0,0,2,22,0,0,0,0,0,0,331,,10000,5000,,0,1,1,0,0,0,0,0
55505,18,honor_laurel,Honor laurel,6,0,1,0,0,0,2052,22,2,0,0,6000,0,0,0,0,-5,0,0,0,0,0,0,0,0,14,0,0,0,0,0,0,331,,500,250,,0,1,1,0,0,0,0,0
55506,15,hooded_cloak,Hooded cloak,6,0,1,0,0,0,1751,0,2,50,0,30000,0,0,0,0,-10,0,0,0,0,0,0,3,1,0,0,0,0,0,0,0,331,,30000,15000,,0,1,1,0,0,0,0,0
55507,12,chung_fu,Chung Fu,6,0,1,0,-1,0,1654,0,2,0,0,30000,0,0,0,0,-10,0,0,0,0,0,0,0,0,20,0,0,0,0,0,0,331,,10000,5000,,0,1,1,0,0,0,0,0
55508,16,elemental_orbs,Elemental Orbs,6,0,1,0,-1,0,1709,0,2,50,0,15000,0,0,0,0,-10,0,0,-500,-500,8,8,8,8,8,0,0,0,0,0,0,331,,20000,10000,,0,1,1,0,0,0,0,0
55509,16,helmet_of_balance,Helmet of Balance,6,0,1,0,-1,0,1717,0,2,50,0,30000,0,0,0,0,-11,0,0,100,-100,-5,5,-5,0,20,0,0,0,0,0,0,331,,20000,10000,,0,1,1,0,0,0,0,0
55510,20,mog_urs_mask,Mog-Ur\'s Mask,6,0,1,0,0,0,1762,0,2,0,0,30000,0,0,0,0,-10,0,0,0,0,0,0,0,0,0,0,0,0,0,0,0,331,,10000,5000,,0,1,1,0,0,0,0,0
56000,0,===PC SUBPATH,HAND ITEMS===,0,0,1,0,0,0,0,0,2,0,0,1000000,0,0,0,0,0,0,0,0,0,0,0,0,0,0,0,0,0,0,0,0,331,,0,0,,0,0,1,0,0,0,0,0
56001,10,savage_gauntlet,Savage gauntlet,7,0,1,0,0,0,712,9,2,50,0,600000,0,0,0,0,-6,3,3,400,-300,1,0,-1,4,0,0,0,0,0,0,0,331,,50000,25000,,0,1,1,0,0,0,0,0
56002,10,enchanted_savage_gauntlet,Enchanted savage gauntlet,7,0,1,0,0,0,712,9,2,99,0,700000,0,0,0,0,-7,4,4,600,-500,2,0,-2,4,0,0,0,0,0,0,0,331,,100000,50000,,0,1,1,0,0,0,0,0
56003,10,il_san_savage_gauntlet,Il san savage gauntlet,7,0,1,0,0,0,712,9,2,99,1,800000,0,0,0,0,-8,5,5,800,-700,3,0,-3,4,0,0,0,0,0,0,0,331,,150000,75000,,0,1,1,0,0,0,0,0
56004,10,ee_san_savage_gauntlet,Ee san savage gauntlet,7,0,1,0,0,0,712,9,2,99,2,900000,0,0,0,0,-9,6,6,1000,-900,4,0,-4,4,0,0,0,0,0,0,0,331,,200000,100000,,0,1,1,0,0,0,0,0
56005,10,sam_san_savage_gauntlet,Sam san savage gauntlet,7,0,1,0,0,0,712,9,2,99,3,1000000,0,0,0,0,-10,7,7,1200,-1100,5,0,-5,4,0,0,0,0,0,0,0,331,,250000,125000,,0,1,1,0,0,0,0,0
56006,10,sa_san_savage_gauntlet,Sa san savage gauntlet,7,0,1,0,0,0,712,9,2,99,4,1100000,0,0,0,0,-11,8,8,1400,-1300,6,0,-6,4,0,0,0,0,0,0,0,331,,300000,150000,,0,1,1,0,0,0,0,0
56007,14,silver_glove,Silver glove,7,0,1,0,0,0,1193,0,2,85,0,500000,0,0,0,0,-7,0,5,0,0,0,0,0,2,2,0,0,0,0,0,0,331,,10000,5000,,0,1,1,0,0,0,0,0
56008,14,spirit_armlet,Spirit armlet,7,0,1,0,0,0,989,0,2,99,0,500000,0,0,0,0,-10,5,5,0,0,5,0,5,0,5,0,0,0,0,0,0,331,,10000,5000,,0,1,1,0,0,0,0,0
56009,14,medal_of_honor,Medal of honor,7,0,1,0,0,0,1744,0,2,50,0,10000,0,0,0,0,-4,0,0,0,0,0,0,0,2,2,0,0,0,0,0,0,331,,10000,5000,,0,1,1,0,0,0,0,0
56010,18,pal_mok,Pal-mok,7,0,1,0,0,0,490,30,2,99,0,400000,0,0,0,0,-6,3,3,500,0,4,0,0,2,4,0,0,0,0,0,0,331,,1000,500,,0,1,1,0,0,0,0,0
56011,11,gold_bangle,Gold bangle,7,0,1,0,0,0,42,22,2,50,0,10000,0,0,0,0,-4,0,1,0,0,0,0,0,2,5,0,0,0,0,0,0,331,,100000,50000,,0,1,1,0,0,0,0,0
56012,11,gold_nuggets,Gold nuggets,7,0,1,0,0,0,1148,0,2,95,0,80000,0,0,0,0,-2,2,2,500,1000,1,2,2,0,2,0,0,0,0,0,0,331,,200000,100000,,0,1,1,0,0,0,0,0
56013,11,enchanted_gold_nuggets,Enchanted gold nuggets,7,0,1,0,0,0,1148,0,2,99,0,160000,0,0,0,0,-2,2,2,1000,2000,1,2,2,0,2,0,0,0,0,0,0,331,,300000,150000,,0,1,1,0,0,0,0,0
56014,11,il_san_gold_nuggets,Il san gold nuggets,7,0,1,0,0,0,1148,0,2,99,1,240000,0,0,0,0,-2,2,2,2000,4000,1,2,2,0,2,0,0,0,0,0,0,331,,400000,200000,,0,1,1,0,0,0,0,0
56015,11,ee_san_gold_nuggets,Ee san gold nuggets,7,0,1,0,0,0,1148,0,2,99,2,320000,0,0,0,0,-2,2,2,3000,5000,1,2,2,0,2,0,0,0,0,0,0,331,,500000,250000,,0,1,1,0,0,0,0,0
56016,11,sam_san_gold_nuggets,Sam san gold nuggets,7,0,1,0,0,0,1148,0,2,99,3,400000,0,0,0,0,-2,2,2,4000,6000,1,2,2,0,2,0,0,0,0,0,0,331,,600000,300000,,0,1,1,0,0,0,0,0
56017,11,sa_san_gold_nuggets,Sa san gold nuggets,7,0,1,0,0,0,1148,0,2,99,4,480000,0,0,0,0,-2,2,2,5000,7000,1,2,2,0,2,0,0,0,0,0,0,331,,700000,350000,,0,1,1,0,0,0,0,0
56018,15,demon_dagger,Demon dagger,7,0,1,0,0,0,1752,0,2,50,0,25000,0,0,0,0,-8,2,3,0,-300,0,3,2,2,0,0,0,0,0,0,0,331,,25000,12500,,0,1,1,0,0,0,0,0
56019,15,bracer,Bracer,7,0,1,0,0,0,1750,0,2,99,0,50000,0,0,0,0,-5,1,2,1000,500,0,0,2,0,1,0,0,0,0,0,0,331,,100000,50000,,0,1,1,0,0,0,0,0
56020,15,enchanted_bracer,Enchanted bracer,7,0,1,0,0,0,1750,0,2,99,0,100000,0,0,0,0,-6,1,2,2000,700,0,0,2,0,1,0,0,0,0,0,0,331,,150000,75000,,0,1,1,0,0,0,0,0
56021,15,il_san_bracer,Il san bracer,7,0,1,0,0,0,1750,0,2,99,1,150000,0,0,0,0,-7,1,2,4000,900,0,0,2,0,1,0,0,0,0,0,0,331,,200000,100000,,0,1,1,0,0,0,0,0
56022,15,ee_san_bracer,Ee san bracer,7,0,1,0,0,0,1750,0,2,99,2,200000,0,0,0,0,-8,1,2,6000,1100,0,0,2,0,1,0,0,0,0,0,0,331,,250000,125000,,0,1,1,0,0,0,0,0
56023,15,sam_san_bracer,Sam san bracer,7,0,1,0,0,0,1750,0,2,99,3,250000,0,0,0,0,-9,1,2,8000,1300,0,0,2,0,1,0,0,0,0,0,0,331,,300000,150000,,0,1,1,0,0,0,0,0
56024,15,sa_san_bracer,Sa san bracer,7,0,1,0,0,0,1750,0,2,99,4,300000,0,0,0,0,-10,1,2,10000,1500,0,0,2,0,1,0,0,0,0,0,0,331,,350000,175000,,0,1,1,0,0,0,0,0
56025,15,fabled_trowel,Fabled Trowel,7,0,1,0,0,0,1748,0,2,0,0,500000,0,0,0,0,0,0,0,0,0,0,0,0,0,0,0,0,0,0,0,0,331,,1000,500,,0,1,1,0,0,0,0,0
56026,15,honor_medal,Honor medal,7,0,1,0,0,0,1754,0,2,12,0,10000,0,0,0,0,-8,2,0,0,0,0,0,0,0,0,0,0,0,0,0,0,331,,10000,5000,,0,1,1,0,0,0,0,0
56027,19,covert_band,Covert Band,7,0,1,0,0,0,1769,0,2,50,0,60000,0,0,0,0,-8,0,0,0,0,0,5,5,0,0,0,0,0,0,0,0,331,,60000,30000,,0,1,1,0,0,0,0,0
56028,19,insidious_disk,Insidious Disk,7,0,1,0,0,0,1753,0,2,50,0,60000,0,0,0,0,-5,0,0,0,0,0,15,0,0,0,0,0,0,0,0,0,331,,60000,30000,,0,1,1,0,0,0,0,0
56029,19,stealth_glove,Stealth glove,7,0,1,0,0,0,1755,0,2,99,0,80000,0,0,0,0,-5,3,1,1000,500,0,2,3,0,1,0,0,0,0,0,0,331,,100000,50000,,0,1,1,0,0,0,0,0
56030,19,enchanted_stealth_glove,Enchanted stealth glove,7,0,1,0,0,0,1755,0,2,99,0,160000,0,0,0,0,-5,3,1,2000,750,0,2,3,0,1,0,0,0,0,0,0,331,,150000,75000,,0,1,1,0,0,0,0,0
56031,19,il_san_stealth_glove,Il san stealth glove,7,0,1,0,0,0,1755,0,2,99,1,240000,0,0,0,0,-5,3,1,4000,1000,0,2,3,0,1,0,0,0,0,0,0,331,,200000,100000,,0,1,1,0,0,0,0,0
56032,19,ee_san_stealth_glove,Ee san stealth glove,7,0,1,0,0,0,1755,0,2,99,2,320000,0,0,0,0,-5,3,1,6000,2000,0,2,3,0,1,0,0,0,0,0,0,331,,250000,125000,,0,1,1,0,0,0,0,0
56033,19,sam_san_stealth_glove,Sam san stealth glove,7,0,1,0,0,0,1755,0,2,99,3,400000,0,0,0,0,-5,3,1,8000,3000,0,2,3,0,1,0,0,0,0,0,0,331,,300000,150000,,0,1,1,0,0,0,0,0
56034,19,sa_san_stealth_glove,Sa san stealth glove,7,0,1,0,0,0,1755,0,2,99,4,480000,0,0,0,0,-5,3,1,10000,4000,0,2,3,0,1,0,0,0,0,0,0,331,,350000,175000,,0,1,1,0,0,0,0,0
56035,12,crystal_ball,Crystal ball,7,0,1,0,0,0,1025,0,2,99,0,40000,0,0,0,0,2,0,0,1000,500,0,3,0,1,2,0,0,0,0,0,0,331,,100000,50000,,0,1,1,0,0,0,0,0
56036,12,enchanted_crystal_ball,Enchanted crystal ball,7,0,1,0,0,0,1025,0,2,99,0,80000,0,0,0,0,2,0,0,3000,1000,0,5,0,1,3,0,0,0,0,0,0,331,,150000,75000,,0,1,1,0,0,0,0,0
56037,12,il_san_crystal_ball,Il san crystal ball,7,0,1,0,0,0,1025,0,2,99,1,120000,0,0,0,0,2,0,0,5000,2000,0,7,0,1,4,0,0,0,0,0,0,331,,200000,100000,,0,1,1,0,0,0,0,0
56038,12,ee_san_crystal_ball,Ee san crystal ball,7,0,1,0,0,0,1025,0,2,99,2,160000,0,0,0,0,2,0,0,7000,4000,0,9,0,1,5,0,0,0,0,0,0,331,,250000,125000,,0,1,1,0,0,0,0,0
56039,12,sam_san_crystal_ball,Sam san crystal ball,7,0,1,0,0,0,1025,0,2,99,3,200000,0,0,0,0,2,0,0,9000,6000,0,9,0,1,5,0,0,0,0,0,0,331,,300000,150000,,0,1,1,0,0,0,0,0
56040,12,sa_san_crystal_ball,Sa san crystal ball,7,0,1,0,0,0,1025,0,2,99,4,240000,0,0,0,0,2,0,0,11000,8000,0,0,0,1,2,0,0,0,0,0,0,331,,350000,175000,,0,1,1,0,0,0,0,0
56041,20,messengers_feather,Messenger\'s Feather,7,0,1,0,0,0,1757,0,2,0,0,20000,0,0,0,0,-6,0,0,0,500,0,5,0,0,3,0,0,0,0,0,0,331,,20000,10000,,0,1,1,0,0,0,0,0
56042,20,medicine_wheel,Mecidine Wheel,7,0,1,0,0,0,1765,0,2,50,0,1000,0,0,0,0,0,0,0,0,0,0,0,0,0,0,0,0,0,0,0,0,331,,1000,500,,0,1,1,0,0,0,0,0
56043,20,soul_crystal,Soul crystal,7,0,1,0,0,0,1119,0,2,99,0,50000,0,0,0,0,0,0,0,1000,1000,0,2,2,1,10,0,0,0,0,0,0,331,,100000,50000,,0,1,1,0,0,0,0,0
56044,20,enchanted_soul_crystal,Enchanted soul crystal,7,0,1,0,0,0,1119,0,2,99,0,100000,0,0,0,0,0,0,0,2000,2000,0,3,3,1,10,0,0,0,0,0,0,331,,150000,75000,,0,1,1,0,0,0,0,0
56045,20,il_san_soul_crystal,Il san soul crystal,7,0,1,0,0,0,1119,0,2,99,1,150000,0,0,0,0,0,0,0,4000,3000,0,4,4,1,10,0,0,0,0,0,0,331,,200000,100000,,0,1,1,0,0,0,0,0
56046,20,ee_san_soul_crystal,Ee san soul crystal,7,0,1,0,0,0,1119,0,2,99,2,200000,0,0,0,0,0,0,0,8000,4000,0,5,5,1,10,0,0,0,0,0,0,331,,250000,125000,,0,1,1,0,0,0,0,0
56047,20,sam_san_soul_crystal,Sam san soul crystal,7,0,1,0,0,0,1119,0,2,99,3,250000,0,0,0,0,0,0,0,12000,5000,0,5,5,1,10,0,0,0,0,0,0,331,,300000,150000,,0,1,1,0,0,0,0,0
56048,20,sa_san_soul_crystal,Sa san soul crystal,7,0,1,0,0,0,1119,0,2,99,4,300000,0,0,0,0,0,0,0,16000,6000,0,5,5,1,10,0,0,0,0,0,0,331,,350000,175000,,0,1,1,0,0,0,0,0
56049,0,faded_stone,Faded stone,18,0,1,0,0,0,1771,0,2,5,0,1000000,0,0,0,0,0,0,0,0,0,0,0,0,0,0,0,0,0,0,0,0,331,,100,50,,0,0,1,0,0,0,0,0
56050,0,skeleton_key,Skeleton key,18,0,1,0,0,0,1768,0,2,0,0,1000000,0,0,0,0,0,0,0,0,0,0,0,0,0,0,0,0,0,0,0,0,331,,2000,1000,,0,0,1,0,0,0,0,0
56051,0,explosive_spores,Explosive Spores,18,0,1,0,0,0,1767,0,2,0,0,1000000,0,0,0,0,0,0,0,0,0,0,0,0,0,0,0,0,0,0,0,0,331,,100,50,,0,0,1,0,0,0,0,0
56052,21,kaleidoscope,Kaleidoscope,6,0,1,0,-1,0,1731,0,2,0,0,1000000,0,0,0,0,0,0,0,0,0,0,0,0,0,0,0,0,0,0,0,0,331,,0,0,,0,0,1,0,0,0,0,0
56054,0,drum_of_knowledge,Drum of knowledge,7,0,1,0,0,0,0,0,2,0,0,1000000,0,0,0,0,0,0,0,0,0,0,0,0,0,0,0,0,0,0,0,0,331,,0,0,,0,0,1,0,0,0,0,0
56055,0,piri,Piri,7,0,1,0,0,0,0,0,2,0,0,1000000,0,0,0,0,0,0,0,0,0,0,0,0,0,0,0,0,0,0,0,0,331,,0,0,,0,0,1,0,0,0,0,0
56056,0,sogo,Sogo,7,0,1,0,0,0,0,0,2,0,0,1000000,0,0,0,0,0,0,0,0,0,0,0,0,0,0,0,0,0,0,0,0,331,,0,0,,0,0,1,0,0,0,0,0
56057,0,euterpes_flute,Euterpe\'s flute,7,0,1,0,0,0,0,0,2,0,0,1000000,0,0,0,0,0,0,0,0,0,0,0,0,0,0,0,0,0,0,0,0,331,,0,0,,0,0,1,0,0,0,0,0
56058,0,senap,Senap,7,0,1,0,0,0,0,0,2,0,0,1000000,0,0,0,0,0,0,0,0,0,0,0,0,0,0,0,0,0,0,0,0,331,,0,0,,0,0,1,0,0,0,0,0
56059,0,kayagum,Kayagum,18,0,1,0,0,0,0,0,2,0,0,1000000,0,0,0,0,0,0,0,0,0,0,0,0,0,0,0,0,0,0,0,0,331,,0,0,,0,0,1,0,0,0,0,0
56060,0,tanso,Tanso,18,0,1,0,0,0,0,0,2,0,0,1000000,0,0,0,0,0,0,0,0,0,0,0,0,0,0,0,0,0,0,0,0,331,,0,0,,0,0,1,0,0,0,0,0
56061,0,changgo,Changgo,18,0,1,0,0,0,0,0,2,0,0,1000000,0,0,0,0,0,0,0,0,0,0,0,0,0,0,0,0,0,0,0,0,331,,0,0,,0,0,1,0,0,0,0,0
56062,0,gyobanggo,Gyobanggo,18,0,1,0,0,0,0,0,2,0,0,1000000,0,0,0,0,0,0,0,0,0,0,0,0,0,0,0,0,0,0,0,0,331,,0,0,,0,0,1,0,0,0,0,0
56063,0,,,0,0,1,0,0,0,0,0,2,0,0,1000000,0,0,0,0,0,0,0,0,0,0,0,0,0,0,0,0,0,0,0,0,331,,0,0,,0,0,1,0,0,0,0,0
56064,0,,,0,0,1,0,0,0,0,0,2,0,0,1000000,0,0,0,0,0,0,0,0,0,0,0,0,0,0,0,0,0,0,0,0,331,,0,0,,0,0,1,0,0,0,0,0
56065,0,,,0,0,1,0,0,0,0,0,2,0,0,1000000,0,0,0,0,0,0,0,0,0,0,0,0,0,0,0,0,0,0,0,0,331,,0,0,,0,0,1,0,0,0,0,0
56066,0,,,0,0,1,0,0,0,0,0,2,0,0,1000000,0,0,0,0,0,0,0,0,0,0,0,0,0,0,0,0,0,0,0,0,331,,0,0,,0,0,1,0,0,0,0,0
56067,0,,,0,0,1,0,0,0,0,0,2,0,0,1000000,0,0,0,0,0,0,0,0,0,0,0,0,0,0,0,0,0,0,0,0,331,,0,0,,0,0,1,0,0,0,0,0
56068,0,,,0,0,1,0,0,0,0,0,2,0,0,1000000,0,0,0,0,0,0,0,0,0,0,0,0,0,0,0,0,0,0,0,0,331,,0,0,,0,0,1,0,0,0,0,0
56069,0,,,0,0,1,0,0,0,0,0,2,0,0,1000000,0,0,0,0,0,0,0,0,0,0,0,0,0,0,0,0,0,0,0,0,331,,0,0,,0,0,1,0,0,0,0,0
56070,0,,,0,0,1,0,0,0,0,0,2,0,0,1000000,0,0,0,0,0,0,0,0,0,0,0,0,0,0,0,0,0,0,0,0,331,,0,0,,0,0,1,0,0,0,0,0
56071,0,,,0,0,1,0,0,0,0,0,2,0,0,1000000,0,0,0,0,0,0,0,0,0,0,0,0,0,0,0,0,0,0,0,0,331,,0,0,,0,0,1,0,0,0,0,0
56072,0,,,0,0,1,0,0,0,0,0,2,0,0,1000000,0,0,0,0,0,0,0,0,0,0,0,0,0,0,0,0,0,0,0,0,331,,0,0,,0,0,1,0,0,0,0,0
56073,0,,,0,0,1,0,0,0,0,0,2,0,0,1000000,0,0,0,0,0,0,0,0,0,0,0,0,0,0,0,0,0,0,0,0,331,,0,0,,0,0,1,0,0,0,0,0
56074,0,,,0,0,1,0,0,0,0,0,2,0,0,1000000,0,0,0,0,0,0,0,0,0,0,0,0,0,0,0,0,0,0,0,0,331,,0,0,,0,0,1,0,0,0,0,0
56075,0,,,0,0,1,0,0,0,0,0,2,0,0,1000000,0,0,0,0,0,0,0,0,0,0,0,0,0,0,0,0,0,0,0,0,331,,0,0,,0,0,1,0,0,0,0,0
56076,0,,,0,0,1,0,0,0,0,0,2,0,0,1000000,0,0,0,0,0,0,0,0,0,0,0,0,0,0,0,0,0,0,0,0,331,,0,0,,0,0,1,0,0,0,0,0
56077,0,,,0,0,1,0,0,0,0,0,2,0,0,1000000,0,0,0,0,0,0,0,0,0,0,0,0,0,0,0,0,0,0,0,0,331,,0,0,,0,0,1,0,0,0,0,0
56078,0,,,0,0,1,0,0,0,0,0,2,0,0,1000000,0,0,0,0,0,0,0,0,0,0,0,0,0,0,0,0,0,0,0,0,331,,0,0,,0,0,1,0,0,0,0,0
56079,0,,,0,0,1,0,0,0,0,0,2,0,0,1000000,0,0,0,0,0,0,0,0,0,0,0,0,0,0,0,0,0,0,0,0,331,,0,0,,0,0,1,0,0,0,0,0
56080,0,,,0,0,1,0,0,0,0,0,2,0,0,1000000,0,0,0,0,0,0,0,0,0,0,0,0,0,0,0,0,0,0,0,0,331,,0,0,,0,0,1,0,0,0,0,0
59000,0,=== FACE ACCESSORIES===,===FACE ACCESSORIES===,0,0,1,0,0,0,0,0,2,0,0,1000000,0,0,0,0,0,0,0,0,0,0,0,0,0,0,0,0,0,0,0,0,331,,0,0,,0,0,1,0,0,0,0,0
59001,0,whiskers,Whiskers,9,0,1,0,0,0,0,0,2,0,0,1000000,0,0,0,0,0,0,0,0,0,0,0,0,0,0,0,0,0,0,0,0,331,,0,0,,0,1,1,0,0,0,0,0
60000,5,===GM ITEMS===,===GM ITEMS===,0,0,1,0,0,0,0,0,2,0,0,1000000,0,0,0,0,0,0,0,0,0,0,0,0,0,0,0,0,0,0,0,0,331,,0,0,,0,0,1,0,0,0,0,0
60001,0,chaos_weapon,Shtick,3,0,1,0,-1,0,371,30,2,99,0,4000000,10500,64500,11000,65500,0,20,64,0,0,0,0,0,32,500,0,0,0,0,0,0,347,,0,0,,0,1,1,1,0,0,0,0
60002,0,chaos_armor,Long day,16,0,1,0,10133,0,4537,0,2,99,0,4000000,0,0,0,0,0,0,0,0,0,0,0,0,8,500,0,0,0,0,0,0,331,,0,0,,0,1,1,1,0,0,0,0
60003,0,cimmerian_steel,Cimmerian steel,3,0,1,0,34,11,1264,9,2,1,0,660000,100,120,130,160,-1,-1,4,1000,0,8,0,0,0,5,0,0,0,0,0,0,331,,0,0,,0,1,1,0,0,0,0,0
60004,0,enigmas_boots,Enigma\'s boots,15,0,1,0,9,0,0,0,2,0,0,1000000,0,0,0,0,0,0,0,0,0,0,0,0,0,0,0,0,0,0,0,0,331,,0,0,,0,1,1,0,0,0,0,0
60005,0,shot_gun,Shot gun,3,0,1,0,20109,27,0,27,2,0,0,1000000,0,0,0,0,0,0,0,0,0,0,0,0,0,0,0,0,0,0,0,0,331,,0,0,,0,1,1,0,0,0,0,0
60006,0,flameblade_test,Flameblade,3,0,1,0,4,13,58,13,2,70,0,5000000,90,100,90,100,0,3,1,0,0,0,0,0,0,0,0,0,0,0,0,0,331,,10000,5000,,0,1,1,0,0,0,0,0
60007,0,chaos_crown,Crafting hat,12,0,1,0,410,2,71,0,2,0,0,1000000,0,0,0,0,0,0,0,0,0,0,0,0,0,0,0,0,0,0,0,0,331,,0,0,,0,1,1,0,0,0,0,0
60008,0,donor_scroll,Donor Scroll 1,0,0,1,0,0,0,1582,0,2,0,0,1000000,0,0,0,0,0,0,0,0,0,0,0,0,0,0,0,0,1,1,1,0,331,,0,0,,0,0,1,0,0,0,0,0
60009,0,donor_scroll,Donor Scroll 2,0,0,1,0,0,0,1582,0,2,0,0,1000000,0,0,0,0,0,0,0,0,0,0,0,0,0,0,0,0,1,1,1,0,331,,0,0,,0,0,1,0,0,0,0,0
60010,0,donor_scroll,Donor Scroll 3,0,0,1,0,0,0,1582,0,2,0,0,1000000,0,0,0,0,0,0,0,0,0,0,0,0,0,0,0,0,1,1,1,0,331,,0,0,,0,0,1,0,0,0,0,0
60011,0,donor_scroll,Donor Scroll 4,0,0,1,0,0,0,1582,0,2,0,0,1000000,0,0,0,0,0,0,0,0,0,0,0,0,0,0,0,0,1,1,1,0,331,,0,0,,0,0,1,0,0,0,0,0
60012,0,donor_scroll,Donor Scroll 5,0,0,1,0,0,0,1582,0,2,0,0,1000000,0,0,0,0,0,0,0,0,0,0,0,0,0,0,0,0,1,1,1,0,331,,0,0,,0,0,1,0,0,0,0,0
60100,0,,,0,0,1,0,0,0,0,0,2,0,0,1000000,0,0,0,0,0,0,0,0,0,0,0,0,0,0,0,0,0,0,0,0,331,,0,0,,0,0,1,0,0,0,0,0
60200,0,,,0,0,1,0,0,0,0,0,2,0,0,1000000,0,0,0,0,0,0,0,0,0,0,0,0,0,0,0,0,0,0,0,0,331,,0,0,,0,0,1,0,0,0,0,0
60500,0,==SPAWN TOOL SCROLLS==,===SPAWN TOOL SCROLLS===,0,0,1,0,0,0,0,0,2,0,0,1000000,0,0,0,0,0,0,0,0,0,0,0,0,0,0,0,0,0,0,0,0,331,,0,0,,0,0,1,0,0,0,0,0
60501,0,red_script,Red Script,18,0,10000,10000,0,0,4312,0,2,0,0,1000000,0,0,0,0,0,0,0,0,0,0,0,0,0,0,0,0,0,0,0,0,331,,0,0,,0,0,1,0,0,0,0,0
60502,0,blue_script,Blue Script,18,0,10000,10000,0,0,4313,0,2,0,0,1000000,0,0,0,0,0,0,0,0,0,0,0,0,0,0,0,0,0,0,0,0,331,,0,0,,0,0,1,0,0,0,0,0
60503,0,orange_script,Orange Script,18,0,10000,10000,0,0,4314,0,2,0,0,1000000,0,0,0,0,0,0,0,0,0,0,0,0,0,0,0,0,0,0,0,0,331,,0,0,,0,0,1,0,0,0,0,0
60504,0,yellow_script,Yellow Script,18,0,10000,10000,0,0,4315,0,2,0,0,1000000,0,0,0,0,0,0,0,0,0,0,0,0,0,0,0,0,0,0,0,0,331,,0,0,,0,0,1,0,0,0,0,0
60505,0,green_script,Green Script,18,0,10000,10000,0,0,4316,0,2,0,0,1000000,0,0,0,0,0,0,0,0,0,0,0,0,0,0,0,0,0,0,0,0,331,,0,0,,0,0,1,0,0,0,0,0
60506,0,pink_script,Pink Script,18,0,10000,10000,0,0,4317,0,2,0,0,1000000,0,0,0,0,0,0,0,0,0,0,0,0,0,0,0,0,0,0,0,0,331,,0,0,,0,0,1,0,0,0,0,0
63000,0,=== game func items====,,0,0,1,0,0,0,0,0,2,0,0,1000000,0,0,0,0,0,0,0,0,0,0,0,0,0,0,0,0,0,0,0,0,331,,0,0,,0,0,1,0,0,0,0,0
63001,0,barricade,Barricade,18,0,1,0,0,0,374,0,2,0,0,1000000,0,0,0,0,0,0,0,0,0,0,0,0,0,0,0,0,1,0,1,0,331,,0,0,,0,0,1,1,0,0,0,0
65000,0,carnage_token,Carnage token,18,0,250,250,0,0,70,0,2,0,0,1000000,0,0,0,0,0,0,0,0,0,0,0,0,0,0,0,0,1,0,1,0,331,,0,0,,1,0,1,0,0,0,0,0
65001,0,elixir_trophy,Elixir trophy,18,0,1,1,0,0,254,0,2,0,0,10,0,0,0,0,0,0,0,0,0,0,0,0,0,0,0,0,1,1,1,0,331,,0,0,,1,0,0,1,0,0,0,0
65002,0,red_elixir,Red elixir,18,0,1,1,0,0,254,0,2,0,0,1000000,0,0,0,0,0,0,0,0,0,0,0,0,0,0,0,0,1,1,1,0,331,,0,0,,1,0,0,1,0,0,0,0
65003,0,blue_elixir,Blue elixir,18,0,1,1,0,0,263,0,2,0,0,1000000,0,0,0,0,0,0,0,0,0,0,0,0,0,0,0,0,1,1,1,0,331,,0,0,,1,0,0,1,0,0,0,0
65004,0,set_bomb,Bomb,18,0,1,1,0,0,31,10,2,0,0,1000000,0,0,0,0,0,0,0,0,0,0,0,0,0,0,0,0,0,0,0,0,331,,0,0,,0,0,1,0,0,0,0,0
