WarpId,SourceMapId,SourceX,SourceY,DestinationMapId,DestinationX,DestinationY
1,4711,9,16,4714,8,2
2,4711,10,16,4714,9,2
3,4714,21,20,4715,3,1
4,4715,17,5,4716,6,13
5,4716,6,15,4715,17,6
6,4715,23,13,4717,1,22
9,4718,9,19,4717,18,19
10,4718,10,19,4717,19,19
11,330,126,74,356,9,20
12,330,127,74,356,10,20
13,356,9,21,330,126,75
14,356,10,21,330,127,75
15,356,19,5,360,8,3
16,356,19,6,360,7,3
17,360,7,2,356,18,6
18,360,8,2,356,18,5
20,356,19,16,359,5,10
21,356,19,17,359,6,10
22,359,5,11,356,17,16
23,359,6,11,356,17,17
28,330,43,104,361,3,11
29,330,44,104,361,4,11
30,330,46,104,361,21,12
31,330,47,104,361,22,12
32,361,3,13,330,43,105
33,361,4,13,330,44,105
34,361,21,13,330,46,105
35,361,22,13,330,47,105
36,330,57,135,362,3,11
37,330,58,135,362,4,11
38,362,3,13,330,57,136
39,362,4,13,330,58,136
40,330,62,135,362,21,11
41,330,63,135,362,22,11
42,362,21,13,330,62,136
43,362,22,13,330,63,136
44,330,29,142,363,5,9
45,330,30,142,363,6,9
46,363,5,11,330,29,143
47,363,6,11,330,30,143
48,330,87,142,364,5,9
49,330,88,142,364,6,9
50,364,5,11,330,87,143
51,364,6,11,330,88,143
52,330,118,133,365,5,10
53,330,119,133,365,6,10
54,365,5,11,330,118,134
55,365,6,11,330,119,134
56,330,55,121,351,5,10
57,330,56,121,351,6,10
58,351,5,11,330,55,122
59,351,6,11,330,56,122
62,52,7,29,51,7,3
63,52,4,10,53,15,18
64,54,14,17,53,5,10
65,330,128,130,18020,12,23
66,330,127,130,18020,11,23
67,18020,11,24,330,127,131
68,18020,12,24,330,128,131
69,330,76,155,1015,8,1
70,330,77,155,1015,9,1
71,1015,7,23,1002,13,3
72,1015,8,23,1002,14,3
73,1015,9,23,1002,15,3
74,1015,10,23,1002,16,3
75,1002,13,2,1015,7,22
76,1002,14,2,1015,8,22
79,17,8,23,0,184,182
80,17,9,23,0,185,182
81,330,9,65,450,7,30
82,450,7,31,330,9,66
89,454,16,4,455,4,2
90,454,17,4,455,5,2
91,330,124,143,390,11,28
92,330,125,143,390,12,28
93,390,11,29,330,124,144
94,390,12,29,330,125,144
95,390,27,2,393,12,21
96,393,13,21,394,12,22
97,393,0,27,392,22,4
98,394,12,21,395,14,1
99,330,111,125,400,1,3
100,330,112,125,400,1,3
101,400,0,3,330,111,126
102,330,18,102,333,5,9
103,330,19,102,333,6,9
104,333,5,10,330,18,103
105,333,6,10,330,19,103
106,330,19,118,335,5,8
107,330,20,118,335,6,8
108,335,5,10,330,19,119
109,335,6,10,330,20,119
110,330,38,128,334,5,9
111,330,39,128,334,6,9
112,334,5,10,330,38,129
113,334,6,10,330,39,129
114,330,19,126,336,5,10
115,330,18,126,336,4,10
116,336,5,11,330,19,127
117,336,4,11,330,18,127
118,330,29,56,338,5,7
119,330,30,56,338,6,7
120,338,5,9,330,29,57
121,338,6,9,330,30,57
122,330,97,130,337,6,10
123,330,96,130,337,5,10
124,337,6,11,330,97,131
125,337,5,11,330,96,131
126,330,26,25,341,8,22
127,330,27,25,341,9,22
128,341,9,23,330,27,26
129,341,8,23,330,26,26
132,330,1,14,341,8,1
133,330,2,14,341,9,1
134,330,127,35,342,9,22
135,330,126,35,342,8,22
136,342,9,23,330,127,36
137,342,8,23,330,126,36
142,330,21,88,343,8,22
143,330,22,88,343,9,22
144,343,8,23,330,21,89
145,343,9,23,330,22,89
148,368,5,19,343,8,1
149,368,6,19,343,9,1
150,330,97,100,344,9,22
151,330,96,100,344,8,22
152,344,9,23,330,97,101
153,344,8,23,330,96,101
156,369,5,19,344,8,1
157,369,6,19,344,9,1
158,330,83,130,345,6,18
159,330,82,130,345,5,18
160,345,6,19,330,83,131
161,345,5,19,330,82,131
162,330,73,101,340,8,14
163,330,74,101,340,9,14
164,340,8,15,330,73,102
165,340,9,15,330,74,102
166,340,10,15,330,74,102
167,330,55,73,486,15,13
168,330,56,73,486,16,13
169,486,15,15,330,55,74
170,486,16,15,330,56,74
171,330,93,70,487,14,27
172,330,94,70,487,15,27
173,487,14,29,330,93,71
174,487,15,29,330,94,71
175,330,72,52,4604,14,28
176,330,73,52,4604,15,28
177,330,74,52,4604,16,28
178,4604,14,30,330,72,53
179,4604,15,30,330,73,53
180,4604,16,30,330,74,53
181,330,127,130,3910,19,17
182,330,128,130,3910,20,17
183,3910,19,19,330,127,131
184,3911,13,30,3910,13,5
185,3911,14,30,3910,13,5
186,3911,15,30,3910,13,5
187,3911,16,30,3910,14,5
188,3911,17,30,3910,14,5
189,3911,5,0,3912,18,2
190,3911,6,0,3912,19,2
191,3912,19,0,3911,7,1
192,3911,9,0,3913,6,12
193,3911,10,0,3913,8,12
194,3913,6,14,3911,9,1
195,3913,7,14,3911,9,1
196,3913,8,14,3911,9,1
197,3911,19,0,3914,6,11
198,3911,20,0,3914,8,11
199,3914,5,13,3911,19,1
200,3914,6,13,3911,19,1
201,3914,7,13,3911,19,1
202,3914,8,13,3911,19,1
203,3914,9,13,3911,19,1
204,3914,14,10,3915,4,8
205,3914,14,11,3915,5,8
206,3915,4,9,3914,13,10
207,3915,5,9,3914,13,11
208,3911,23,0,3916,6,12
209,3911,24,0,3916,7,12
210,3916,6,14,3911,23,1
211,3916,7,14,3911,23,1
212,3916,8,14,3911,24,1
213,3914,12,1,3917,9,17
214,3914,13,1,3917,10,17
215,3917,9,19,3914,12,2
216,3917,10,19,3914,13,2
217,3911,1,17,3918,27,47
218,3918,26,49,3911,2,17
219,3918,27,49,3911,2,17
220,3918,28,49,3911,2,17
221,3918,29,49,3911,2,17
222,3911,29,13,3919,12,21
223,3919,11,23,3911,15,26
224,3919,12,23,3911,15,26
225,3919,13,23,3911,15,26
237,330,145,88,1008,1,6
238,330,145,89,1008,1,6
239,1008,0,5,330,144,88
240,1008,0,6,330,144,89
245,330,0,89,1001,23,8
246,330,0,90,1001,23,9
247,1001,24,8,330,1,89
248,1001,24,9,330,1,90
249,1001,0,8,1005,248,50
250,1001,0,9,1005,248,51
251,1005,249,51,1001,1,9
252,1005,249,50,1001,1,8
253,330,72,0,1012,9,18
254,330,73,0,1012,11,18
255,1012,9,19,330,72,1
256,1012,10,19,330,73,1
257,1012,11,19,330,73,1
274,2964,39,0,3535,11,5
275,2964,40,0,3535,11,5
278,99,6,15,114,12,1
279,99,7,15,114,13,1
280,99,8,15,114,14,1
281,99,9,15,114,15,1
282,99,10,15,114,15,1
283,114,12,0,99,6,13
284,114,13,0,99,7,13
285,114,14,0,99,8,13
286,114,15,0,99,9,13
287,114,20,20,42,4,10
288,42,4,11,114,20,21
289,4,50,50,4,50,50
290,284,0,15,114,27,15
291,284,59,10,288,1,10
292,288,0,10,284,58,10
293,4,50,50,4,50,50
294,270,0,12,114,2,11
295,270,49,21,271,1,11
296,270,49,22,271,1,12
297,271,0,11,270,48,21
298,271,0,12,270,48,22
299,271,49,20,272,1,5
300,271,49,21,272,1,6
301,272,0,5,271,48,20
302,272,0,6,271,48,21
303,271,38,49,273,1,1
304,271,39,49,273,2,1
305,273,1,0,271,38,48
306,273,2,0,271,39,48
307,272,39,35,274,1,34
308,274,0,34,272,38,35
309,4,50,50,4,50,50
310,275,0,34,114,28,8
311,114,1,1,115,4,11
312,115,4,10,114,1,2
313,114,21,7,141,29,28
314,141,29,27,114,21,8
315,2964,28,14,2871,9,23
316,2964,29,14,2871,10,23
317,2871,9,24,2964,28,15
318,2871,10,24,2964,29,15
319,2871,9,4,2872,9,11
320,2871,10,4,2872,10,11
321,2872,9,12,2871,9,5
322,2872,10,12,2871,10,5
323,2872,9,0,2873,14,28
324,2872,10,0,2873,15,28
325,2873,14,29,2872,9,1
326,2873,15,29,2872,10,1
327,2873,0,28,2874,38,14
328,2873,0,29,2874,38,15
329,2874,39,14,2873,1,28
330,2874,39,15,2873,1,29
331,2964,3,59,2881,34,1
332,2964,4,59,2881,35,1
333,2881,34,0,2964,3,58
334,2881,35,0,2964,4,58
335,2881,39,37,2882,1,13
336,2881,39,38,2882,1,14
337,2882,0,13,2881,38,37
338,2882,0,14,2881,38,38
339,2882,29,12,2883,1,3
340,2882,29,13,2883,1,4
341,2883,0,3,2882,28,12
342,2883,0,4,2882,28,13
343,2883,0,28,2884,14,3
344,2884,15,3,2883,1,28
345,2964,59,26,2861,9,18
346,2964,60,26,2861,10,18
347,2861,9,19,2964,59,27
348,2861,10,19,2964,60,27
349,2861,0,15,2862,18,14
350,2861,0,16,2862,18,15
351,2862,19,14,2861,1,15
352,2862,19,15,2861,1,16
353,2862,1,16,2867,16,12
354,2867,16,13,2862,2,16
355,2861,7,10,2864,10,9
356,2864,11,9,2861,8,10
357,2864,0,2,2869,18,16
358,2869,18,18,2864,1,2
359,2964,73,0,2821,22,48
360,2964,74,0,2821,23,48
361,2821,22,49,2964,73,1
362,2821,23,49,2964,74,1
363,2821,0,40,2822,14,4
364,2821,0,41,2822,14,5
365,2822,15,4,2821,1,40
366,2822,15,5,2821,1,41
367,2822,9,0,2823,11,16
368,2822,10,0,2823,12,16
369,2823,11,17,2822,9,1
370,2823,12,17,2822,10,1
371,2823,9,0,2824,23,14
372,2823,10,0,2824,24,14
373,2824,23,15,2823,9,1
374,2824,24,15,2823,10,1
375,2824,0,0,2825,2,28
376,2824,26,0,2825,3,28
377,2825,2,29,2824,0,1
378,2825,3,29,2824,26,1
379,2825,19,2,2826,1,11
380,2825,19,3,2826,1,12
381,2826,0,11,2825,18,2
382,2826,0,12,2825,18,3
383,2826,19,28,2827,1,2
384,2827,0,1,2826,18,27
385,2827,13,19,2828,4,1
386,2827,14,19,2828,5,1
387,2828,4,0,2827,13,18
388,2828,5,0,2827,14,18
389,2828,4,29,2829,9,1
390,2828,5,29,2829,10,1
391,2829,9,0,2828,4,28
392,2829,10,0,2828,5,28
393,2821,0,27,2823,16,8
394,2821,0,28,2823,16,9
395,2823,17,8,2821,1,27
396,2823,17,9,2821,1,28
397,2821,0,17,2824,28,10
398,2821,0,18,2824,28,11
399,2824,29,10,2821,1,17
400,2824,29,11,2821,1,18
401,2821,13,0,2825,18,28
402,2825,18,29,2821,13,1
403,2821,45,0,2826,1,28
404,2826,1,29,2821,44,1
405,2821,49,12,2827,1,17
406,2821,49,13,2827,1,18
407,2827,0,17,2821,48,12
408,2827,0,18,2821,48,13
409,2821,49,37,2829,1,6
410,2821,49,38,2829,1,7
411,2829,0,6,2821,48,37
412,2829,0,7,2821,48,38
413,2821,49,27,2828,1,11
414,2821,49,26,2828,1,12
415,2828,0,11,2821,48,26
416,2828,0,12,2821,48,27
417,2964,49,39,2831,5,22
418,2831,7,22,2964,50,39
419,2831,26,5,2832,5,7
420,2832,5,5,2831,25,5
421,2832,15,28,2833,1,28
422,2833,0,28,2832,14,28
423,2833,6,5,2834,15,16
424,2834,16,16,2833,7,5
425,2834,28,28,2835,1,8
426,2835,2,8,2834,27,28
427,2964,11,36,2841,20,1
428,2964,11,37,2841,21,2
429,2841,21,1,2964,12,36
430,2841,9,0,2842,18,18
431,2842,18,19,2841,9,1
432,2841,3,0,2842,12,18
433,2841,4,0,2842,13,18
434,2842,12,19,2841,3,1
435,2842,13,19,2841,4,1
436,2842,11,0,2843,11,28
437,2842,12,0,2843,12,28
438,2843,11,29,2842,11,1
439,2843,12,29,2842,12,1
440,2842,18,0,2843,18,28
441,2843,18,29,2842,18,1
442,2841,0,15,2850,28,14
443,2850,29,14,2841,1,15
444,2850,0,8,2849,28,4
445,2849,29,4,2850,1,8
446,2850,0,15,2849,28,13
447,2849,29,13,2850,1,15
448,2849,29,14,2850,1,15
449,2849,18,7,2849,9,9
450,2849,7,9,2849,19,7
451,2964,2,5,2851,3,31
452,2851,3,30,2964,2,6
453,2851,6,37,2853,23,1
454,2853,24,1,2851,7,37
455,2853,21,25,2854,2,1
456,2853,22,25,2854,3,1
457,2854,2,0,2853,21,24
458,2854,3,0,2853,22,24
459,2854,10,8,2855,25,27
460,2855,25,26,2854,10,9
461,2964,79,52,2811,1,13
462,2964,79,53,2811,1,14
463,2811,0,13,2964,78,52
464,2811,0,14,2964,78,53
465,2811,19,7,2812,1,1
466,2812,0,1,2811,18,7
467,2812,29,7,2813,1,23
468,2813,0,22,2812,28,7
469,2813,7,0,2814,4,38
470,2814,4,39,2813,7,1
471,2814,2,0,2815,8,18
472,2814,3,0,2815,9,18
473,2815,8,19,2814,2,1
474,2815,9,19,2814,3,1
475,2964,49,16,2801,12,14
476,2801,12,15,2964,49,17
477,2801,12,0,2802,20,26
478,2802,20,27,2801,12,1
479,2802,0,1,2803,24,19
480,2803,25,19,2802,1,1
481,2803,1,0,2804,1,28
482,2804,1,29,2803,1,1
483,2804,0,15,2805,38,15
484,2805,39,15,2804,1,15
485,2805,13,0,2806,7,14
486,2806,7,15,2805,13,1
487,2806,15,2,2807,1,2
488,2807,0,2,2806,14,2
489,2807,21,19,2808,1,32
490,2808,0,32,2807,20,19
491,2964,22,1,2891,16,48
492,2964,23,1,2891,17,48
493,2891,16,49,2964,22,2
494,2891,17,49,2964,23,2
495,2891,49,4,2892,1,13
496,2892,0,13,2891,48,4
497,2892,24,13,2893,25,11
498,2893,25,10,2892,24,14
499,2893,22,21,2894,22,37
500,2894,22,39,2893,22,22
501,2894,27,13,2895,8,1
502,2895,8,0,2894,27,14
503,2895,14,36,2896,14,2
504,2896,14,1,2895,14,37
505,2896,0,8,2891,48,42
506,2891,49,42,2896,1,8
507,2964,64,17,2951,3,28
508,2951,3,29,2964,64,18
509,2951,29,23,2960,1,10
510,2960,0,10,2951,28,23
511,2960,2,0,2959,2,38
512,1011,10,19,0,116,2
513,1011,11,19,0,116,2
514,1011,12,19,0,117,2
515,1011,13,19,0,117,2
516,0,116,1,1011,11,18
517,0,117,1,1011,12,18
518,0,17,12,30,5,9
519,0,18,12,30,6,9
520,30,5,11,0,17,13
521,30,6,11,0,18,13
522,0,59,121,3,5,9
523,0,60,121,3,6,9
524,3,5,10,0,59,122
525,3,6,10,0,60,122
526,0,82,159,5,5,10
527,0,83,159,5,6,10
528,5,5,11,0,82,160
529,5,6,11,0,83,160
530,0,40,130,43,5,10
531,0,41,130,43,6,10
534,0,94,47,7,5,10
535,0,95,47,7,6,10
536,7,5,11,0,94,48
537,7,6,11,0,95,48
538,0,81,167,6,4,10
539,0,82,167,6,5,10
540,6,4,11,0,81,168
541,6,5,11,0,82,168
542,0,48,36,11,8,22
543,0,49,36,11,9,22
544,11,8,23,0,48,37
545,11,9,23,0,49,37
548,12,5,19,11,8,1
549,12,6,19,11,9,1
550,0,21,185,15,8,22
551,0,22,185,15,9,22
552,15,8,23,0,21,186
553,15,9,23,0,22,186
556,16,5,19,15,8,2
557,16,6,19,15,9,2
558,0,184,29,31,10,20
559,0,185,29,31,11,20
560,31,10,21,0,184,30
561,31,11,21,0,185,30
562,0,196,199,28,5,10
563,0,197,199,28,6,10
564,28,5,11,0,196,200
565,28,6,11,0,197,200
566,0,56,149,2,3,12
567,0,57,149,2,4,12
568,2,3,13,0,56,150
569,2,4,13,0,57,150
570,0,59,149,2,21,12
571,0,60,149,2,22,12
572,2,21,13,0,59,150
573,2,22,13,0,60,150
574,0,47,149,37,3,12
575,0,48,149,37,4,12
576,38,3,13,0,49,160
577,38,22,13,0,52,160
578,38,23,13,0,53,160
579,38,4,13,0,50,160
583,0,60,206,29,5,10
584,0,61,206,29,6,10
585,29,5,11,0,60,207
586,29,6,11,0,61,207
587,0,87,146,36,5,10
588,0,88,146,36,6,10
589,36,5,11,0,87,147
590,36,6,11,0,88,147
591,0,109,0,1000,8,23
592,0,110,0,1000,9,23
593,1000,8,24,0,109,1
594,1000,9,24,0,110,1
595,0,176,162,3920,7,18
596,0,177,162,3920,7,18
597,3920,7,19,0,176,164
598,0,109,219,2210,5,1
599,0,110,219,2210,6,1
600,1009,2,0,2210,5,22
601,1009,3,0,2210,6,22
602,0,219,107,1004,39,62
603,0,219,108,1004,40,62
604,1004,39,63,0,218,107
605,1004,40,63,0,218,108
606,3920,11,4,3921,15,35
607,3920,12,4,3921,16,35
608,1000,8,2,1002,205,216
609,1000,9,2,1002,206,216
610,1002,205,218,1000,8,4
611,1002,206,218,1000,9,4
612,1002,206,0,1003,34,27
613,1002,207,0,1003,35,27
614,1002,208,0,1003,36,27
615,1003,34,28,1002,206,1
616,1003,35,28,1002,207,1
617,1003,36,28,1002,208,1
619,3510,4,5,1002,6,13
620,0,0,107,32103,123,78
621,0,0,108,32103,123,80
622,32103,124,78,0,1,107
623,32103,124,79,0,1,108
624,32103,124,80,0,1,109
625,1005,0,8,1016,16,7
626,1005,0,9,1016,16,8
627,1016,17,7,1005,1,8
628,1016,17,8,1005,1,9
629,1016,8,0,41,54,57
630,1016,9,0,41,55,57
631,41,54,59,1016,8,1
632,41,55,59,1016,9,1
634,18000,13,131,3535,12,5
635,18000,52,130,18002,7,13
636,18000,53,130,18002,8,13
637,18002,6,14,18000,52,131
638,18002,7,14,18000,52,131
639,18002,8,14,18000,53,131
640,18002,9,14,18000,53,131
641,18000,60,144,18003,7,13
642,18000,61,144,18003,8,13
643,18003,6,14,18000,60,145
644,18003,7,14,18000,60,145
645,18003,8,14,18000,61,145
646,18003,9,14,18000,61,145
647,18000,54,118,18004,7,13
648,18000,55,118,18004,8,13
649,18004,6,14,18000,54,119
650,18004,7,14,18000,54,119
651,18004,8,14,18000,55,119
652,18004,9,14,18000,55,119
653,18000,37,111,18180,7,13
654,18000,38,111,18180,8,13
655,18180,6,14,18000,37,112
656,18180,7,14,18000,37,112
657,18180,8,14,18000,38,112
658,18180,9,14,18000,38,112
663,3160,1,0,41,42,46
666,3201,14,19,41,49,12
667,3201,6,5,3207,12,17
668,3201,12,6,3206,7,9
669,3206,7,8,3201,12,7
670,3201,8,8,3202,7,3
671,3202,10,11,3204,7,54
672,3202,11,11,3204,7,54
673,3202,12,11,3204,7,54
674,3207,12,4,3204,7,54
675,3204,8,5,3208,1,24
676,3204,9,5,3208,2,24
677,3204,10,5,3208,3,24
678,3208,16,35,3203,17,7
679,3208,17,35,3203,17,7
680,3208,18,35,3203,17,7
681,3203,17,12,3205,22,37
684,3231,19,1,41,42,24
687,3214,8,59,41,49,28
688,3214,9,59,41,49,28
691,3470,14,11,41,41,37
694,3170,2,28,41,29,46
695,3170,3,28,41,30,46
698,3246,7,21,41,17,47
701,3181,28,22,41,17,39
704,4100,31,3,41,10,30
705,4100,31,4,41,11,30
708,3191,11,29,41,17,24
711,3151,12,19,41,9,12
714,18000,100,33,18348,8,38
715,18000,101,33,18348,10,38
716,18348,8,39,18000,100,34
717,18348,10,39,18000,100,34
718,18348,19,5,18349,1,5
719,18349,0,5,18348,18,5
720,18349,16,29,18350,11,1
721,18349,17,29,18350,12,1
722,18349,18,29,18350,13,1
723,18349,19,29,18350,14,1
724,18349,20,29,18350,15,1
725,18350,11,0,18349,16,28
726,18350,12,0,18349,17,28
727,18350,13,0,18349,18,28
728,18350,14,0,18349,19,28
729,18350,15,0,18349,20,28
730,18000,219,154,18011,1,22
731,18000,219,155,18011,1,23
732,18011,0,22,18000,218,154
733,18011,0,23,18000,218,155
734,18011,29,6,18012,1,9
735,18011,29,7,18012,1,10
736,18012,0,9,18011,28,6
737,18012,0,10,18011,28,7
738,18012,29,7,18013,1,32
739,18012,29,8,18013,1,33
740,18013,0,32,18012,28,7
741,18013,0,33,18012,28,8
742,18013,14,2,18014,13,27
743,18013,15,2,18014,14,27
744,18014,13,28,18013,14,3
745,18014,14,28,18013,15,3
746,18014,29,4,18015,1,2
747,18014,29,5,18015,1,3
748,18015,0,2,18014,28,4
749,18015,0,3,18014,28,5
750,18015,29,12,18016,1,32
751,18015,29,13,18016,1,33
752,18016,0,32,18015,28,12
753,18016,0,33,18015,28,13
754,18016,19,5,18017,1,4
755,18016,19,6,18017,1,5
756,18017,0,4,18016,18,5
757,18017,0,5,18016,18,6
758,18017,11,29,18018,3,1
759,18017,10,29,18018,2,1
760,18018,3,0,18017,11,28
761,18018,2,0,18017,10,28
762,18018,6,29,18019,3,1
763,18018,5,29,18019,2,1
764,18019,3,0,18018,6,28
765,18019,2,0,18018,5,28
766,18019,24,4,18020,12,23
767,18019,23,4,18020,11,23
768,18020,12,24,18019,24,5
769,18020,11,24,18019,23,5
770,8400,20,43,8401,66,78
771,8401,66,79,8400,20,44
772,4701,25,4,4702,6,38
773,4701,26,4,4702,7,38
774,4702,6,39,4701,25,5
775,4702,7,39,4701,26,5
776,4702,14,1,4703,14,28
777,4702,15,1,4703,15,28
778,4703,14,29,4702,14,2
779,4703,15,29,4702,15,2
780,4703,14,0,4704,33,34
781,4703,15,0,4704,34,34
782,4704,33,35,4703,14,1
783,4704,34,35,4703,15,1
784,4704,2,0,4705,36,16
785,4704,3,0,4705,37,16
786,4705,36,17,4704,2,1
787,4705,37,17,4704,3,1
788,4705,2,17,4706,36,1
789,4705,3,17,4706,37,1
790,4706,36,0,4705,2,16
791,4706,37,0,4705,3,16
792,4706,2,39,4707,26,1
793,4706,3,39,4707,27,1
794,4707,26,0,4706,2,38
795,4707,27,0,4706,3,38
796,4707,2,29,4708,27,1
797,4707,3,29,4708,28,1
798,4708,27,0,4707,2,28
799,4708,28,0,4707,3,28
800,4708,1,0,4709,14,18
801,4708,2,0,4709,15,18
802,4709,14,19,4708,1,1
803,4709,15,19,4708,2,1
804,4709,4,19,4701,5,5
805,4709,5,19,4701,6,5
806,4711,9,16,4714,7,2
807,0,20,163,70,12,28
808,70,12,29,0,20,164
809,0,19,163,70,11,28
810,0,49,159,38,3,12
811,0,50,159,38,4,12
812,0,52,159,38,22,12
813,0,53,159,38,23,12
814,37,3,13,0,47,150
815,37,4,13,0,48,150
816,37,21,13,0,47,150
817,37,22,13,0,48,150
818,43,5,11,0,40,131
819,43,6,11,0,41,131
820,0,130,109,4507,14,28
821,0,131,109,4507,15,28
822,4507,14,29,0,130,110
823,4507,15,29,0,131,110
824,0,197,92,9,5,8
825,0,198,92,9,6,8
826,9,5,9,0,197,93
827,9,6,9,0,198,93
828,0,89,111,3400,7,14
829,0,90,111,3400,8,14
830,3400,7,15,0,89,112
831,3400,8,15,0,90,112
832,1111,9,0,1112,7,18
833,1112,7,19,1111,9,1
834,1112,6,0,1113,4,22
835,1112,7,0,1113,5,22
836,1112,8,0,1113,6,22
837,1112,9,0,1113,7,22
838,1113,4,23,1112,6,1
839,1113,5,23,1112,7,1
840,1113,6,23,1112,8,1
841,1113,7,23,1112,9,1
842,1113,5,0,1114,4,14
843,1113,6,0,1114,5,14
847,1113,10,0,1115,8,14
848,1113,11,0,1115,9,14
849,1113,12,0,1115,9,14
850,1115,8,15,1113,10,10
851,1115,9,15,1113,11,10
852,1114,4,0,1116,10,16
853,1116,10,17,1114,4,1
854,1114,5,0,1116,10,16
855,1114,4,15,1113,5,1
856,1114,5,15,1113,6,1
857,330,36,104,332,3,12
858,330,37,104,332,4,12
859,332,3,13,330,36,105
860,332,4,13,330,37,105
861,332,21,13,330,36,105
862,332,22,13,330,37,105
863,137,10,29,1003,35,1
864,137,11,29,1003,36,1
865,1003,35,0,137,10,28
866,1003,36,0,137,11,28
867,1003,53,21,1120,1,21
868,1003,53,22,1120,1,22
869,1120,0,21,1003,52,21
870,1120,0,22,1003,52,22
871,1120,15,0,1121,24,48
872,1120,16,0,1121,25,48
873,1121,24,49,1120,15,1
874,1121,25,49,1120,16,1
875,1121,33,17,1127,9,18
876,1121,34,17,1127,10,18
877,1127,9,19,1121,33,18
878,1127,10,19,1121,34,18
879,1013,5,11,1003,44,7
880,1013,6,11,1003,45,7
881,1003,44,6,1013,5,10
882,1003,45,6,1013,6,10
883,1003,4,0,1321,14,34
884,1003,5,0,1321,15,34
885,1003,6,0,1321,16,34
886,1003,7,0,1321,17,34
887,1321,14,35,1003,4,1
888,1321,15,35,1003,5,1
889,1321,16,35,1003,6,1
890,1321,17,35,1003,7,1
891,1321,24,28,1321,26,22
892,1321,26,21,1321,24,29
893,1321,9,21,1321,12,13
894,1321,12,12,1321,9,22
895,1321,24,12,1321,21,6
896,1321,21,5,1321,24,13
897,367,5,19,342,8,1
898,367,6,19,342,9,1
899,0,168,62,13,8,22
900,0,169,62,13,9,22
901,13,8,23,0,168,63
902,13,9,23,0,169,63
905,14,5,19,13,8,2
906,14,6,19,13,9,2
907,18,5,19,17,8,1
908,18,6,19,17,9,1
910,0,184,181,17,8,22
911,0,185,181,17,9,22
914,366,5,19,341,8,1
915,366,6,19,341,9,1
922,3800,11,45,3805,5,10
923,3800,12,45,3805,6,10
924,3805,5,11,3800,11,46
925,3805,6,11,3800,12,46
926,1004,0,59,3040,2,20
927,1004,0,60,3040,2,20
928,3040,2,21,1004,1,60
929,1002,44,29,1142,5,10
930,1002,45,29,1142,6,10
931,1142,5,11,1002,44,30
932,1142,6,11,1002,45,30
933,1004,28,0,4701,18,28
934,1004,29,0,4701,19,28
935,1004,30,0,4701,20,28
936,4701,18,29,1004,28,1
937,4701,19,29,1004,29,1
938,4701,20,29,1004,30,1
939,1117,10,17,1114,4,1
940,3702,7,2,15,1,22
941,3702,8,2,15,2,22
942,3701,7,2,11,1,22
943,3701,8,2,11,2,22
944,3703,7,2,13,1,22
945,3703,8,2,13,2,22
946,3704,7,2,17,1,22
947,3704,8,2,17,2,22
948,3705,7,2,341,1,22
949,3705,8,2,341,2,22
950,3706,7,2,343,1,22
951,3706,8,2,343,2,22
952,3707,7,2,342,1,22
953,3707,8,2,342,2,22
954,3708,7,2,344,1,22
955,3708,8,2,344,2,22
956,0,42,90,8,5,8
957,0,43,90,8,6,8
958,8,5,9,0,42,91
959,8,6,9,0,43,91
960,0,46,113,50,9,18
961,0,47,113,50,10,18
962,50,10,19,0,46,112
963,50,13,15,51,5,18
964,51,5,19,50,13,16
965,51,7,2,52,7,28
966,53,15,19,52,4,11
967,53,5,8,54,14,16
968,54,18,4,55,2,10
969,55,2,11,54,18,5
970,53,18,6,60,24,17
971,60,25,17,53,18,7
972,53,14,1,54,14,16
973,392,22,3,393,1,27
974,70,1,6,79,17,12
975,79,17,11,70,1,7
976,392,6,7,391,4,18
977,391,3,18,392,5,7
978,79,3,8,78,23,3
979,391,19,29,390,1,7
980,78,23,2,79,3,9
981,390,1,6,391,18,28
982,78,21,28,77,5,19
983,395,14,0,394,12,22
984,77,5,18,78,21,29
985,395,15,21,396,6,19
986,396,6,18,395,15,22
987,77,19,1,73,2,2
988,396,24,27,398,22,28
989,398,21,28,396,6,19
990,396,10,5,397,19,2
991,397,19,1,396,10,6
992,397,5,19,398,20,28
993,398,23,2,399,17,12
994,399,17,11,398,23,3
995,399,3,8,390,26,3
996,73,1,27,72,22,4
997,72,22,3,73,2,27
998,72,6,7,71,4,18
999,71,3,18,72,5,7
1000,71,19,29,70,28,3
1001,70,28,2,71,18,29
1002,72,28,3,76,6,19
1003,76,6,18,72,28,4
1004,76,10,5,75,15,22
1005,75,15,21,76,10,6
1006,75,14,0,74,14,1
1007,74,14,0,75,14,1
1008,74,12,21,73,12,21
1009,73,14,21,74,12,22
1010,0,137,203,3950,13,18
1011,0,138,203,3950,14,18
1012,370,13,15,371,5,18
1013,371,5,19,370,13,16
1014,371,8,2,372,7,28
1015,372,7,29,371,8,3
1016,372,4,10,373,15,18
1017,373,15,19,372,4,11
1018,373,5,8,374,14,16
1019,374,14,17,373,5,9
1020,374,17,4,375,2,10
1021,375,2,11,374,17,5
1022,370,10,19,330,15,78
1023,330,15,77,370,10,18
1024,330,16,77,370,10,18
1025,400,29,24,401,1,1
1026,401,1,0,400,28,24
1027,401,25,27,402,5,12
1028,401,26,27,402,5,12
1029,402,5,11,401,25,26
1030,402,10,19,403,5,14
1031,403,4,14,402,10,20
1032,403,21,21,404,22,10
1033,404,22,9,403,21,22
1034,404,3,14,405,7,8
1035,405,7,7,404,3,15
1036,405,14,22,406,21,20
1037,406,21,19,405,14,23
1038,406,12,10,407,1,9
1039,407,1,8,406,12,11
1040,407,19,11,408,17,11
1041,408,17,10,407,19,12
1042,408,1,5,409,6,5
1043,409,6,4,408,1,6
1044,409,27,3,406,1,3
1045,406,1,2,409,27,4
1046,400,0,4,330,112,126
1047,160,18,3,161,12,16
1048,161,12,15,160,18,4
1049,161,9,2,162,2,25
1050,162,2,24,161,9,3
1051,162,24,1,163,22,25
1052,163,22,24,162,24,2
1053,160,13,12,162,24,2
1054,162,3,2,166,2,25
1055,166,1,25,162,3,3
1056,166,7,6,166,23,25
1057,166,23,24,166,7,7
1058,166,23,0,167,24,3
1059,167,24,2,161,9,3
1060,163,15,29,165,17,15
1061,163,16,29,165,17,15
1062,165,17,14,163,16,28
1063,163,9,25,161,24,1
1064,161,24,0,163,9,24
1065,163,21,11,165,0,1
1066,165,0,0,163,21,10
1067,164,9,0,167,24,3
1068,164,9,22,165,16,22
1069,165,16,21,164,9,23
1070,165,18,0,166,1,24
1071,167,11,21,168,27,1
1072,168,27,0,167,11,22
1073,160,1,0,41,43,46
1074,1025,5,11,1028,9,27
1075,1025,6,11,1028,10,27
1076,1028,9,26,1025,5,10
1077,1028,10,26,1025,6,10
1078,1023,22,34,1028,29,29
1079,1023,22,35,1028,29,30
1080,1023,22,58,1028,29,35
1081,1023,22,59,1028,29,36
1082,330,125,57,339,5,8
1083,330,126,57,339,6,8
1084,339,5,9,330,125,58
1085,339,6,9,330,126,58
1087,470,14,11,41,41,41
1088,470,1,14,471,1,14
1089,471,1,13,470,1,15
1090,471,17,15,472,1,26
1091,472,1,25,471,17,16
1092,472,7,1,473,20,18
1093,473,20,17,472,7,2
1094,473,0,7,474,6,1
1096,474,6,0,473,0,6
1097,474,17,13,475,15,16
1098,475,15,15,474,17,12
1099,0,121,168,20,6,12
1100,0,122,168,20,7,12
1101,20,6,13,0,121,169
1102,20,7,13,0,122,169
1103,20,8,2,21,10,2
1104,20,9,2,22,10,2
1105,22,10,1,20,9,3
1106,22,11,1,20,9,3
1107,21,10,1,20,9,3
1108,21,11,1,20,9,3
1111,0,152,187,10,8,14
1112,0,153,187,10,9,14
1113,10,8,15,0,152,188
1114,10,9,15,0,153,188
1115,10,10,15,0,153,188
1116,0,33,62,121,5,30
1117,0,34,62,121,6,30
1118,0,35,62,121,7,30
1119,0,36,62,121,8,30
1120,121,5,31,0,33,63
1121,121,6,31,0,34,63
1122,121,7,31,0,35,63
1123,121,8,31,0,36,63
1124,121,11,23,122,6,28
1125,121,12,23,122,7,28
1126,122,6,29,121,11,24
1127,122,7,29,121,12,24
1128,122,23,1,129,20,5
1129,122,24,1,129,21,5
1130,129,20,4,122,23,2
1131,129,21,4,122,24,2
1132,129,14,23,124,5,3
1133,129,15,23,124,6,3
1134,124,5,2,129,14,22
1135,124,6,2,129,15,22
1136,124,22,29,123,15,12
1137,124,23,29,123,16,12
1138,123,15,11,124,22,28
1139,123,16,11,124,23,28
1140,123,29,18,121,1,8
1141,121,0,8,123,28,18
1142,123,0,14,127,28,26
1143,127,29,26,123,1,14
1144,130,28,12,127,1,15
1145,127,0,15,130,26,12
1146,127,5,15,125,9,28
1147,127,6,15,125,10,28
1148,125,9,29,127,5,16
1149,125,10,29,127,6,16
1150,127,18,25,128,1,28
1151,127,19,25,128,2,28
1152,128,1,29,127,18,25
1153,128,2,29,127,19,25
1154,123,21,15,128,1,28
1155,123,22,15,128,2,28
1156,125,16,4,126,4,2
1157,125,17,4,126,5,2
1158,126,4,1,127,14,2
1159,126,5,1,127,14,2
1160,130,16,7,126,22,28
1161,130,17,7,126,23,28
1162,126,22,29,130,16,8
1163,126,23,29,130,17,8
1164,130,22,5,64,14,26
1165,64,14,25,130,22,6
1166,64,19,19,64,15,16
1167,64,16,16,64,19,20
1168,64,12,1,65,26,23
1169,65,26,22,64,12,2
1170,65,14,1,68,15,20
1171,68,15,19,65,14,2
1172,68,9,2,69,18,3
1173,69,18,2,68,9,3
1174,69,8,0,66,1,27
1175,66,2,27,69,8,1
1176,66,15,3,67,23,5
1177,67,23,4,66,15,4
1178,67,0,19,69,11,28
1179,69,11,29,67,1,19
1180,128,12,3,126,23,1
1181,128,13,3,126,24,1
1182,126,23,0,128,12,4
1183,126,24,0,128,13,4
1184,0,79,34,90,2,1
1185,90,2,0,0,79,35
1186,0,80,34,90,2,1
1187,90,26,9,93,24,14
1188,93,23,14,90,26,8
1189,93,19,12,96,5,4
1190,96,5,3,93,19,13
1191,96,19,22,95,11,7
1192,95,11,6,96,19,23
1193,95,21,10,91,20,3
1194,91,20,2,95,21,11
1195,91,1,9,92,10,13
1196,92,10,12,91,0,9
1197,92,5,26,90,23,21
1198,90,22,21,92,5,25
1199,90,16,2,91,11,23
1200,91,12,23,90,16,3
1201,92,26,9,93,5,4
1202,93,5,3,92,26,10
1203,475,2,2,476,11,26
1204,476,11,25,475,2,3
1205,476,13,2,477,1,17
1206,477,1,16,476,13,3
1207,477,13,1,478,8,3
1208,478,8,2,477,13,2
1209,478,17,17,480,1,2
1210,480,1,1,478,17,18
1211,480,16,36,481,8,1
1212,481,8,0,480,16,37
1213,481,18,12,482,8,14
1214,482,8,13,481,18,13
1215,482,13,13,483,0,3
1216,483,0,2,482,13,14
1217,482,2,2,484,0,2
1218,484,0,1,482,2,3
1219,483,17,17,473,0,9
1220,473,0,8,483,17,18
1221,479,0,7,484,0,2
1222,479,1,7,484,0,2
1223,0,199,70,59,17,18
1224,0,200,70,59,18,18
1225,59,17,19,0,199,71
1226,59,18,19,0,200,71
1227,59,9,8,56,10,7
1228,56,11,7,59,7,8
1229,56,3,23,62,1,13
1230,56,10,25,58,2,3
1231,58,1,3,56,10,24
1232,58,6,7,60,2,10
1233,60,1,10,58,5,7
1234,60,0,18,63,3,2
1235,60,24,7,61,27,7
1236,61,25,7,60,23,7
1237,61,27,19,57,0,1
1238,57,0,0,61,27,18
1239,61,0,4,58,16,10
1240,58,17,10,61,1,4
1241,57,10,5,63,12,22
1242,63,13,22,57,9,5
1243,63,1,11,63,16,5
1244,63,15,5,63,1,10
1245,63,2,2,60,1,18
1246,57,19,12,58,7,1
1247,58,7,0,57,18,12
1248,62,0,13,56,4,23
1249,170,1,2,171,22,8
1250,170,2,2,171,23,8
1251,171,22,7,170,1,3
1252,171,23,7,170,2,3
1253,171,15,27,172,28,2
1254,171,16,27,172,29,2
1255,172,28,1,171,15,26
1256,172,29,1,171,16,26
1257,172,6,3,173,19,6
1258,172,7,3,173,20,6
1259,172,0,20,174,15,18
1260,174,15,17,172,1,20
1261,174,16,17,172,1,20
1262,172,12,24,175,2,2
1263,172,13,24,175,2,2
1264,173,19,5,172,6,4
1265,173,20,5,172,7,4
1266,173,1,29,176,27,1
1267,173,2,29,176,28,1
1268,174,22,1,178,3,3
1269,174,23,1,178,4,3
1270,178,3,2,174,22,2
1271,178,4,2,174,23,2
1272,174,9,3,179,5,14
1273,174,10,3,179,5,14
1274,179,5,13,174,9,4
1275,174,5,29,175,19,1
1276,174,6,29,175,20,1
1277,175,19,0,174,5,28
1278,175,20,0,174,6,28
1279,175,15,13,177,22,19
1280,177,21,18,175,15,14
1281,177,22,18,175,15,14
1282,175,2,1,179,19,11
1283,176,14,18,177,21,1
1284,176,15,18,177,22,1
1285,176,27,0,173,1,28
1286,176,28,0,173,2,28
1287,177,21,0,176,14,19
1288,177,22,0,176,15,19
1289,177,7,22,178,13,4
1290,178,13,3,179,19,11
1291,178,14,3,179,19,11
1292,179,19,10,178,13,4
1293,180,24,3,179,5,14
1294,180,25,3,179,5,14
1295,181,5,22,182,24,13
1296,181,25,16,184,8,20
1297,182,24,12,181,5,23
1298,182,1,5,185,13,13
1299,185,13,12,182,1,6
1300,183,10,12,190,16,16
1301,184,8,19,181,25,17
1302,184,14,7,188,0,4
1303,184,3,1,189,19,5
1304,185,4,11,189,3,16
1305,186,3,26,187,11,23
1306,186,16,16,188,16,21
1307,187,11,22,186,3,27
1308,187,15,8,188,6,10
1309,188,16,20,186,16,17
1310,188,6,9,187,15,9
1311,188,0,3,184,14,8
1312,189,3,15,185,4,12
1313,189,12,9,190,16,16
1314,189,19,4,184,3,2
1315,190,16,15,189,12,10
1316,0,195,139,80,1,3
1317,0,196,139,80,1,4
1318,80,0,3,0,195,140
1319,80,0,4,0,196,140
1320,80,29,24,81,1,1
1321,81,1,0,80,28,24
1322,81,25,27,82,5,12
1323,82,5,11,81,25,26
1324,82,10,19,83,4,15
1325,83,4,14,82,10,20
1326,83,21,21,84,22,10
1327,84,22,9,83,21,22
1328,84,3,14,85,7,8
1329,85,7,7,84,3,15
1330,85,14,22,86,21,20
1331,86,21,19,85,14,23
1332,86,12,10,87,1,9
1333,87,1,8,86,12,11
1334,87,19,11,88,17,11
1335,88,17,10,87,19,12
1336,88,1,5,89,6,5
1337,89,6,4,88,1,6
1338,89,27,3,86,1,3
1339,86,1,2,89,27,4
1340,450,11,25,451,6,28
1341,450,12,25,451,7,28
1342,451,6,29,450,11,26
1343,451,7,29,450,12,26
1344,451,23,1,458,20,5
1345,451,24,1,458,21,5
1346,458,20,4,451,23,2
1347,458,21,4,451,24,2
1348,458,14,23,453,5,3
1349,458,15,23,453,6,3
1350,453,5,2,458,14,22
1351,453,6,2,458,15,22
1352,453,22,29,452,15,12
1353,453,23,29,452,16,12
1354,452,15,11,453,22,28
1355,452,16,11,453,23,28
1356,452,21,15,457,1,28
1357,452,22,15,457,2,28
1358,457,12,4,455,23,2
1359,457,13,4,455,24,2
1360,455,23,1,457,12,5
1361,455,24,1,457,13,5
1362,455,4,1,454,16,5
1363,455,5,1,456,14,2
1364,454,9,29,456,5,16
1365,454,10,29,456,6,16
1366,456,0,16,459,28,14
1367,459,29,14,456,1,16
1368,455,22,29,459,16,9
1369,455,23,29,459,17,9
1370,459,16,8,455,22,28
1371,459,17,8,455,23,28
1372,459,22,6,384,14,26
1373,384,14,25,459,22,7
1374,384,19,19,384,15,16
1375,384,16,16,384,19,20
1376,384,12,1,385,26,23
1377,385,26,22,384,12,2
1378,385,14,1,388,15,20
1379,388,15,19,385,14,2
1380,388,9,2,389,18,3
1381,389,18,2,388,9,3
1382,389,8,0,386,1,27
1383,386,2,27,389,8,1
1384,386,15,3,387,23,5
1385,387,23,4,386,15,4
1386,387,0,19,389,11,28
1387,389,11,29,387,1,19
1388,456,18,24,457,1,28
1389,456,19,24,457,2,28
1390,457,1,29,456,18,25
1391,457,2,29,456,19,25
1392,456,5,15,454,9,28
1393,456,6,15,454,10,28
1394,456,29,26,452,1,14
1395,452,0,14,456,28,26
1396,452,29,18,450,1,7
1397,450,0,7,452,28,18
1398,181,27,22,41,17,40
1399,181,27,23,41,17,40
1400,246,7,21,41,16,46
1401,246,6,2,241,2,12
1402,241,2,11,246,6,3
1403,241,1,0,245,17,19
1404,245,17,18,241,1,1
1405,245,1,0,240,12,10
1406,240,12,9,245,1,1
1407,240,25,31,242,3,4
1408,242,3,3,240,25,32
1409,242,1,13,243,7,1
1410,243,7,0,242,1,14
1411,243,8,0,242,1,14
1412,242,1,33,243,7,1
1413,243,16,29,247,5,1
1414,243,17,29,247,6,1
1415,247,5,0,243,16,28
1416,247,6,0,243,17,28
1417,247,1,19,248,1,4
1418,248,1,3,247,1,20
1419,244,12,29,243,7,1
1420,244,13,29,243,8,1
1425,446,10,23,330,103,23
1426,446,11,23,330,104,23
1427,446,8,8,441,24,23
1428,441,24,22,446,8,9
1429,446,17,12,445,5,16
1430,445,5,15,446,17,13
1431,445,13,4,444,9,12
1432,444,9,11,445,13,5
1433,444,13,4,443,2,4
1434,443,2,3,444,13,5
1435,444,28,24,441,13,16
1436,441,13,15,444,28,25
1437,441,5,3,447,16,14
1438,447,16,13,441,5,4
1439,447,10,1,442,2,26
1440,442,2,25,447,10,2
1441,191,11,29,41,18,23
1442,191,26,2,192,6,18
1443,192,6,19,191,26,3
1444,192,27,1,194,2,22
1445,194,2,23,192,27,2
1446,194,15,1,197,11,2
1447,197,11,1,194,15,2
1448,191,13,1,193,7,3
1449,193,7,2,191,13,2
1450,193,17,3,195,27,27
1451,195,27,26,193,17,4
1452,195,14,1,197,28,2
1453,197,28,1,195,14,2
1454,197,28,20,198,17,20
1455,198,17,21,197,28,21
1456,198,18,1,199,18,20
1457,199,18,19,198,18,2
1458,199,6,1,200,9,18
1459,200,9,19,199,6,2
1460,196,11,35,199,18,20
1461,394,14,0,393,14,21
1462,151,12,19,41,9,13
1463,151,13,15,152,5,18
1464,152,5,19,151,13,16
1465,152,14,1,153,22,28
1466,153,22,29,152,14,2
1467,153,8,2,155,11,26
1468,155,11,27,153,8,3
1469,155,23,1,156,6,26
1470,156,6,27,155,23,2
1471,156,4,18,159,5,18
1472,156,25,1,159,10,1
1473,156,11,1,157,12,27
1474,157,12,28,156,11,2
1475,157,18,8,157,18,6
1476,157,18,7,157,18,9
1477,157,26,20,159,4,2
1478,159,4,1,157,25,4
1479,157,10,2,158,12,28
1480,158,12,29,157,10,3
1481,158,28,1,156,4,17
1482,158,13,0,159,27,2
1483,159,10,0,156,25,2
1484,159,27,1,158,13,1
1485,159,5,17,156,4,17
1486,137,8,7,138,17,3
1487,137,9,7,138,18,3
1488,138,17,2,137,8,8
1489,138,18,2,137,9,8
1490,138,3,1,139,18,37
1491,139,18,38,138,3,2
1492,139,1,0,134,22,28
1493,139,2,0,134,23,28
1494,134,22,29,139,1,1
1495,134,23,29,139,2,1
1496,134,0,3,131,28,22
1497,134,0,4,131,28,22
1498,131,29,22,134,1,3
1499,131,5,29,132,5,6
1500,132,5,5,131,5,28
1501,131,0,7,132,28,3
1502,131,0,8,132,28,4
1503,132,29,3,131,1,7
1504,132,29,4,131,1,8
1505,131,22,2,133,10,28
1506,131,23,2,133,10,28
1507,131,24,2,133,11,28
1508,133,10,29,131,22,3
1509,133,11,29,131,23,3
1511,133,0,3,135,28,5
1512,135,29,5,133,1,3
1513,135,16,1,140,5,16
1514,140,5,17,135,16,2
1515,135,20,29,136,20,2
1516,135,23,29,136,23,2
1517,136,20,1,135,20,28
1518,136,23,1,135,23,28
1519,136,6,3,135,6,26
1520,135,6,27,136,6,4
1521,3160,18,3,3161,12,16
1522,3161,12,15,3160,18,4
1523,3161,9,2,3162,2,25
1524,3162,2,24,3161,9,3
1525,3162,24,1,3163,22,25
1526,3163,22,24,3162,24,2
1527,3160,13,12,3162,24,2
1528,3162,3,2,3166,2,25
1529,3166,1,25,3162,3,3
1530,3166,7,6,3166,23,25
1531,3166,23,24,3166,7,7
1532,3166,23,0,3167,24,3
1533,3167,24,2,3161,9,3
1534,3163,15,29,3165,17,15
1535,3163,16,29,3165,17,15
1536,3165,17,14,3163,16,28
1537,3163,9,25,3161,24,1
1538,3161,24,0,3163,9,24
1539,3163,21,11,3165,0,1
1540,3165,0,0,3163,21,10
1541,3164,9,0,3167,24,3
1542,3164,9,22,3165,16,22
1543,3165,16,21,3164,9,23
1544,3165,18,0,3166,1,24
1545,3167,11,21,3168,27,1
1546,3168,27,0,3167,11,22
1547,3160,1,0,41,43,46
1548,141,1,1,142,27,14
1549,142,27,13,141,1,2
1550,142,7,7,143,8,2
1551,143,8,1,142,7,8
1552,143,27,1,144,15,33
1553,144,15,32,143,27,2
1554,144,11,3,145,11,1
1555,145,11,0,144,11,4
1556,145,26,23,146,24,7
1557,146,24,6,145,26,24
1558,150,26,3,149,1,1
1559,146,16,0,150,26,4
1560,150,27,21,149,1,1
1561,149,1,0,150,26,4
1562,149,11,16,148,8,1
1563,148,8,0,149,11,17
1564,148,13,22,147,1,2
1565,147,1,1,148,13,23
1566,147,27,6,143,21,27
1567,143,21,26,147,27,7
1568,257,17,9,254,13,28
1569,257,6,1,251,15,2
1570,250,13,0,253,4,28
1571,250,14,0,253,5,28
1572,250,12,29,256,17,1
1573,250,13,29,256,17,1
1574,251,15,0,257,6,2
1575,251,26,19,252,12,2
1576,251,27,19,252,13,2
1577,252,12,0,251,26,18
1578,252,13,0,251,27,18
1579,252,6,39,254,8,1
1580,252,7,39,254,9,1
1581,253,7,0,41,29,16
1582,253,8,0,41,29,16
1583,253,4,29,250,13,1
1584,253,5,29,250,14,1
1585,256,17,0,250,12,28
1586,254,13,29,258,3,1
1587,254,14,29,258,4,1
1588,254,8,0,252,6,38
1589,254,9,0,252,7,38
1590,255,13,39,256,1,11
1591,255,14,39,256,1,11
1592,256,1,10,258,9,2
1593,258,9,1,256,1,11
1594,258,3,0,254,13,28
1595,258,4,0,254,14,28
1596,231,17,0,41,40,22
1597,231,2,9,237,10,1
1598,231,19,19,232,12,20
1599,232,12,19,231,19,18
1600,232,6,6,231,19,18
1601,232,1,24,234,18,3
1602,233,28,0,234,14,26
1603,233,26,21,238,0,17
1604,233,27,0,234,14,26
1605,234,14,27,233,28,1
1606,234,18,2,232,1,23
1607,235,1,1,236,1,27
1608,236,1,26,238,14,17
1609,236,2,0,239,1,1
1610,237,10,0,232,6,5
1611,237,1,0,239,7,3
1612,237,14,7,238,1,2
1613,238,1,1,237,14,8
1614,238,0,16,233,26,22
1615,238,14,16,236,1,27
1616,239,1,0,236,2,1
1617,239,7,2,237,1,1
1618,2535,7,0,2500,134,154
1619,2500,134,155,2535,7,1
1620,2535,8,29,2536,9,1
1621,2535,9,29,2536,10,1
1622,2536,9,0,2535,8,28
1623,2536,10,0,2535,9,28
1624,2536,4,19,2537,21,1
1625,2537,21,0,2536,4,18
1626,2537,22,0,2536,4,18
1627,2537,15,29,2538,8,1
1628,2537,16,29,2538,9,1
1629,2538,8,0,2537,15,28
1630,2538,9,0,2537,16,28
1631,2538,42,0,2539,14,28
1632,2538,43,0,2539,15,28
1633,2539,14,29,2538,42,1
1634,2539,15,29,2538,43,1
1635,2539,6,0,2536,15,18
1636,2539,7,0,2536,15,18
1637,2536,15,19,2539,6,1
1638,2542,0,16,2500,142,87
1639,2542,0,17,2500,142,88
1640,2542,8,0,2543,9,30
1641,2542,9,0,2543,10,30
1642,2543,9,31,2542,8,1
1643,2543,10,31,2542,9,1
1644,2543,9,0,2544,12,22
1645,2543,10,0,2544,13,22
1646,2544,12,23,2543,9,1
1647,2544,13,23,2543,10,1
1648,2540,6,11,2539,22,9
1649,0,76,185,19,5,18
1650,0,77,185,19,6,18
1651,19,5,19,0,76,186
1652,19,6,19,0,77,186
1653,2500,36,2,2970,8,20
1654,2500,37,2,2970,9,20
1655,2970,8,21,2500,36,3
1656,2970,9,21,2500,37,3
1657,2500,29,56,2510,8,22
1658,2500,30,56,2510,9,22
1659,2510,8,23,2500,29,57
1660,2510,9,23,2500,30,57
1661,2510,0,11,2980,16,11
1662,2510,0,12,2980,16,12
1663,2980,17,11,2510,1,11
1664,2980,17,12,2510,1,12
1665,2510,8,0,3820,5,10
1666,2510,9,0,3820,6,10
1667,3820,5,11,2510,8,1
1668,3820,6,11,2510,9,1
1671,2545,5,2,2546,7,18
1672,2545,6,2,2546,8,18
1673,2546,7,19,2545,5,3
1674,2546,8,19,2545,6,3
1675,2546,7,2,2547,7,18
1676,2546,8,2,2547,8,18
1677,2547,7,19,2546,7,3
1678,2547,8,19,2546,8,3
1679,2547,7,2,2548,7,18
1680,2547,8,2,2548,8,18
1681,2548,7,19,2547,7,3
1682,2548,8,19,2547,8,3
1717,2548,7,2,2577,7,18
1718,2548,8,2,2577,8,18
1719,2577,7,19,2548,7,3
1720,2577,8,19,2548,8,3
1721,2577,7,2,2575,7,18
1722,2577,8,2,2575,8,18
1723,2575,7,19,2577,7,3
1724,2575,8,19,2577,8,3
1725,2575,7,2,2576,7,18
1726,2575,8,2,2576,8,18
1727,2576,7,19,2575,7,3
1728,2576,8,19,2575,8,3
1729,2576,7,2,2549,8,16
1730,2576,8,2,2549,8,16
1731,2549,8,17,2576,7,3
1813,2550,5,2,2551,7,18
1814,2550,6,2,2551,8,18
1815,2551,7,19,2550,5,3
1816,2551,8,19,2550,6,3
1817,2551,7,2,2552,7,18
1818,2551,8,2,2552,8,18
1819,2552,7,19,2551,7,3
1820,2552,8,19,2551,8,3
1821,2552,7,2,2553,7,18
1822,2552,8,2,2553,8,18
1823,2553,7,19,2552,7,3
1824,2553,8,19,2552,8,3
1825,2553,7,2,2580,7,18
1826,2553,8,2,2580,8,18
1827,2580,7,19,2553,7,3
1828,2580,8,19,2553,8,3
1829,2580,7,2,2578,7,18
1830,2580,8,2,2578,8,18
1831,2578,7,19,2580,7,3
1832,2578,8,19,2580,8,3
1833,2578,7,2,2579,7,18
1834,2578,8,2,2579,8,18
1835,2579,7,19,2578,7,3
1836,2579,8,19,2578,8,3
1837,2579,7,2,2554,8,16
1838,2579,8,2,2554,8,16
1839,2554,8,17,2579,7,3
1840,2555,5,2,2556,7,18
1841,2555,6,2,2556,8,18
1842,2556,7,19,2555,5,3
1843,2556,8,19,2555,6,3
1844,2556,7,2,2557,7,18
1845,2556,8,2,2557,8,18
1846,2557,7,19,2556,7,3
1847,2557,8,19,2556,8,3
1848,2557,7,2,2558,7,18
1849,2557,8,2,2558,8,18
1850,2558,7,19,2557,7,3
1851,2558,8,19,2557,8,3
1852,2558,7,2,2583,7,18
1853,2558,8,2,2583,8,18
1854,2583,7,19,2558,7,3
1855,2583,8,19,2558,8,3
1856,2583,7,2,2581,7,18
1857,2583,8,2,2581,8,18
1858,2581,7,19,2583,7,3
1859,2581,8,19,2583,8,3
1860,2581,7,2,2582,7,18
1861,2581,8,2,2582,8,18
1862,2582,7,19,2581,7,3
1863,2582,8,19,2581,8,3
1864,2582,7,2,2559,8,16
1865,2582,8,2,2559,8,16
1866,2559,8,17,2582,7,3
1867,2560,5,2,2561,7,18
1868,2560,6,2,2561,8,18
1869,2561,7,19,2560,5,3
1870,2561,8,19,2560,6,3
1871,2561,7,2,2562,7,18
1872,2561,8,2,2562,8,18
1873,2562,7,19,2561,7,3
1874,2562,8,19,2561,8,3
1875,2562,7,2,2563,7,18
1876,2562,8,2,2563,8,18
1877,2563,7,19,2562,7,3
1878,2563,8,19,2562,8,3
1879,2563,7,2,2586,7,18
1880,2563,8,2,2586,8,18
1881,2586,7,19,2563,7,3
1882,2586,8,19,2563,8,3
1883,2586,7,2,2584,7,18
1884,2586,8,2,2584,8,18
1885,2584,7,19,2586,7,3
1886,2584,8,19,2586,8,3
1887,2584,7,2,2585,7,18
1888,2584,8,2,2585,8,18
1889,2585,7,19,2584,7,3
1890,2585,8,19,2584,8,3
1891,2585,7,2,2564,8,16
1892,2585,8,2,2564,8,16
1893,2564,8,17,2585,7,3
1894,2565,5,2,2566,7,18
1895,2565,6,2,2566,8,18
1896,2566,7,19,2565,5,3
1897,2566,8,19,2565,6,3
1898,2566,7,2,2567,7,18
1899,2566,8,2,2567,8,18
1900,2567,7,19,2566,7,3
1901,2567,8,19,2566,8,3
1902,2567,7,2,2568,7,18
1903,2567,8,2,2568,8,18
1904,2568,7,19,2567,7,3
1905,2568,8,19,2567,8,3
1906,2568,7,2,2589,7,18
1907,2568,8,2,2589,8,18
1908,2589,7,19,2568,7,3
1909,2589,8,19,2568,8,3
1910,2589,7,2,2587,7,18
1911,2589,8,2,2587,8,18
1912,2587,7,19,2589,7,3
1913,2587,8,19,2589,8,3
1914,2587,7,2,2588,7,18
1915,2587,8,2,2588,8,18
1916,2588,7,19,2587,7,3
1917,2588,8,19,2587,8,3
1918,2588,7,2,2569,8,16
1919,2588,8,2,2569,8,16
1920,2569,8,17,2588,7,3
1921,2545,5,11,2500,9,51
1922,2545,6,11,2500,10,51
1923,2550,5,11,2500,9,51
1924,2550,6,11,2500,10,51
1925,2555,5,11,2500,9,51
1926,2555,6,11,2500,10,51
1927,2560,5,11,2500,9,51
1928,2560,6,11,2500,10,51
1929,2565,5,11,2500,9,51
1930,2565,6,11,2500,10,51
1931,201,14,19,41,49,14
1932,201,8,8,206,7,9
1933,201,6,5,207,12,20
1934,201,12,6,202,7,2
1935,202,7,3,201,12,7
1936,202,10,11,204,15,53
1937,202,11,11,204,15,53
1938,202,12,11,204,15,53
1939,203,17,7,208,17,36
1940,203,17,6,208,17,36
1941,203,15,6,208,17,36
1942,203,16,12,205,23,37
1943,203,18,12,205,23,37
1944,203,17,12,204,9,6
1945,204,8,59,206,6,28
1946,204,9,59,206,7,28
1947,204,10,59,206,7,28
1948,204,5,53,207,12,5
1949,204,15,54,202,11,12
1950,204,8,5,208,1,24
1951,204,9,5,208,2,24
1952,204,10,5,208,3,24
1953,205,6,6,207,29,27
1954,205,23,38,204,9,6
1955,205,24,38,204,10,6
1956,206,7,8,201,8,9
1957,206,6,29,204,8,58
1958,206,7,29,204,9,58
1959,207,12,4,204,5,54
1960,207,12,19,201,6,6
1961,207,13,19,201,6,6
1962,208,1,23,204,8,6
1963,208,2,23,204,9,6
1964,208,3,23,204,10,6
1965,208,16,35,203,15,4
1966,208,17,35,203,15,4
1967,208,18,35,203,15,4
1968,1002,210,95,1401,15,29
1969,1002,211,95,1401,16,29
1970,1401,15,30,1002,210,96
1971,1401,16,30,1002,211,96
1972,1002,147,9,1416,15,30
1973,1002,148,9,1416,16,30
1974,1416,15,31,1002,147,10
1975,1416,16,31,1002,148,10
1976,1002,15,126,1406,16,50
1977,1002,16,126,1406,17,50
1978,1406,16,51,1002,15,127
1979,1406,17,51,1002,16,127
1980,1002,116,207,1411,15,46
1981,1002,117,207,1411,16,46
1982,1411,15,47,1002,116,208
1983,1411,16,47,1002,117,208
1984,1451,5,41,1005,174,94
1985,1005,174,93,1451,5,40
1986,1005,175,93,1451,6,40
1987,1451,2,18,1451,15,40
1988,1451,15,41,1451,2,19
1989,1451,14,1,1452,3,1
1990,1452,3,0,1451,14,2
1991,1452,0,31,1453,6,38
1992,1453,5,39,1452,1,31
1993,1453,36,3,1454,6,1
1994,1454,6,0,1453,36,5
1995,1454,22,11,1455,15,8
1996,1455,15,7,1005,146,95
1998,6583,6,6,6582,27,2
1999,6582,27,1,6583,6,7
2000,6582,11,13,6585,26,2
2001,6585,26,1,6582,11,14
2002,6585,1,0,6589,6,9
2003,6589,6,8,6585,1,1
2004,6589,5,14,6583,27,25
2005,6583,27,24,6589,5,15
2006,6585,3,20,6586,18,4
2007,6586,18,3,6585,3,21
2008,6586,1,23,6587,1,2
2009,6587,1,1,6586,1,24
2010,6587,27,19,6588,1,23
2011,6588,1,22,6587,27,20
2012,6588,1,0,6590,2,16
2013,6590,2,15,6588,1,1
2014,6588,28,13,6584,4,30
2015,6584,4,29,6588,28,14
2016,6584,8,5,6591,25,24
2017,6591,25,23,6584,8,6
2018,6591,1,0,6590,28,25
2019,6590,28,24,6591,1,1
2020,6591,13,11,6592,3,16
2021,6592,2,17,6591,13,12
2022,6592,3,17,6591,13,12
2023,6592,14,2,6593,7,8
2024,6593,7,7,6592,14,3
2025,6593,29,3,6594,1,8
2026,6594,0,8,6593,28,3
2027,6594,18,29,6595,14,1
2028,6594,19,29,6595,14,1
2029,6594,20,29,6595,15,1
2030,6595,14,0,6594,19,28
2031,6595,15,0,6594,20,28
2032,6595,4,31,6596,24,1
2033,6595,5,31,6596,25,1
2034,6596,24,0,6595,4,30
2035,6596,25,0,6595,5,30
2036,6596,12,29,6597,11,1
2037,6596,13,29,6597,12,1
2038,6597,11,0,6596,12,28
2039,6597,12,0,6596,13,28
2040,6597,26,25,6598,1,3
2041,6598,0,3,6597,26,24
2042,6598,24,29,6599,11,1
2043,6598,25,29,6599,12,1
2044,6599,11,0,6598,24,28
2045,6599,12,0,6598,25,28
2046,3800,13,20,3801,5,10
2047,3800,14,20,3801,6,10
2049,3801,5,11,3800,13,21
2050,3801,6,11,3800,14,21
2051,3800,49,41,3803,4,10
2052,3800,50,41,3803,5,10
2053,3803,4,11,3800,49,42
2054,3803,5,11,3800,50,42
2055,1023,41,44,1029,7,12
2056,1023,42,44,1029,8,12
2057,1029,7,13,1023,41,45
2058,1029,8,13,1023,42,45
2059,1029,9,13,1023,41,45
2060,2500,21,87,2518,5,10
2061,2500,22,87,2518,6,10
2062,2518,5,11,2500,21,88
2063,2518,6,11,2500,22,88
2064,255,7,0,3031,8,13
2065,3031,8,14,41,29,13
2066,214,8,59,41,49,28
2067,214,9,59,41,49,28
2068,110,17,21,3030,8,12
2069,110,18,21,3030,8,12
2070,3030,8,14,41,29,13
2071,180,7,26,3026,8,11
2072,180,8,26,3026,8,11
2073,3026,8,14,41,29,13
2074,1004,51,0,1111,3,18
2075,1004,52,0,1111,4,18
2076,1111,3,19,1004,51,1
2077,1111,4,19,1004,52,1
2078,1023,41,28,1030,5,12
2079,1023,42,28,1030,6,12
2080,1030,5,13,1023,41,29
2081,1030,6,13,1023,42,29
2082,235,15,0,3028,8,12
2083,3235,15,0,3028,8,12
2084,4235,15,0,3028,8,12
2085,3028,8,14,41,29,13
2086,244,2,3,3024,8,12
2087,3244,2,3,3024,8,12
2088,4244,2,3,3024,8,12
2089,3024,8,14,41,29,13
2090,169,0,10,3021,8,12
2091,3169,0,10,3021,8,12
2092,4169,0,10,3021,8,12
2093,3021,8,14,41,29,13
2094,479,4,0,3029,8,12
2095,3479,4,0,3029,8,12
2096,4479,4,0,3029,8,12
2097,3029,8,14,41,29,13
2098,183,1,1,3027,8,12
2099,3183,1,1,3027,8,12
2100,4183,1,1,3027,8,12
2101,3027,8,14,41,29,13
2102,3244,2,1,3024,8,12
2103,4244,2,1,3024,8,12
2104,3024,8,14,41,29,13
2105,196,11,3,3022,8,12
2106,3196,11,3,3022,8,12
2107,4196,11,3,3022,8,12
2108,3022,8,14,41,29,13
2109,3022,9,14,41,29,13
2110,3255,7,0,3031,8,12
2111,4255,7,0,3031,8,12
2112,217,9,0,3023,8,12
2113,217,10,0,3023,8,12
2114,3217,9,0,3023,8,12
2115,3217,10,0,3023,8,12
2116,4217,9,0,3023,8,12
2117,4217,10,0,3023,8,12
2118,3023,8,14,41,29,13
2119,208,15,5,3020,8,12
2120,3208,15,5,3020,8,12
2121,4208,15,5,3020,8,12
2122,3020,8,14,41,29,13
2123,157,25,3,3025,8,12
2124,3157,25,3,3025,8,12
2125,4157,25,3,3025,8,12
2126,3025,8,14,41,29,13
2127,3110,17,21,3030,8,12
2128,4110,17,21,3030,8,12
2129,2500,126,34,2512,8,21
2130,2500,127,34,2512,9,21
2131,2512,8,23,2500,126,35
2132,2512,9,23,2500,127,35
2133,2512,8,0,3828,5,10
2134,2512,9,0,3828,6,10
2135,3828,5,11,2512,8,1
2136,3828,6,11,2512,9,1
2137,2500,132,22,2570,13,25
2138,2500,133,22,2570,14,25
2139,2570,13,27,2500,132,23
2140,2570,14,27,2500,133,23
2141,2570,5,6,2571,7,14
2142,2570,6,6,2571,8,14
2143,2571,7,15,2570,5,7
2144,2571,8,15,2570,6,7
2145,2570,13,6,2572,7,14
2146,2570,14,6,2572,8,14
2147,2572,7,15,2570,13,7
2148,2572,8,15,2570,14,7
2149,2570,21,6,2573,7,14
2150,2570,22,6,2573,8,14
2151,2573,7,15,2570,21,7
2152,2573,8,15,2570,22,7
2153,2205,15,31,2200,3,19
2154,2205,16,31,2200,3,19
2155,2200,3,18,2205,15,30
2156,2210,23,10,2200,1,9
2157,2210,23,11,2200,1,9
2158,2200,0,9,2210,22,10
2159,2210,5,0,0,109,218
2160,2210,6,0,0,110,218
2161,2500,96,101,2516,8,22
2162,2500,97,101,2516,9,22
2163,2516,8,23,2500,96,102
2164,2516,9,23,2500,97,102
2165,2516,8,0,3832,5,10
2166,2516,9,0,3832,6,10
2167,3832,5,11,2516,8,1
2168,3832,6,11,2516,9,1
2169,2522,18,39,2500,99,115
2170,2522,19,39,2500,100,115
2171,2522,20,39,2500,100,115
2172,2522,7,0,2521,27,38
2173,2521,27,39,2522,7,1
2174,2522,30,0,2523,9,38
2175,2523,9,39,2522,30,1
2176,2523,10,39,2522,30,1
2177,2522,19,0,2525,11,53
2178,2525,11,54,2522,19,1
2179,2521,25,0,2524,7,38
2180,2524,7,39,2521,25,1
2181,2523,10,0,2526,30,38
2182,2526,30,39,2523,10,1
2183,2526,9,0,2529,20,38
2184,2529,20,39,2526,9,1
2185,2524,26,0,2527,20,38
2186,2527,20,39,2524,26,1
2187,2527,39,14,2528,1,18
2188,2528,0,18,2527,38,14
2189,2529,0,8,2528,38,22
2190,2528,39,22,2529,1,8
2191,2525,15,0,2528,15,38
2192,2528,15,39,2525,15,1
2193,2500,19,140,2514,8,22
2194,2500,20,140,2514,9,22
2195,2514,8,23,2500,19,141
2196,2514,9,23,2500,20,141
2197,2514,8,0,3824,5,10
2198,2514,9,0,3824,6,10
2199,3824,5,11,2514,8,1
2200,3824,6,11,2514,9,1
2201,2520,5,19,2500,36,17
2202,2520,6,19,2500,37,17
2203,2520,7,19,2500,38,17
2204,2520,8,19,2500,39,17
2205,2520,9,19,2500,40,17
2206,2520,10,19,2500,41,17
2207,2520,11,19,2500,42,17
2208,2520,12,19,2500,43,17
2209,2500,36,16,2520,5,18
2210,2500,37,16,2520,6,18
2211,2500,38,16,2520,7,18
2212,2500,39,16,2520,8,18
2213,2500,40,16,2520,9,18
2214,2500,41,16,2520,10,18
2215,2500,42,16,2520,11,18
2216,2500,43,16,2520,12,18
2217,2500,0,0,0,0,0
2361,1125,5,10,1121,24,9
2362,1125,6,10,1121,25,9
2363,1121,24,8,1125,5,9
2364,1121,25,8,1125,6,9
2365,2210,5,23,1009,2,1
2366,2210,6,23,1009,3,1
2367,1009,73,99,2500,12,3
2368,1009,74,99,2500,13,3
2369,1009,75,99,2500,14,3
2370,1009,76,99,2500,15,3
2371,2500,12,2,1009,73,98
2372,2500,13,2,1009,74,98
2373,2500,14,2,1009,75,98
2374,2500,15,2,1009,76,98
3030,330,127,120,3041,4,8
3031,330,128,120,3041,5,8
3032,3041,4,9,330,127,121
3033,3041,5,9,330,128,121
3034,3168,27,0,3167,11,22
3035,3167,11,21,3168,27,1
3037,3169,11,16,3168,9,18
3039,169,11,16,168,9,18
3040,3169,20,21,3169,1,1
3041,3169,1,0,3169,20,22
3042,4169,20,21,4169,1,1
3043,4169,1,0,4169,20,22
3044,4160,18,3,4161,12,16
3045,4161,12,15,4160,18,4
3046,4161,9,2,4162,2,25
3047,4162,2,24,4161,9,3
3048,4162,24,1,4163,22,25
3049,4163,22,24,4162,24,2
3050,4160,13,12,4162,24,2
3051,4162,3,2,4166,2,25
3052,4166,1,25,4162,3,3
3053,4166,7,6,4166,23,25
3054,4166,23,24,4166,7,7
3055,4166,23,0,4167,24,3
3056,4167,24,2,4161,9,3
3057,4163,15,29,4165,17,15
3058,4163,16,29,4165,17,15
3059,4165,17,14,4163,16,28
3060,4163,9,25,4161,24,1
3061,4161,24,0,4163,9,24
3062,4163,21,11,4165,0,1
3063,4165,0,0,4163,21,10
3064,4164,9,0,4167,24,3
3065,4164,9,22,4165,16,22
3066,4165,16,21,4164,9,23
3067,4165,18,0,4166,1,24
3068,4167,11,21,4168,27,1
3069,4168,27,0,4167,11,22
3070,4160,1,0,41,43,46
3071,4169,0,10,3021,8,12
3073,4169,11,16,4168,9,18
3074,4169,20,21,4169,1,1
3075,4169,1,0,4169,20,22
3076,100,1,11,41,10,28
3077,100,29,3,41,10,28
3078,3100,1,11,41,10,28
3079,3100,29,3,41,10,28
3080,4100,1,11,41,10,28
3081,4100,29,3,41,10,28
3082,101,0,5,102,20,3
3083,101,26,26,100,2,11
3084,102,6,20,100,2,11
3085,102,20,3,101,0,6
3086,103,17,15,100,2,11
3087,103,28,28,104,6,19
3088,104,6,18,103,28,27
3089,104,29,5,100,2,11
3090,105,12,19,106,12,10
3091,105,9,1,100,2,11
3092,106,12,9,107,28,23
3093,106,3,26,100,2,11
3094,107,28,22,106,12,10
3095,107,0,7,100,2,11
3096,108,2,6,107,28,23
3097,108,20,22,100,2,11
3098,109,26,29,108,2,7
3099,110,3,14,100,2,11
3100,110,18,21,3030,8,13
3101,190,15,6,186,4,16
3102,3181,5,22,3182,24,13
3103,3181,25,16,3184,8,20
3104,3182,24,12,3181,5,23
3105,3182,1,5,3185,13,13
3106,3185,13,12,3182,1,6
3107,3183,10,12,3190,16,16
3108,3184,8,19,3181,25,17
3109,3184,14,7,3188,0,4
3110,3185,3,1,3189,19,5
3111,3185,4,11,3189,3,16
3112,3186,3,26,3187,11,23
3113,3186,16,16,3188,16,21
3114,3187,11,22,3186,3,27
3115,3187,15,8,3188,6,10
3116,3188,16,20,3186,16,17
3117,3188,6,9,3187,15,9
3118,3188,0,3,3184,14,8
3119,3189,3,15,3185,4,12
3120,3189,12,9,3190,16,16
3121,3189,19,4,3184,3,2
3122,3190,16,15,3189,12,10
3123,3181,27,22,41,17,40
3124,3181,27,23,41,17,40
3125,3183,1,1,3027,8,12
3126,3190,15,6,3186,4,16
3127,4181,5,22,4182,24,13
3128,4181,25,16,4184,8,20
3129,4182,24,12,4181,5,23
3130,4182,1,5,4185,13,13
3131,4185,13,12,4182,1,6
3132,4183,10,12,4190,16,16
3133,4184,8,19,4181,25,17
3134,4184,14,7,4188,0,4
3135,4185,3,1,4189,19,5
3136,4185,4,11,4189,3,16
3137,4186,3,26,4187,11,23
3138,4186,16,16,4188,16,21
3139,4187,11,22,4186,3,27
3140,4187,15,8,4188,6,10
3141,4188,16,20,4186,16,17
3142,4188,6,9,4187,15,9
3143,4188,0,3,4184,14,8
3144,4189,3,15,4185,4,12
3145,4189,12,9,4190,16,16
3146,4189,19,4,4184,3,2
3147,4190,16,15,4189,12,10
3148,4181,27,22,41,17,40
3149,4181,27,23,41,17,40
3150,4183,1,1,3027,8,12
3151,4190,15,6,4186,4,16
3152,3170,1,2,3171,22,8
3153,3170,2,2,3171,23,8
3154,3171,22,7,3170,1,3
3155,3171,23,7,3170,2,3
3156,3171,15,27,3172,28,2
3157,3171,16,27,3172,29,2
3158,3172,28,1,3171,15,26
3159,3172,29,1,3171,16,26
3160,3172,6,3,3173,19,6
3161,3172,7,3,3173,20,6
3162,3172,0,20,3174,15,18
3163,3174,15,17,3172,1,20
3164,3174,16,17,3172,1,20
3165,3172,12,24,3175,2,2
3166,3172,13,24,3175,2,2
3167,3173,19,5,3172,6,4
3168,3173,20,5,3172,7,4
3169,3173,1,29,3176,27,1
3170,3173,2,29,3176,28,1
3171,3174,22,1,3178,3,3
3172,3174,23,1,3178,4,3
3173,3178,3,2,3174,22,2
3174,3178,4,2,3174,23,2
3175,3174,9,3,3179,5,14
3176,3174,10,3,3179,5,14
3177,3179,5,13,3174,9,4
3178,3174,5,29,3175,19,1
3179,3174,6,29,3175,20,1
3180,3175,19,0,3174,5,28
3181,3175,20,0,3174,6,28
3182,3175,15,13,3177,22,19
3183,3177,21,18,3175,15,14
3184,3177,22,18,3175,15,14
3185,3175,2,1,3179,19,11
3186,3176,14,18,3177,21,1
3187,3176,15,18,3177,22,1
3188,3176,27,0,3173,1,28
3189,3176,28,0,3173,2,28
3190,3177,21,0,3176,14,19
3191,3177,22,0,3176,15,19
3192,3177,7,22,3178,13,4
3193,3178,13,3,3179,19,11
3194,3178,14,3,3179,19,11
3195,3179,19,10,3178,13,4
3196,3180,24,3,3179,5,14
3197,3180,25,3,3179,5,14
3198,3180,7,26,3026,8,11
3199,3180,8,26,3026,8,11
3200,4170,1,2,4171,22,8
3201,4170,2,2,4171,23,8
3202,4171,22,7,4170,1,3
3203,4171,23,7,4170,2,3
3204,4171,15,27,4172,28,2
3205,4171,16,27,4172,29,2
3206,4172,28,1,4171,15,26
3207,4172,29,1,4171,16,26
3208,4172,6,3,4173,19,6
3209,4172,7,3,4173,20,6
3210,4172,0,20,4174,15,18
3211,4174,15,17,4172,1,20
3212,4174,16,17,4172,1,20
3213,4172,12,24,4175,2,2
3214,4172,13,24,4175,2,2
3215,4173,19,5,4172,6,4
3216,4173,20,5,4172,7,4
3217,4173,1,29,4176,27,1
3218,4173,2,29,4176,28,1
3219,4174,22,1,4178,3,3
3220,4174,23,1,4178,4,3
3221,4178,3,2,4174,22,2
3222,4178,4,2,4174,23,2
3223,4174,9,3,4179,5,14
3224,4174,10,3,4179,5,14
3225,4179,5,13,4174,9,4
3226,4174,5,29,4175,19,1
3227,4174,6,29,4175,20,1
3228,4175,19,0,4174,5,28
3229,4175,20,0,4174,6,28
3230,4175,15,13,4177,22,19
3231,4177,21,18,4175,15,14
3232,4177,22,18,4175,15,14
3233,4175,2,1,4179,19,11
3234,4176,14,18,4177,21,1
3235,4176,15,18,4177,22,1
3236,4176,27,0,4173,1,28
3237,4176,28,0,4173,2,28
3238,4177,21,0,4176,14,19
3239,4177,22,0,4176,15,19
3240,4177,7,22,4178,13,4
3241,4178,13,3,4179,19,11
3242,4178,14,3,4179,19,11
3243,4179,19,10,4178,13,4
3244,4180,24,3,4179,5,14
3245,4180,25,3,4179,5,14
3246,4180,7,26,3026,8,11
3247,4180,8,26,3026,8,11
3248,3246,7,21,41,16,46
3249,3246,6,2,3241,2,12
3250,3241,2,11,3246,6,3
3251,3241,1,0,3245,17,19
3252,3245,17,18,3241,1,1
3253,3245,1,0,3240,12,10
3254,3240,12,9,3245,1,1
3255,3240,25,31,3242,3,4
3256,3242,3,3,3240,25,32
3257,3242,1,13,3243,7,1
3258,3243,7,0,3242,1,14
3259,3243,8,0,3242,1,14
3260,3242,1,33,3243,7,1
3261,3243,16,29,3247,5,1
3262,3243,17,29,3247,6,1
3263,3247,5,0,3243,16,28
3264,3247,6,0,3243,17,28
3265,3247,1,19,3248,1,4
3266,3248,1,3,3247,1,20
3267,3244,12,29,3243,7,1
3268,3244,13,29,3243,8,1
3269,3244,2,3,3024,8,12
3270,4246,7,21,41,16,46
3271,4246,6,2,4241,2,12
3272,4241,2,11,4246,6,3
3273,4241,1,0,4245,17,19
3274,4245,17,18,4241,1,1
3275,4245,1,0,4240,12,10
3276,4240,12,9,4245,1,1
3277,4240,25,31,4242,3,4
3278,4242,3,3,4240,25,32
3279,4242,1,13,4243,7,1
3280,4243,7,0,4242,1,14
3281,4243,8,0,4242,1,14
3282,4242,1,33,4243,7,1
3283,4243,16,29,4247,5,1
3284,4243,17,29,4247,6,1
3285,4247,5,0,4243,16,28
3286,4247,6,0,4243,17,28
3287,4247,1,19,4248,1,4
3288,4248,1,3,4247,1,20
3289,4244,12,29,4243,7,1
3290,4244,13,29,4243,8,1
3291,4244,2,3,3024,8,12
3292,3470,14,11,41,41,41
3293,3470,1,14,3471,1,14
3294,3471,1,13,3470,1,15
3295,3471,17,15,3472,1,26
3296,3472,1,25,3471,17,16
3297,3472,7,1,3473,20,18
3298,3473,20,17,3472,7,2
3299,3473,0,7,3474,6,1
3300,3474,6,0,3473,0,6
3301,3474,17,13,3475,15,16
3302,3475,15,15,3474,17,12
3303,3475,2,2,3476,11,26
3304,3476,11,25,3475,2,3
3305,3476,13,2,3477,1,17
3306,3477,1,16,3476,13,3
3307,3477,13,1,3478,8,3
3308,3478,8,2,3477,13,2
3309,3478,17,17,3480,1,2
3310,3480,1,1,3478,17,18
3311,3480,16,36,3481,8,1
3312,3481,8,0,3480,16,37
3313,3481,18,12,3482,8,14
3314,3482,8,13,3481,18,13
3315,3482,13,13,3483,0,3
3316,3483,0,2,3482,13,14
3317,3482,2,2,3484,0,2
3318,3484,0,1,3482,2,3
3319,3483,17,17,3473,0,9
3320,3473,0,8,3483,17,18
3321,3479,0,7,3484,0,2
3322,3479,1,7,3484,0,2
3323,3479,4,0,3029,8,12
3324,4470,14,11,41,41,41
3325,4470,1,14,4471,1,14
3326,4471,1,13,4470,1,15
3327,4471,17,15,4472,1,26
3328,4472,1,25,4471,17,16
3329,4472,7,1,4473,20,18
3330,4473,20,17,4472,7,2
3331,4473,0,7,4474,6,1
3332,4474,6,0,4473,0,6
3333,4474,17,13,4475,15,16
3334,4475,15,15,4474,17,12
3335,4475,2,2,4476,11,26
3336,4476,11,25,4475,2,3
3337,4476,13,2,4477,1,17
3338,4477,1,16,4476,13,3
3339,4477,13,1,4478,8,3
3340,4478,8,2,4477,13,2
3341,4478,17,17,4480,1,2
3342,4480,1,1,4478,17,18
3343,4480,16,36,4481,8,1
3344,4481,8,0,4480,16,37
3345,4481,18,12,4482,8,14
3346,4482,8,13,4481,18,13
3347,4482,13,13,4483,0,3
3348,4483,0,2,4482,13,14
3349,4482,2,2,4484,0,2
3350,4484,0,1,4482,2,3
3351,4483,17,17,4473,0,9
3352,4473,0,8,4483,17,18
3353,4479,0,7,4484,0,2
3354,4479,1,7,4484,0,2
3355,4479,4,0,3029,8,12
3356,3191,11,29,41,18,23
3357,3191,26,2,3192,6,18
3358,3192,6,19,3191,26,3
3359,3192,27,1,3194,2,22
3360,3194,2,23,3192,27,2
3361,3194,15,1,3197,11,2
3362,3197,11,1,3194,15,2
3363,3191,13,1,3193,7,3
3364,3193,7,2,3191,13,2
3365,3193,17,3,3195,27,27
3366,3195,27,26,3193,17,4
3367,3195,14,1,3197,28,2
3368,3197,28,1,3195,14,2
3369,3197,28,20,3198,17,20
3370,3198,17,21,3197,28,21
3371,3198,18,1,3199,18,20
3372,3199,18,19,3198,18,2
3373,3199,6,1,3200,9,18
3374,3200,9,19,3199,6,2
3375,3196,11,35,3199,18,20
3376,3196,11,3,3022,8,12
3377,4191,11,29,41,18,23
3378,4191,26,2,4192,6,18
3379,4192,6,19,4191,26,3
3380,4192,27,1,4194,2,22
3381,4194,2,23,4192,27,2
3382,4194,15,1,4197,11,2
3383,4197,11,1,4194,15,2
3384,4191,13,1,4193,7,3
3385,4193,7,2,4191,13,2
3386,4193,17,3,4195,27,27
3387,4195,27,26,4193,17,4
3388,4195,14,1,4197,28,2
3389,4197,28,1,4195,14,2
3390,4197,28,20,4198,17,20
3391,4198,17,21,4197,28,21
3392,4198,18,1,4199,18,20
3393,4199,18,19,4198,18,2
3394,4199,6,1,4200,9,18
3395,4200,9,19,4199,6,2
3396,4196,11,35,4199,18,20
3397,4196,11,3,3022,8,12
3398,3110,17,21,3030,8,12
3399,3110,18,21,3030,8,12
3400,3100,1,11,41,10,28
3401,3100,29,3,41,10,28
3402,3101,0,5,3102,20,3
3403,3101,26,26,3100,2,11
3404,3102,6,20,3100,2,11
3405,3102,20,3,3101,0,6
3406,3103,17,15,3100,2,11
3407,3103,28,28,3104,6,19
3408,3104,6,18,3103,28,27
3409,3104,29,5,3100,2,11
3410,3105,12,19,3106,12,10
3411,3105,9,1,3100,2,11
3412,3106,12,9,3107,28,23
3413,3106,3,26,3100,2,11
3414,3107,28,22,3106,12,10
3415,3107,0,7,3100,2,11
3416,3108,2,6,3107,28,23
3417,3108,20,22,3100,2,11
3418,3109,26,29,3108,2,7
3419,3110,3,14,3100,2,11
3420,3110,18,21,3030,8,13
3421,4110,17,21,3030,8,12
3422,4110,18,21,3030,8,12
3423,4100,1,11,41,10,28
3424,4100,29,3,41,10,28
3425,4101,0,5,4102,20,3
3426,4101,26,26,4100,2,11
3427,4102,6,20,4100,2,11
3428,4102,20,3,4101,0,6
3429,4103,17,15,4100,2,11
3430,4103,28,28,4104,6,19
3431,4104,6,18,4103,28,27
3432,4104,29,5,4100,2,11
3433,4105,12,19,4106,12,10
3434,4105,9,1,4100,2,11
3435,4106,12,9,4107,28,23
3436,4106,3,26,4100,2,11
3437,4107,28,22,4106,12,10
3438,4107,0,7,4100,2,11
3439,4108,2,6,4107,28,23
3440,4108,20,22,4100,2,11
3441,4109,26,29,4108,2,7
3442,4110,3,14,4100,2,11
3443,4110,18,21,3030,8,13
3444,3231,17,0,41,40,22
3445,3231,2,9,3237,10,1
3446,3231,19,19,3232,12,20
3447,3232,12,19,3231,19,18
3448,3232,6,6,3231,19,18
3449,3232,1,24,3234,18,3
3450,3233,28,0,3234,14,26
3451,3233,26,21,3238,0,17
3452,3233,27,0,3234,14,26
3453,3234,14,27,3233,28,1
3454,3234,18,2,3232,1,23
3455,3235,1,1,3236,1,27
3456,3236,1,26,3238,14,17
3457,3236,2,0,3239,1,1
3458,3237,10,0,3232,6,5
3459,3237,1,0,3239,7,3
3460,3237,14,7,3238,1,2
3461,3238,1,1,3237,14,8
3462,3238,0,16,3233,26,22
3463,3238,14,16,3236,1,27
3464,3239,1,0,3236,2,1
3465,3239,7,2,3237,1,1
3466,3235,15,0,3028,8,12
3467,4231,17,0,41,40,22
3468,4231,2,9,4237,10,1
3469,4231,19,19,4232,12,20
3470,4232,12,19,4231,19,18
3471,4232,6,6,4231,19,18
3472,4232,1,24,4234,18,3
3473,4233,28,0,4234,14,26
3474,4233,26,21,4238,0,17
3475,4233,27,0,4234,14,26
3476,4234,14,27,4233,28,1
3477,4234,18,2,4232,1,23
3478,4235,1,1,4236,1,27
3479,4236,1,26,4238,14,17
3480,4236,2,0,4239,1,1
3481,4237,10,0,4232,6,5
3482,4237,1,0,4239,7,3
3483,4237,14,7,4238,1,2
3484,4238,1,1,4237,14,8
3485,4238,0,16,4233,26,22
3486,4238,14,16,4236,1,27
3487,4239,1,0,4236,2,1
3488,4239,7,2,4237,1,1
3489,4235,15,0,3028,8,12
3490,210,15,11,211,10,5
3491,211,10,4,210,15,12
3492,211,9,19,214,9,3
3493,211,10,19,214,10,3
3494,214,9,2,211,9,18
3495,214,10,2,211,10,18
3496,210,14,0,216,10,21
3497,210,15,0,216,11,21
3498,216,10,22,210,14,1
3499,216,11,22,210,15,1
3500,216,10,4,215,22,19
3501,216,11,4,215,23,19
3502,215,22,18,216,10,5
3503,215,23,18,216,11,5
3504,215,6,2,213,22,3
3505,215,7,2,213,23,3
3506,213,22,2,215,6,3
3507,213,23,2,215,7,3
3508,213,0,22,212,1,16
3509,213,0,23,212,1,17
3510,213,0,24,212,1,18
3511,212,0,16,213,1,22
3512,212,0,17,213,1,23
3513,212,0,18,213,1,24
3514,212,24,15,218,17,68
3515,212,24,16,218,17,68
3516,218,17,69,212,23,15
3517,212,12,1,215,6,3
3518,217,9,19,212,23,15
3519,217,10,19,212,23,16
3522,3217,9,0,3023,8,12
3523,3217,10,0,3023,8,12
3524,3210,15,11,3211,10,5
3525,3211,10,4,3210,15,12
3526,3211,9,19,3214,9,3
3527,3211,10,19,3214,10,3
3528,3214,9,2,3211,9,18
3529,3214,10,2,3211,10,18
3530,3210,14,0,3216,10,21
3531,3210,15,0,3216,11,21
3532,3216,10,22,3210,14,1
3533,3216,11,22,3210,15,1
3534,3216,10,4,3215,22,19
3535,3216,11,4,3215,23,19
3536,3215,22,18,3216,10,5
3537,3215,23,18,3216,11,5
3538,3215,6,2,3213,22,3
3539,3215,7,2,3213,23,3
3540,3213,22,2,3215,6,3
3541,3213,23,2,3215,7,3
3542,3213,0,22,3212,1,16
3543,3213,0,23,3212,1,17
3544,3213,0,24,3212,1,18
3545,3212,0,16,3213,1,22
3546,3212,0,17,3213,1,23
3547,3212,0,18,3213,1,24
3548,3212,24,15,3218,17,68
3549,3212,24,16,3218,17,68
3550,3218,17,69,3212,23,15
3551,3212,12,1,3215,6,3
3552,3217,9,19,3212,23,15
3553,3217,10,19,3212,23,16
3554,4214,8,59,41,49,28
3555,4214,9,59,41,49,28
3556,4217,9,0,3023,8,12
3557,4217,10,0,3023,8,12
3558,4210,15,11,4211,10,5
3559,4211,10,4,4210,15,12
3560,4211,9,19,4214,9,3
3561,4211,10,19,4214,10,3
3562,4214,9,2,4211,9,18
3563,4214,10,2,4211,10,18
3564,4210,14,0,4216,10,21
3565,4210,15,0,4216,11,21
3566,4216,10,22,4210,14,1
3567,4216,11,22,4210,15,1
3568,4216,10,4,4215,22,19
3569,4216,11,4,4215,23,19
3570,4215,22,18,4216,10,5
3571,4215,23,18,4216,11,5
3572,4215,6,2,4213,22,3
3573,4215,7,2,4213,23,3
3574,4213,22,2,4215,6,3
3575,4213,23,2,4215,7,3
3576,4213,0,22,4212,1,16
3577,4213,0,23,4212,1,17
3578,4213,0,24,4212,1,18
3579,4212,0,16,4213,1,22
3580,4212,0,17,4213,1,23
3581,4212,0,18,4213,1,24
3582,4212,24,15,4218,17,68
3583,4212,24,16,4218,17,68
3584,4218,17,69,4212,23,15
3585,4212,12,1,4215,6,3
3586,4217,9,19,4212,23,15
3587,4217,10,19,4212,23,16
3588,3151,12,19,41,9,13
3589,3151,13,15,3152,5,18
3590,3152,5,19,3151,13,16
3591,3152,14,1,3153,22,28
3592,3153,22,29,3152,14,2
3593,3153,8,2,3155,11,26
3594,3155,11,27,3153,8,3
3595,3155,23,1,3156,6,26
3596,3156,6,27,3155,23,2
3597,3156,4,18,3159,5,18
3598,3156,25,1,3159,10,1
3599,3156,11,1,3157,12,27
3600,3157,12,28,3156,11,2
3601,3157,18,8,3157,18,6
3602,3157,18,7,3157,18,9
3603,3157,26,20,3159,4,2
3604,3159,4,1,3157,25,4
3605,3157,10,2,3158,12,28
3606,3158,12,29,3157,10,3
3607,3158,28,1,3156,4,17
3608,3158,13,0,3159,27,2
3609,3159,10,0,3156,25,2
3610,3159,27,1,3158,13,1
3611,3159,5,17,3156,4,17
3612,3157,25,3,3025,8,12
3613,4151,12,19,41,9,13
3614,4151,13,15,4152,5,18
3615,4152,5,19,4151,13,16
3616,4152,14,1,4153,22,28
3617,4153,22,29,4152,14,2
3618,4153,8,2,4155,11,26
3619,4155,11,27,4153,8,3
3620,4155,23,1,4156,6,26
3621,4156,6,27,4155,23,2
3622,4156,4,18,4159,5,18
3623,4156,25,1,4159,10,1
3624,4156,11,1,4157,12,27
3625,4157,12,28,4156,11,2
3626,4157,18,8,4157,18,6
3627,4157,18,7,4157,18,9
3628,4157,26,20,4159,4,2
3629,4159,4,1,4157,25,4
3630,4157,10,2,4158,12,28
3631,4158,12,29,4157,10,3
3632,4158,28,1,4156,4,17
3633,4158,13,0,4159,27,2
3634,4159,10,0,4156,25,2
3635,4159,27,1,4158,13,1
3636,4159,5,17,4156,4,17
3637,4157,25,3,3025,8,12
3638,3201,14,19,41,49,14
3639,3201,8,8,3206,7,9
3640,3201,6,5,3207,12,20
3641,3201,12,6,3202,7,2
3642,3202,7,3,3201,12,7
3643,3202,10,11,3204,15,53
3644,3202,11,11,3204,15,53
3645,3202,12,11,3204,15,53
3646,3203,17,7,3208,17,36
3647,3203,17,6,3208,17,36
3648,3203,15,6,3208,17,36
3649,3203,16,12,3205,23,37
3650,3203,18,12,3205,23,37
3651,3203,17,12,3204,9,6
3652,3204,8,59,3206,6,28
3653,3204,9,59,3206,7,28
3654,3204,10,59,3206,7,28
3655,3204,5,53,3207,12,5
3656,3204,15,54,3202,11,12
3657,3204,8,5,3208,1,24
3658,3204,9,5,3208,2,24
3659,3204,10,5,3208,3,24
3660,3205,6,6,3207,29,27
3661,3205,23,38,3204,9,6
3662,3205,24,38,3204,10,6
3663,3206,7,8,3201,8,9
3664,3206,6,29,3204,8,58
3665,3206,7,29,3204,9,58
3666,3207,12,4,3204,5,54
3667,3207,12,19,3201,6,6
3668,3207,13,19,3201,6,6
3669,3208,1,23,3204,8,6
3670,3208,2,23,3204,9,6
3671,3208,3,23,3204,10,6
3672,3208,16,35,3203,15,4
3673,3208,17,35,3203,15,4
3674,3208,18,35,3203,15,4
3675,3208,15,5,3020,8,12
3676,4201,14,19,41,49,14
3677,4201,8,8,4206,7,9
3678,4201,6,5,4207,12,20
3679,4201,12,6,4202,7,2
3680,4202,7,3,4201,12,7
3681,4202,10,11,4204,15,53
3682,4202,11,11,4204,15,53
3683,4202,12,11,4204,15,53
3684,4203,17,7,4208,17,36
3685,4203,17,6,4208,17,36
3686,4203,15,6,4208,17,36
3687,4203,16,12,4205,23,37
3688,4203,18,12,4205,23,37
3689,4203,17,12,4204,9,6
3690,4204,8,59,4206,6,28
3691,4204,9,59,4206,7,28
3692,4204,10,59,4206,7,28
3693,4204,5,53,4207,12,5
3694,4204,15,54,4202,11,12
3695,4204,8,5,4208,1,24
3696,4204,9,5,4208,2,24
3697,4204,10,5,4208,3,24
3698,4205,6,6,4207,29,27
3699,4205,23,38,4204,9,6
3700,4205,24,38,4204,10,6
3701,4206,7,8,4201,8,9
3702,4206,6,29,4204,8,58
3703,4206,7,29,4204,9,58
3704,4207,12,4,4204,5,54
3705,4207,12,19,4201,6,6
3706,4207,13,19,4201,6,6
3707,4208,1,23,4204,8,6
3708,4208,2,23,4204,9,6
3709,4208,3,23,4204,10,6
3710,4208,16,35,4203,15,4
3711,4208,17,35,4203,15,4
3712,4208,18,35,4203,15,4
3713,4208,15,5,3020,8,12
3714,1002,126,7,1230,1,11
3715,1230,1,10,1002,126,8
3716,531,0,3,530,28,25
3717,530,29,25,531,1,3
3718,530,3,29,529,3,1
3719,529,3,0,530,3,28
3720,529,25,29,528,25,1
3721,529,26,29,528,26,1
3722,528,25,0,529,25,28
3723,528,26,0,529,26,28
3724,528,14,29,521,19,2
3725,528,15,29,521,20,2
3726,521,19,1,528,14,28
3727,521,20,1,528,15,28
3728,521,0,26,1008,78,10
3729,521,0,27,1008,78,11
3730,521,0,28,1008,78,12
3731,1008,79,10,521,1,26
3732,1008,79,11,521,1,27
3733,1008,79,12,521,1,28
3734,1008,11,199,1019,19,1
3735,1008,12,199,1019,20,1
3736,1008,13,199,1019,21,1
3737,1019,19,0,1008,11,198
3738,1019,20,0,1008,12,198
3739,1019,21,0,1008,13,198
3740,1019,3,0,114,12,26
3741,1019,4,0,114,13,26
3742,1019,5,0,114,14,26
3743,1019,6,0,114,15,26
3744,114,12,27,1019,3,1
3745,114,13,27,1019,4,1
3746,114,14,27,1019,5,1
3747,114,15,27,1019,6,1
3748,1002,54,167,1301,23,19
3749,1002,55,167,1301,23,19
3750,1301,23,18,1002,54,168
3751,1301,4,6,1303,4,7
3752,1301,36,2,1305,36,3
3753,1301,6,32,1302,6,33
3754,1301,36,35,1304,36,36
3755,1303,4,6,1301,4,7
3756,1303,29,8,1306,29,9
3757,1303,3,35,1304,3,36
3758,1303,36,27,1305,36,28
3759,1305,36,2,1301,36,3
3760,1305,36,27,1303,36,27
3761,1305,3,3,1302,3,4
3762,1305,6,34,1306,6,35
3763,1302,3,3,1305,3,4
3764,1302,6,32,1301,6,33
3765,1302,36,35,1306,36,36
3766,1302,36,3,1304,36,4
3767,1304,36,3,1302,36,4
3768,1304,36,35,1301,36,36
3769,1304,3,35,1303,3,36
3770,1304,9,6,1306,9,7
3771,1306,9,6,1304,9,7
3772,1306,29,8,1303,29,9
3773,1306,6,34,1305,6,35
3774,1306,36,35,1302,36,36
3775,1307,5,11,1002,54,168
3776,1307,6,11,1002,55,168
3777,1307,5,0,1308,9,22
3778,1307,6,0,1308,9,22
3779,1308,9,23,1307,6,1
3780,1005,169,76,501,15,18
3781,1005,170,76,501,16,18
3782,501,15,19,1005,169,77
3783,501,16,19,1005,170,77
3784,501,2,7,502,24,7
3785,501,2,8,502,24,8
3786,502,25,8,501,3,8
3787,502,25,7,501,3,7
3788,502,17,0,503,10,22
3789,502,18,0,503,11,22
3790,503,10,23,502,17,1
3791,503,11,23,502,18,1
3792,503,10,5,507,7,12
3793,503,11,5,507,8,12
3794,507,7,11,503,10,6
3795,507,8,11,503,11,6
3796,507,7,9,506,7,1
3797,507,8,9,506,8,1
3798,506,7,0,507,7,8
3799,506,8,0,507,8,8
3800,501,29,7,504,3,9
3801,501,29,8,504,3,10
3802,504,2,9,501,28,7
3803,504,2,10,501,28,8
3804,504,8,0,505,8,30
3805,504,9,0,505,9,30
3806,505,8,31,504,8,1
3807,505,9,31,504,9,1
3808,505,8,0,506,7,22
3809,505,9,0,506,8,22
3810,506,7,23,505,8,1
3811,506,8,23,505,9,1
3812,507,1,0,508,3,22
3813,508,2,21,501,15,18
3814,508,2,22,501,16,18
3815,521,2,8,532,14,28
3816,521,3,8,532,15,28
3817,532,14,29,521,2,9
3818,532,15,29,521,3,9
3819,532,14,0,533,1,25
3820,532,15,0,533,1,26
3821,533,0,25,532,14,1
3822,533,0,26,532,15,1
3823,533,13,0,534,14,28
3824,533,14,0,534,15,28
3825,534,14,29,533,13,1
3826,534,15,29,533,14,1
3827,534,13,0,535,14,28
3828,534,14,0,535,14,28
3829,535,14,29,534,13,1
3830,535,0,3,536,28,3
3831,536,29,3,535,1,3
3832,536,29,4,535,1,3
3833,536,14,0,537,14,28
3834,536,15,0,537,15,28
3835,537,14,29,536,14,1
3836,537,15,29,536,15,1
3837,537,4,0,538,3,28
3838,537,5,0,538,4,28
3839,538,3,29,537,4,1
3840,538,4,29,537,5,1
3841,538,29,3,539,1,3
3842,538,29,4,539,1,3
3843,538,29,5,539,1,4
3844,539,0,3,538,28,4
3845,539,0,4,538,28,5
3846,539,29,23,540,1,25
3847,539,29,24,540,1,26
3848,539,29,25,540,1,26
3849,540,0,25,539,28,23
3850,540,0,26,539,28,24
3851,540,11,29,541,12,1
3852,541,11,0,540,11,28
3853,541,12,0,540,11,28
3854,541,13,0,540,11,28
3855,541,14,0,540,11,28
3856,541,14,29,535,28,3
3857,541,15,29,535,28,3
3858,535,29,3,541,14,28
3859,529,4,0,530,4,28
3860,530,4,29,529,4,1
3861,530,29,26,531,1,4
3862,531,0,4,530,28,26
3863,521,25,27,523,5,1
3864,521,26,27,523,6,1
3865,523,5,0,521,25,26
3866,523,6,0,521,26,26
3867,523,29,25,524,1,4
3868,523,29,26,524,1,5
3869,524,0,4,523,28,25
3870,524,0,5,523,28,26
3871,524,3,29,525,25,1
3872,524,4,29,525,26,1
3873,525,25,0,524,3,28
3874,525,26,0,524,4,28
3875,525,0,3,526,28,3
3876,525,0,4,526,28,4
3877,526,29,3,525,1,3
3878,526,29,4,525,1,4
3879,526,14,29,527,14,1
3880,526,15,29,527,15,1
3881,527,14,0,526,14,28
3882,527,15,0,526,15,28
3883,115,21,11,116,20,23
3884,116,20,22,115,21,12
3885,116,5,4,118,24,15
3886,118,24,14,116,5,5
3887,118,4,11,119,12,5
3888,119,12,4,118,4,12
3889,119,21,28,120,6,3
3890,119,22,28,120,26,22
3891,120,6,2,119,21,27
3892,120,26,21,119,22,27
3893,114,10,23,117,14,4
3894,117,14,3,114,10,24
3895,117,8,23,113,15,8
3896,113,16,8,117,8,24
3897,113,21,1,112,16,12
3898,112,16,11,113,22,1
3899,112,25,2,111,13,23
3900,111,13,22,112,25,3
3901,521,15,13,522,5,10
3902,521,16,13,522,6,10
3903,522,4,11,521,15,14
3904,522,5,11,521,15,14
3905,522,6,11,521,16,14
3906,1005,112,159,1271,2,22
3907,1005,113,159,1271,3,22
3908,1271,2,23,1005,112,160
3909,1271,3,23,1005,113,160
3910,1271,20,0,1272,3,18
3911,1271,21,0,1272,4,18
3912,1272,3,19,1271,20,1
3913,1272,4,19,1271,21,1
3914,1272,26,0,1273,1,18
3915,1272,27,0,1273,2,18
3916,1273,1,19,1272,26,1
3917,1273,2,19,1272,27,1
3918,1273,39,18,1274,6,1
3919,1273,39,19,1274,7,1
3920,1274,6,0,1273,38,18
3921,1274,7,0,1273,38,19
3922,1274,21,0,1275,6,22
3923,1274,22,0,1275,7,22
3924,1275,6,23,1274,21,1
3925,1275,7,23,1274,22,1
3926,1275,31,0,1276,20,38
3927,1275,32,0,1276,21,38
3928,1276,20,39,1275,31,1
3929,1276,21,39,1275,32,1
3930,1276,28,0,1005,149,121
3931,1276,29,0,1005,149,121
3932,1274,24,1,1277,9,28
3933,1275,24,1,1277,8,28
3934,1277,8,0,1005,149,121
3935,1277,9,0,1005,149,121
3936,1277,8,29,1273,1,18
3937,1277,9,29,1273,2,18
3938,3811,32,71,137,25,1
3939,3811,33,71,137,26,1
3940,137,25,0,3811,32,70
3941,137,26,0,3811,33,70
3942,137,27,0,3811,33,70
3943,3811,15,1,511,15,54
3944,3811,16,1,511,16,54
3945,511,15,55,3811,15,2
3946,511,16,55,3811,16,2
3947,511,5,4,512,14,98
3948,511,6,4,512,15,98
3949,512,14,99,511,5,5
3950,512,15,99,511,6,5
3951,512,16,0,513,13,98
3952,512,17,0,513,14,98
3953,513,13,99,512,16,1
3954,513,14,99,512,17,1
3955,513,8,43,512,30,65
3956,512,31,65,513,8,44
3957,513,28,2,514,28,3
3958,514,28,2,513,28,3
3959,514,0,38,512,1,36
3960,512,0,36,514,1,38
3961,514,31,16,514,30,29
3962,514,31,29,514,30,16
3963,514,27,98,515,1,3
3964,514,0,65,515,1,3
3965,515,1,2,514,27,99
3966,515,30,96,516,3,6
3967,516,3,5,515,30,97
3968,514,2,48,516,3,6
3969,3813,6,15,3811,36,10
3970,3813,7,15,3811,37,10
3971,3811,36,9,3813,6,14
3972,3811,37,9,3813,7,14
3973,1004,79,61,1020,1,8
3974,1004,79,62,1020,1,9
3975,1020,0,8,1004,78,61
3976,1020,0,9,1004,78,62
3977,1008,0,91,1020,23,8
3978,1008,0,92,1020,23,9
3979,1020,24,8,1008,1,91
3980,1020,24,9,1008,1,92
3981,1008,0,146,542,23,8
3982,1008,0,147,542,23,9
3983,542,24,8,1008,1,146
3984,542,24,9,1008,1,147
3985,542,0,8,1009,78,32
3986,542,0,9,1009,78,33
3987,1009,79,32,542,1,8
3988,1009,79,33,542,1,9
3989,1008,14,143,1031,5,28
3990,1008,15,143,1031,6,28
3991,1031,5,29,1008,14,144
3992,1031,6,29,1008,15,144
3993,0,108,91,4504,14,28
3994,0,109,91,4504,14,28
3995,0,110,91,4504,15,28
3996,0,111,91,4504,15,28
3997,4504,14,29,0,109,92
3998,4504,15,29,0,110,92
3999,312,5,19,15,8,2
4000,312,6,19,15,9,2
4001,313,5,19,15,8,2
4002,313,6,19,15,9,2
4003,314,5,19,15,8,2
4004,314,6,19,15,9,2
4005,315,5,19,343,8,1
4006,315,6,19,343,9,1
4007,316,5,19,343,8,1
4008,316,6,19,343,9,1
4009,317,5,19,343,8,1
4010,317,6,19,343,9,1
4011,300,5,19,11,8,1
4012,300,6,19,11,9,1
4013,301,5,19,11,8,1
4014,301,6,19,11,9,1
4015,302,5,19,11,8,1
4016,302,6,19,11,9,1
4017,303,5,19,341,8,1
4018,303,6,19,341,9,1
4019,304,5,19,341,8,1
4020,304,6,19,341,9,1
4021,305,5,19,341,8,1
4022,305,6,19,341,9,1
4023,306,5,19,13,8,2
4024,306,6,19,13,9,2
4025,307,5,19,13,8,2
4026,307,6,19,13,9,2
4027,308,5,19,13,8,2
4028,308,6,19,13,9,2
4029,309,5,19,342,8,1
4030,309,6,19,342,9,1
4031,310,5,19,342,8,1
4032,310,6,19,342,9,1
4033,311,5,19,342,8,1
4034,311,6,19,342,9,1
4035,318,5,19,17,8,1
4036,318,6,19,17,9,1
4037,319,5,19,17,8,1
4038,319,6,19,17,9,1
4039,320,5,19,17,8,1
4040,320,6,19,17,9,1
4041,321,5,19,344,8,1
4042,321,6,19,344,9,1
4043,322,5,19,344,8,1
4044,322,6,19,344,9,1
4045,323,5,19,344,8,1
4046,323,6,19,344,9,1
4047,1004,71,0,1028,16,38
4048,1004,72,0,1028,17,38
4049,1028,16,39,1004,71,1
4050,1028,17,39,1004,72,1
4051,1002,74,1,1311,2,22
4052,1002,75,1,1311,3,22
4053,1311,2,23,1002,74,2
4054,1311,3,23,1002,75,2
4055,1311,23,17,1315,4,16
4056,1002,83,1,1313,4,14
4057,1002,84,1,1313,4,15
4058,1315,4,15,1311,23,18
4059,1313,3,14,1002,83,2
4060,1313,3,15,1002,84,2
4061,1312,26,23,1311,22,1
4062,1312,27,23,1311,23,1
4063,1311,22,0,1312,26,22
4064,1311,23,0,1312,27,22
4065,1311,21,0,1312,26,22
4066,1312,0,12,1313,28,9
4067,1312,0,13,1313,28,10
4068,1312,0,14,1313,28,11
4069,1313,29,9,1312,1,12
4070,1313,29,10,1312,1,13
4071,1313,29,11,1312,1,14
4072,1313,0,9,1314,32,13
4073,1313,0,10,1314,32,14
4074,1313,0,11,1314,32,15
4075,1314,33,13,1313,1,9
4076,1314,33,14,1313,1,10
4077,1314,33,15,1313,1,11
4078,1314,10,7,1315,20,8
4079,1314,20,7,1315,29,2
4080,1315,20,7,1314,10,8
4081,1315,29,1,1314,20,8
4087,1315,4,1,1316,22,15
4088,1316,22,14,1315,4,2
4089,1314,15,13,1317,11,22
4090,1314,16,13,1317,12,22
4091,1317,11,23,1314,15,14
4092,1317,12,23,1314,15,14
4093,1317,13,23,1314,16,14
4094,1311,4,23,1002,75,2
4095,1002,208,121,1352,19,1
4096,1002,209,121,1352,20,1
4097,1002,217,121,1356,3,16
4098,1002,218,121,1356,4,16
4099,1002,183,151,1356,3,16
4100,1002,184,151,1356,4,16
4101,1002,181,179,1355,17,10
4102,1002,182,179,1355,18,10
4103,1002,187,177,1355,7,10
4104,1002,188,177,1355,8,10
4105,1002,159,178,1352,19,1
4106,1002,160,178,1352,20,1
4107,1002,167,181,1352,19,1
4108,1002,168,181,1352,20,1
4109,1002,153,185,1356,3,16
4110,1002,154,185,1356,4,16
4111,1002,171,193,1355,7,10
4112,1002,172,193,1355,8,10
4113,1002,198,191,1355,7,10
4114,1002,199,191,1355,8,10
4115,1002,216,190,1355,7,10
4116,1002,217,190,1355,8,10
4117,1002,217,194,1352,19,1
4118,1002,218,194,1352,20,1
4119,1002,210,198,1356,3,16
4120,1002,211,198,1356,4,16
4121,1351,10,2,1352,22,15
4122,1351,11,2,1352,23,15
4123,1351,3,12,1357,21,2
4124,1351,24,14,1358,14,3
4125,1352,2,1,1355,3,2
4126,1352,3,1,1355,4,2
4127,1352,19,0,1002,167,182
4128,1352,20,0,1002,168,182
4129,1352,23,0,1002,198,192
4130,1352,24,0,1002,199,192
4131,1352,22,16,1351,10,3
4132,1352,23,16,1351,11,3
4133,1353,2,1,1354,21,15
4134,1353,3,1,1354,22,15
4135,1353,17,9,1359,4,17
4136,1353,18,9,1359,5,17
4137,1353,17,12,1355,9,10
4138,1353,18,12,1355,10,10
4139,1354,8,1,1357,3,2
4140,1354,9,1,1357,4,2
4141,1354,21,2,1358,4,2
4142,1354,22,2,1358,5,2
4143,1354,8,11,1359,4,2
4144,1354,9,11,1359,5,2
4145,1354,21,16,1353,2,2
4146,1354,22,16,1353,3,2
4147,1355,3,1,1352,2,3
4148,1355,4,1,1352,3,3
4149,1355,7,9,1355,17,10
4150,1355,8,9,1355,18,10
4151,1355,9,9,1353,17,13
4152,1355,10,9,1353,18,13
4153,1355,15,9,1002,217,195
4154,1355,16,9,1002,218,195
4155,1355,17,9,1355,7,10
4156,1355,18,9,1355,8,10
4157,1355,22,16,1356,4,3
4158,1355,23,16,1356,5,3
4159,1356,4,2,1355,22,15
4160,1356,5,2,1355,23,15
4161,1356,8,2,1352,19,1
4162,1356,9,2,1352,20,1
4163,1356,18,2,1357,3,13
4164,1356,19,2,1357,4,13
4165,1356,21,12,1358,23,17
4166,1356,3,15,1002,208,122
4167,1356,4,15,1002,209,122
4168,1357,3,1,1354,8,2
4169,1357,4,1,1354,9,2
4170,1357,21,1,1351,3,13
4171,1357,3,12,1356,18,3
4172,1357,4,12,1356,19,3
4173,1358,4,1,1354,21,3
4174,1358,5,1,1354,22,3
4175,1358,14,2,1351,24,15
4176,1358,20,1,1353,17,10
4177,1358,21,1,1353,18,10
4178,1358,12,10,1359,20,17
4179,1358,13,10,1359,21,17
4180,1358,2,16,1358,14,3
4181,1358,23,16,1356,21,13
4182,1359,4,1,1354,8,12
4183,1359,5,1,1354,9,12
4184,1359,4,16,1353,17,10
4185,1359,5,16,1353,18,10
4186,1359,20,16,1358,12,11
4187,1359,21,16,1358,13,11
4188,3257,17,9,3254,13,28
4189,3257,6,1,3251,15,2
4190,3250,13,0,3253,4,28
4191,3250,14,0,3253,5,28
4192,3250,12,29,3256,17,1
4193,3250,13,29,3256,17,1
4194,3251,15,0,3257,6,2
4195,3251,26,19,3252,12,2
4196,3251,27,19,3252,13,2
4197,3252,12,0,3251,26,18
4198,3252,13,0,3251,27,18
4199,3252,6,39,3254,8,1
4200,3252,7,39,3254,9,1
4201,3253,7,0,41,29,16
4202,3253,8,0,41,29,16
4203,3253,4,29,3250,13,1
4204,3253,5,29,3250,14,1
4205,3256,17,0,3250,12,28
4206,3254,13,29,3258,3,1
4207,3254,14,29,3258,4,1
4208,3254,8,0,3252,6,38
4209,3254,9,0,3252,7,38
4210,3255,13,39,3256,1,11
4211,3255,14,39,3256,1,11
4212,3256,1,10,3258,9,2
4213,3258,9,1,3256,1,11
4214,3258,3,0,3254,13,28
4215,3258,4,0,3254,14,28
4216,4257,17,9,4254,13,28
4217,4257,6,1,4251,15,2
4218,4250,13,0,4253,4,28
4219,4250,14,0,4253,5,28
4220,4250,12,29,4256,17,1
4221,4250,13,29,4256,17,1
4222,4251,15,0,4257,6,2
4223,4251,26,19,4252,12,2
4224,4251,27,19,4252,13,2
4225,4252,12,0,4251,26,18
4226,4252,13,0,4251,27,18
4227,4252,6,39,4254,8,1
4228,4252,7,39,4254,9,1
4229,4253,7,0,41,29,16
4230,4253,8,0,41,29,16
4231,4253,4,29,4250,13,1
4232,4253,5,29,4250,14,1
4233,4256,17,0,4250,12,28
4234,4254,13,29,4258,3,1
4235,4254,14,29,4258,4,1
4236,4254,8,0,4252,6,38
4237,4254,9,0,4252,7,38
4238,4255,13,39,4256,1,11
4239,4255,14,39,4256,1,11
4240,4256,1,10,4258,9,2
4241,4258,9,1,4256,1,11
4242,4258,3,0,4254,13,28
4243,4258,4,0,4254,14,28
4244,3812,5,13,3811,24,17
4245,3812,6,13,3811,25,17
4246,3812,17,13,3811,28,17
4247,3812,18,13,3811,29,17
4248,3811,24,16,3812,5,12
4249,3811,25,16,3812,6,12
4250,3811,28,16,3812,17,12
4251,3811,29,16,3812,18,12
4252,1228,14,12,1229,8,15
4253,1228,15,12,1229,9,15
4254,1229,8,16,1228,14,13
4255,1229,9,16,1228,15,13
4256,1002,185,18,1144,5,10
4257,1002,186,18,1144,6,10
4258,1144,5,11,1002,185,19
4259,1144,6,11,1002,186,19
4260,1002,196,11,1103,15,4
4261,1103,15,3,1002,196,12
4262,4170,2,28,41,29,46
4263,4170,3,28,41,30,46
4264,1002,46,20,1153,18,1
4265,1002,91,28,1151,11,1
4266,1002,159,116,1152,14,1
4267,1153,18,0,1002,46,19
4268,1151,11,0,1002,92,27
4269,1152,14,0,1002,159,115
4270,1002,96,210,1154,12,42
4271,1154,12,43,1002,96,209
4272,1002,111,179,1154,42,58
4273,1154,42,59,1002,111,178
4274,1003,23,0,219,14,28
4275,1003,24,0,219,15,28
4276,219,14,29,1003,23,1
4277,219,15,29,1003,24,1
4278,220,1,11,221,26,15
4279,221,27,15,220,2,11
4280,221,1,18,222,16,16
4281,222,17,16,221,2,18
4282,222,16,0,223,12,22
4283,223,12,23,222,16,1
4284,223,17,0,224,15,27
4285,224,15,28,223,17,1
4286,224,0,13,225,16,8
4287,225,17,8,224,1,13
4288,225,0,18,226,22,0
4289,226,23,0,225,1,18
4290,226,10,23,227,14,28
4291,227,14,29,226,10,22
4292,227,12,0,228,13,17
4293,228,13,18,227,12,1
4294,228,15,1,229,10,16
4295,229,10,17,228,15,2
4296,229,29,10,230,1,1
4297,230,0,1,229,28,10
4298,1005,223,11,1005,56,47
4299,1005,56,46,1005,106,172
4300,1005,106,171,1005,246,178
4301,1005,205,128,1005,2,108
4302,1005,44,163,1005,92,161
4303,1005,95,170,1005,50,20
4304,1005,35,52,1005,185,62
4305,1005,185,61,1005,247,50
4306,1005,146,93,1005,2,9
4307,1005,147,93,1005,2,9
4308,1005,191,92,1005,2,9
4309,1005,40,60,1408,7,14
4310,1408,7,15,1005,40,61
4311,1408,8,15,1005,40,61
4312,1005,126,35,1418,7,14
4313,1418,7,15,1005,126,36
4314,1418,8,15,1005,126,36
4315,1005,228,48,1403,7,14
4316,1403,7,15,1005,228,49
4317,1403,8,15,1005,228,49
4318,1005,166,155,1413,9,14
4319,1413,8,15,1005,166,156
4320,1413,9,15,1005,166,156
4321,1005,0,107,1014,23,7
4322,1005,0,108,1014,23,8
4323,1005,0,109,1014,23,8
4324,1014,24,7,1005,1,108
4325,1014,24,8,1005,1,109
4326,1014,0,7,3800,62,17
4327,1014,0,8,3800,62,18
4328,3800,63,16,1014,1,7
4329,3800,63,17,1014,1,7
4330,3800,63,18,1014,1,8
4332,1005,0,11,1016,16,9
4333,1016,17,9,1005,1,11
4334,220,17,21,219,14,5
4335,3004,15,2,31,1,5
4336,3004,16,2,31,1,6
4337,3005,15,2,31,1,11
4338,3005,16,2,31,1,12
4339,3006,15,2,31,1,17
4340,3006,16,2,31,1,18
4341,3007,15,2,31,20,5
4342,3007,16,2,31,20,6
4343,3008,15,2,31,20,11
4344,3008,16,2,31,20,12
4345,3013,5,11,31,10,12
4346,3013,6,11,31,11,12
4347,1015,7,0,330,75,154
4348,1015,8,0,330,76,154
4349,1015,9,0,330,77,154
4350,1015,10,0,330,78,154
4351,330,75,155,1015,7,1
4352,330,78,155,1015,10,1
4353,375,17,2,376,10,24
4354,376,10,25,375,17,3
4355,376,3,23,377,0,1
4356,376,11,7,377,0,1
4357,377,0,0,376,10,7
4358,377,15,16,378,6,1
4359,377,16,16,378,7,1
4360,378,6,0,377,15,15
4361,378,7,0,377,16,15
4362,378,6,7,379,9,8
4363,379,17,19,380,1,19
4364,379,18,19,380,1,18
4365,380,0,18,379,18,18
4366,380,0,19,379,17,18
4367,380,25,17,381,1,4
4368,381,0,4,380,24,17
4369,381,24,7,382,1,13
4370,382,0,13,381,25,7
4371,382,10,14,383,2,2
4372,383,1,2,382,10,15
4373,383,13,22,382,10,15
4374,330,68,93,410,27,24
4375,330,69,93,410,28,25
4376,410,28,24,330,68,94
4377,410,2,1,411,1,2
4378,411,1,1,410,2,2
4379,411,27,19,412,5,15
4380,412,5,14,411,27,20
4381,412,6,8,413,4,30
4382,413,4,29,412,6,9
4383,413,8,5,414,6,7
4384,414,6,6,413,8,6
4385,414,9,0,415,18,27
4386,415,18,26,414,9,1
4387,415,1,0,416,11,14
4388,416,11,13,415,1,1
4389,416,27,1,417,6,28
4390,417,6,29,416,27,2
4391,417,18,3,418,1,1
4392,418,1,0,417,18,4
4393,418,22,17,419,1,1
4394,419,1,0,418,22,18
4395,419,13,11,330,69,94
4396,187,9,12,182,1,6
4397,3187,9,12,3182,1,6
4398,4187,9,12,4182,1,6
4399,184,3,1,189,19,5
4400,3184,3,1,3189,19,5
4401,4184,3,1,4189,19,5
4402,484,14,14,41,41,40
4403,3484,14,14,41,41,40
4404,4484,14,14,41,41,40
4405,379,10,8,378,5,7
4406,3804,5,11,3800,38,31
4407,3804,6,11,3800,39,31
4408,3800,38,30,3804,5,10
4409,3800,39,30,3804,6,10
4410,4717,0,22,4715,22,13
4411,3811,55,19,324,9,18
4412,3811,56,19,324,9,18
4413,3811,57,19,324,10,18
4414,324,9,19,3811,56,21
4415,324,10,19,3811,56,21
4416,1008,30,83,325,9,18
4417,1008,31,83,325,10,18
4418,325,9,19,1008,30,84
4419,325,10,19,1008,31,84
4420,1002,77,182,326,9,18
4421,1002,78,182,326,9,18
4422,1002,79,182,326,10,18
4423,326,9,19,1002,78,183
4424,326,10,19,1002,78,183
4425,326,7,19,1002,77,183
4426,326,8,19,1002,77,183
4427,326,11,19,1002,79,183
4428,326,12,19,1002,79,183
4429,325,7,19,1008,30,84
4430,325,8,19,1008,30,84
4431,325,11,19,1008,31,84
4432,325,12,19,1008,31,84
4433,324,7,19,3811,56,21
4434,324,8,19,3811,56,21
4435,324,11,19,3811,56,21
4436,324,12,19,3811,56,21
4437,1002,213,106,3624,6,13
4438,1002,214,106,3624,7,13
4439,3624,6,14,1002,213,107
4440,3624,7,14,1002,214,107
4441,3624,6,2,3622,13,28
4442,3624,7,2,3622,14,28
4443,3622,13,29,3624,6,3
4444,3622,14,29,3624,7,3
4445,3622,15,29,3624,7,3
4446,3622,14,0,3623,4,8
4447,3623,4,9,3622,14,1
4448,3622,1,15,3655,14,1
4449,3655,14,0,3622,2,15
4450,3655,21,24,3669,0,0
4451,1141,5,11,1002,136,186
4452,1141,6,11,1002,137,186
4453,1002,136,185,1141,5,10
4454,1002,137,185,1141,6,10
4455,170,2,28,41,29,46
4456,170,3,28,41,30,46
4457,1002,15,2,1015,9,22
4458,1002,16,2,1015,10,22
4459,1143,5,11,1002,46,40
4460,1143,6,11,1002,47,40
4461,1002,46,39,1143,5,10
4462,1002,47,39,1143,6,10
4463,1004,39,7,3529,6,28
4464,1004,40,7,3529,6,28
4465,3529,5,29,1004,39,8
4466,3529,6,29,1004,39,8
4467,3529,7,29,1004,40,8
4468,3529,7,19,3528,6,13
4469,3529,8,19,3528,7,13
4470,3528,6,14,3529,7,20
4471,3528,7,14,3529,8,20
4472,3641,11,24,3529,4,20
4473,3641,13,24,3529,5,20
4474,3529,4,19,3641,11,23
4475,3529,5,19,3641,13,23
4476,1226,5,11,1002,57,7
4477,1226,6,11,1002,58,7
4478,1002,57,6,1226,5,10
4479,1002,58,6,1226,6,10
4480,31,21,17,34,5,10
4481,31,21,18,34,6,10
4482,34,5,11,31,20,17
4483,34,6,11,31,20,18
4484,0,110,137,39,9,18
4485,0,111,137,39,10,18
4486,39,8,19,0,110,138
4487,39,9,19,0,110,138
4488,39,10,19,0,111,138
4489,39,11,19,0,111,138
4490,2500,3,106,2977,16,34
4491,2977,16,35,2500,3,107
4492,2500,64,143,2979,16,34
4493,2979,16,35,2500,64,144
4494,2500,52,47,2978,16,34
4495,2978,16,35,2500,52,48
4496,1002,27,16,3512,14,3
4497,3512,14,2,1002,27,15
4498,3512,15,2,1002,28,15
4499,1002,28,16,3512,15,3
4559,3800,53,29,3802,5,10
4560,3800,54,29,3802,6,10
4561,3802,5,11,3800,53,30
4562,3802,6,11,3800,54,30
4563,3950,13,19,0,137,204
4564,3950,14,19,0,138,204
4565,2500,38,128,2506,5,10
4566,2500,39,128,2506,6,10
4567,2506,5,11,2500,38,129
4568,2506,6,11,2500,39,129
4569,2500,73,101,2590,9,18
4570,2500,74,101,2590,10,18
4571,2590,9,19,2500,73,102
4572,2590,10,19,2500,74,102
4573,2590,19,13,2594,4,9
4574,2590,19,14,2594,5,9
4575,2594,4,10,2590,18,13
4576,2594,5,10,2590,18,14
4577,2593,7,2,2590,10,10
4578,2591,12,1,2590,10,10
4579,2592,16,3,2590,9,10
4580,2592,17,3,2590,10,10
4581,2500,111,125,2501,3,12
4582,2500,112,125,2501,4,12
4583,2501,3,13,2500,111,126
4584,2501,4,13,2500,112,126
4585,2500,127,130,2505,3,12
4586,2500,128,130,2505,4,12
4587,2505,3,13,2500,127,131
4588,2505,4,13,2500,128,131
4589,2500,97,121,2502,3,12
4590,2500,98,121,2502,4,12
4591,2502,3,13,2500,97,122
4592,2502,4,13,2500,98,122
4593,2500,82,130,2503,3,12
4594,2500,83,130,2503,4,12
4595,2503,3,13,2500,82,131
4596,2503,4,13,2500,83,131
4597,2500,87,142,2504,3,12
4598,2500,88,142,2504,4,12
4599,2504,3,13,2500,87,143
4600,2504,4,13,2500,88,143
4601,2500,18,126,2508,4,10
4602,2500,19,126,2508,5,10
4603,2508,4,11,2500,18,127
4604,2508,5,11,2500,19,127
4605,2500,19,118,2507,5,10
4606,2500,20,118,2507,6,10
4607,2507,5,11,2500,19,119
4608,2507,6,11,2500,20,119
4609,2500,96,130,2519,5,10
4610,2500,97,130,2519,6,10
4611,2519,5,11,2500,96,131
4612,2519,6,11,2500,97,131
4613,2500,128,50,2511,8,13
4614,2500,129,50,2511,9,13
4615,2511,8,14,2500,128,51
4616,2511,9,14,2500,129,51
4617,1123,4,10,1121,12,21
4618,1123,5,10,1121,13,21
4619,1121,12,20,1123,4,9
4620,1121,13,20,1123,5,9
4625,35,7,2,356,1,5
4626,35,8,2,356,1,6
5611,356,0,5,35,7,3
5612,356,0,6,35,8,3
5613,356,0,16,357,15,3
5614,356,0,17,357,16,3
5615,357,15,2,356,1,16
5616,357,16,2,356,1,17
4627,1121,18,18,1124,5,10
4628,1121,19,18,1124,6,10
4629,1124,5,11,1121,18,19
4630,1124,6,11,1121,19,19
4631,1121,16,30,1122,15,13
4632,1121,17,30,1122,16,13
4633,1122,15,14,1121,16,31
4634,1122,16,14,1121,17,31
4635,1121,12,30,1122,3,13
4636,1121,13,30,1122,4,13
4637,1122,3,14,1121,12,31
4638,1122,4,14,1121,13,31
4639,0,167,124,23,5,10
4640,0,168,124,23,6,10
4641,23,5,11,0,167,125
4642,23,6,11,0,168,125
4643,1023,34,56,1026,3,8
4644,1023,35,56,1026,4,8
4645,1026,3,9,1023,34,57
4646,1026,4,9,1023,35,57
4647,1023,69,60,1021,4,8
4648,1023,70,60,1021,5,8
4649,1021,4,9,1023,69,61
4650,1021,5,9,1023,70,61
4651,1023,64,41,1027,7,13
4652,1023,65,41,1027,8,13
4653,1027,7,14,1023,64,42
4654,1027,8,14,1023,65,42
4655,1023,71,44,1027,21,13
4656,1023,72,44,1027,22,13
4657,1027,21,14,1023,71,45
4658,1027,22,14,1023,72,45
4659,330,110,133,331,5,10
4660,330,111,133,331,6,10
4661,330,88,24,3300,14,28
4662,330,89,24,3300,15,28
4663,3300,14,29,330,88,25
4664,3300,15,29,330,89,25
4665,3300,16,29,330,89,25
4666,3300,13,1,3301,11,22
4667,3300,14,1,3301,12,22
4668,3300,15,1,3301,12,22
4669,3301,11,23,3300,13,2
4670,3301,12,23,3300,14,2
4672,330,96,121,346,6,12
4673,330,97,121,346,7,12
4674,346,6,13,330,96,122
4675,346,7,13,330,97,122
4676,346,8,2,347,11,23
4677,347,11,24,346,8,3
4678,347,12,24,346,8,3
4679,346,9,2,348,11,23
4680,348,11,24,346,9,3
4681,348,12,24,346,9,3
4682,1011,0,8,1006,14,8
4683,1011,0,9,1006,14,9
4684,1011,0,10,1006,14,10
4685,1006,15,8,1011,1,8
4686,1006,15,9,1011,1,9
4687,1006,15,10,1011,1,10
4688,1228,21,15,1002,19,93
4689,443,28,5,443,16,16
4690,443,16,15,443,27,5
4700,5806,24,49,5810,22,20
4701,5806,25,49,5810,23,20
4702,5806,49,28,5807,1,10
4703,5806,49,29,5807,1,11
4704,5806,49,30,5807,1,12
4705,5807,0,10,5806,48,28
4706,5807,0,11,5806,48,29
4707,5807,0,12,5806,48,30
4708,5807,23,7,5808,9,13
4709,5807,24,7,5808,10,13
4710,5808,9,14,5807,23,8
4711,5808,10,14,5807,24,8
4712,5812,21,1,5808,11,4
4713,5812,22,1,5808,12,4
4714,5812,28,19,5814,10,20
4715,5812,29,19,5814,10,20
4716,5814,10,19,5812,28,18
4717,5814,10,2,5812,26,8
4718,5812,26,7,5814,10,3
4719,5812,7,7,5815,2,4
4720,5815,2,3,5812,7,8
4721,5815,13,18,5817,22,2
4722,5815,14,18,5817,23,2
4723,5817,22,1,5815,13,17
4724,5817,23,1,5815,14,17
4725,5817,13,19,5818,37,1
4726,5817,14,19,5818,38,1
4727,5818,37,0,5817,13,18
4728,5818,38,0,5817,14,18
4729,5818,4,1,5819,9,28
4730,5818,5,1,5819,10,28
4731,5819,9,29,5818,4,2
4732,5819,10,29,5818,5,2
4733,5819,21,1,5820,14,28
4734,5819,22,1,5820,15,28
4735,5820,14,29,5819,21,2
4736,5820,15,29,5819,22,2
4737,5820,2,1,5821,21,15
4738,5821,20,15,5820,2,2
4739,5821,16,24,5816,5,2
4740,5821,17,24,5816,6,2
4741,5816,5,1,5821,16,23
4742,5816,6,1,5821,17,23
4743,5816,22,26,5820,3,14
4744,5820,3,13,5816,23,26
4745,5820,4,29,5819,7,2
4746,5820,5,29,5819,8,2
4747,5819,7,1,5820,4,28
4748,5819,8,1,5820,5,28
4749,5819,2,9,5813,31,3
4750,5813,31,2,5819,2,10
4751,5813,3,1,5816,12,27
4752,5813,4,1,5816,13,27
4753,5816,12,28,5813,3,2
4754,5816,13,28,5813,4,2
4758,5806,24,9,5809,19,25
4759,5809,19,26,5806,24,10
4760,5809,20,26,5806,24,10
4761,5809,0,19,5836,32,34
4762,5809,0,20,5836,32,34
4763,5809,0,21,5836,32,34
4764,5836,32,35,5809,1,20
4765,5836,32,41,5836,2,34
4766,5836,2,35,5836,32,42
4767,5836,2,41,5836,32,4
4768,5836,32,5,5836,2,42
4769,5836,32,11,5836,2,4
4770,5836,2,5,5836,32,12
4771,5836,2,11,5834,18,2
4772,5834,18,1,5836,2,12
4773,5834,4,24,5835,3,1
4774,5834,5,24,5835,4,1
4775,5835,3,0,5834,4,23
4776,5835,4,0,5834,5,23
4777,5809,39,19,5829,1,19
4778,5809,39,20,5829,1,20
4779,5809,39,21,5829,1,21
4780,5829,0,19,5809,38,19
4781,5829,0,20,5809,38,20
4782,5829,0,21,5809,38,21
4783,5829,13,0,5826,1,18
4784,5829,14,0,5826,2,18
4785,5829,15,0,5826,3,18
4786,5826,1,19,5829,13,1
4787,5826,2,19,5829,14,1
4788,5826,3,19,5829,15,1
4789,5826,0,2,5828,4,28
4790,5826,0,3,5828,5,28
4791,5826,0,4,5828,6,28
4792,5828,4,29,5826,1,2
4793,5828,5,29,5826,1,3
4794,5828,6,29,5826,1,4
4795,5809,19,0,5824,16,23
4796,5809,20,0,5824,17,23
4797,5830,39,23,5824,1,4
4798,5830,39,24,5824,1,5
4799,5824,16,24,5809,19,1
4800,5824,17,24,5809,20,1
4801,5833,12,17,5830,2,14
4802,5833,13,17,5830,3,14
4803,5833,3,1,5831,14,18
4804,5833,4,1,5831,15,18
4805,5833,5,1,5831,16,18
4806,5831,14,19,5833,3,1
4807,5831,15,19,5833,4,1
4808,5831,16,19,5833,5,1
4809,5809,39,9,5825,1,12
4810,5809,39,10,5825,1,13
4811,5809,39,11,5825,1,14
4812,5825,0,12,5809,38,9
4813,5825,0,13,5809,38,10
4814,5825,0,14,5809,38,11
4815,5825,24,3,5823,2,12
4816,5825,24,4,5823,2,12
4817,5825,24,5,5823,2,12
4818,5823,2,11,5825,23,3
4819,5823,2,5,5823,2,42
4820,5823,2,41,5823,2,4
4821,5823,2,35,5823,32,12
4822,5823,32,11,5823,2,34
4823,5823,32,5,5823,32,42
4824,5823,32,41,5823,32,4
4825,5823,32,35,5827,13,11
4826,5827,14,11,5823,32,34
4827,5827,2,1,5832,9,14
4828,5827,3,1,5832,10,14
4829,5827,4,1,5832,10,14
4830,5832,9,15,5827,2,2
4831,5832,10,15,5827,3,2
4832,5824,0,4,5830,38,23
4833,5824,0,5,5830,38,24
4834,5830,2,13,5833,12,16
4835,5830,3,13,5833,13,16
4836,5846,24,49,5850,22,20
4837,5846,25,49,5850,23,20
4838,5846,49,28,5847,1,10
4839,5846,49,29,5847,1,11
4840,5846,49,30,5847,1,12
4841,5847,0,10,5846,48,28
4842,5847,0,11,5846,48,29
4843,5847,0,12,5846,48,30
4844,5847,23,7,5848,9,13
4845,5847,24,7,5848,10,13
4846,5848,9,14,5847,23,8
4847,5848,10,14,5847,24,8
4848,5852,21,1,5848,11,4
4849,5852,22,1,5848,12,4
4850,5852,28,19,5854,10,20
4851,5852,29,19,5854,10,20
4852,5854,10,19,5852,28,18
4853,5854,10,2,5852,26,8
4854,5852,26,7,5854,10,3
4855,5852,7,7,5855,2,4
4856,5855,2,3,5852,7,8
4857,5855,13,18,5857,22,2
4858,5855,14,18,5857,23,2
4859,5857,22,1,5855,13,17
4860,5857,23,1,5855,14,17
4861,5857,13,19,5858,37,1
4862,5857,14,19,5858,38,1
4863,5858,37,0,5857,13,18
4864,5858,38,0,5857,14,18
4865,5858,4,1,5859,9,28
4866,5858,5,1,5859,10,28
4867,5859,9,29,5858,4,2
4868,5859,10,29,5858,5,2
4869,5859,21,1,5860,14,28
4870,5859,22,1,5860,15,28
4871,5860,14,29,5859,21,2
4872,5860,15,29,5859,22,2
4873,5860,2,1,5861,21,15
4874,5861,20,15,5860,2,2
4875,5861,16,24,5856,5,2
4876,5861,17,24,5856,6,2
4877,5856,5,1,5861,16,23
4878,5856,6,1,5861,17,23
4879,5856,22,26,5860,3,14
4880,5860,3,13,5856,23,26
4881,5860,4,29,5859,7,2
4882,5860,5,29,5859,8,2
4883,5859,7,1,5860,4,28
4884,5859,8,1,5860,5,28
4885,5859,2,9,5853,31,3
4886,5853,31,2,5859,2,10
4887,5853,3,1,5856,12,27
4888,5853,4,1,5856,13,27
4889,5856,12,28,5853,3,2
4890,5856,13,28,5853,4,2
4894,5846,24,9,5849,19,25
4895,5849,19,26,5846,24,10
4896,5849,20,26,5846,24,10
4897,5849,0,19,5876,32,34
4898,5849,0,20,5876,32,34
4899,5849,0,21,5876,32,34
4900,5876,32,35,5849,1,20
4901,5876,32,41,5876,2,34
4902,5876,2,35,5876,32,42
4903,5876,2,41,5876,32,4
4904,5876,32,5,5876,2,42
4905,5876,32,11,5876,2,4
4906,5876,2,5,5876,32,12
4907,5876,2,11,5874,18,2
4908,5874,18,1,5876,2,12
4909,5874,4,24,5875,3,1
4910,5874,5,24,5875,4,1
4911,5875,3,0,5874,4,23
4912,5875,4,0,5874,5,23
4913,5849,39,19,5869,1,19
4914,5849,39,20,5869,1,20
4915,5849,39,21,5869,1,21
4916,5869,0,19,5849,38,19
4917,5869,0,20,5849,38,20
4918,5869,0,21,5849,38,21
4919,5869,13,0,5866,1,18
4920,5869,14,0,5866,2,18
4921,5869,15,0,5866,3,18
4922,5866,1,19,5869,13,1
4923,5866,2,19,5869,14,1
4924,5866,3,19,5869,15,1
4925,5866,0,2,5868,4,28
4926,5866,0,3,5868,5,28
4927,5866,0,4,5868,6,28
4928,5868,4,29,5866,1,2
4929,5868,5,29,5866,1,3
4930,5868,6,29,5866,1,4
4931,5849,19,0,5864,16,23
4932,5849,20,0,5864,17,23
4933,5870,39,23,5864,1,4
4934,5870,39,24,5864,1,5
4935,5864,16,24,5849,19,1
4936,5864,17,24,5849,20,1
4937,5873,12,17,5870,2,14
4938,5873,13,17,5870,3,14
4939,5873,3,1,5871,14,18
4940,5873,4,1,5871,15,18
4941,5873,5,1,5871,16,18
4942,5871,14,19,5873,3,1
4943,5871,15,19,5873,4,1
4944,5871,16,19,5873,5,1
4945,5849,39,9,5865,1,12
4946,5849,39,10,5865,1,13
4947,5849,39,11,5865,1,14
4948,5865,0,12,5849,38,9
4949,5865,0,13,5849,38,10
4950,5865,0,14,5849,38,11
4951,5865,24,3,5863,2,12
4952,5865,24,4,5863,2,12
4953,5865,24,5,5863,2,12
4954,5863,2,11,5865,23,3
4955,5863,2,5,5863,2,42
4956,5863,2,41,5863,2,4
4957,5863,2,35,5863,32,12
4958,5863,32,11,5863,2,34
4959,5863,32,5,5863,32,42
4960,5863,32,41,5863,32,4
4961,5863,32,35,5867,13,11
4962,5867,14,11,5863,32,34
4963,5867,2,1,5872,9,14
4964,5867,3,1,5872,10,14
4965,5867,4,1,5872,10,14
4966,5872,9,15,5867,2,2
4967,5872,10,15,5867,3,2
4968,5864,0,4,5870,38,23
4969,5864,0,5,5870,38,24
4970,5870,2,13,5873,12,16
4971,5870,3,13,5873,13,16
4972,5886,24,49,5890,22,20
4973,5886,25,49,5890,23,20
4974,5886,49,28,5887,1,10
4975,5886,49,29,5887,1,11
4976,5886,49,30,5887,1,12
4977,5887,0,10,5886,48,28
4978,5887,0,11,5886,48,29
4979,5887,0,12,5886,48,30
4980,5887,23,7,5888,9,13
4981,5887,24,7,5888,10,13
4982,5888,9,14,5887,23,8
4983,5888,10,14,5887,24,8
4984,5892,21,1,5888,11,4
4985,5892,22,1,5888,12,4
4986,5892,28,19,5894,10,20
4987,5892,29,19,5894,10,20
4988,5894,10,19,5892,28,18
4989,5894,10,2,5892,26,8
4990,5892,26,7,5894,10,3
4991,5892,7,7,5895,2,4
4992,5895,2,3,5892,7,8
4993,5895,13,18,5897,22,2
4994,5895,14,18,5897,23,2
4995,5897,22,1,5895,13,17
4996,5897,23,1,5895,14,17
4997,5897,13,19,5898,37,1
4998,5897,14,19,5898,38,1
4999,5898,37,0,5897,13,18
5000,5898,38,0,5897,14,18
5001,5898,4,1,5899,9,28
5002,5898,5,1,5899,10,28
5003,5899,9,29,5898,4,2
5004,5899,10,29,5898,5,2
5005,5899,21,1,5900,14,28
5006,5899,22,1,5900,15,28
5007,5900,14,29,5899,21,2
5008,5900,15,29,5899,22,2
5009,5900,2,1,5901,21,15
5010,5901,20,15,5900,2,2
5011,5901,16,24,5896,5,2
5012,5901,17,24,5896,6,2
5013,5896,5,1,5901,16,23
5014,5896,6,1,5901,17,23
5015,5896,22,26,5900,3,14
5016,5900,3,13,5896,23,26
5017,5900,4,29,5899,7,2
5018,5900,5,29,5899,8,2
5019,5899,7,1,5900,4,28
5020,5899,8,1,5900,5,28
5021,5899,2,9,5893,31,3
5022,5893,31,2,5899,2,10
5023,5893,3,1,5896,12,27
5024,5893,4,1,5896,13,27
5025,5896,12,28,5893,3,2
5026,5896,13,28,5893,4,2
5030,5886,24,9,5889,19,25
5031,5889,19,26,5886,24,10
5032,5889,20,26,5886,24,10
5033,5889,0,19,5916,32,34
5034,5889,0,20,5916,32,34
5035,5889,0,21,5916,32,34
5036,5916,32,35,5889,1,20
5037,5916,32,41,5916,2,34
5038,5916,2,35,5916,32,42
5039,5916,2,41,5916,32,4
5040,5916,32,5,5916,2,42
5041,5916,32,11,5916,2,4
5042,5916,2,5,5916,32,12
5043,5916,2,11,5914,18,2
5044,5914,18,1,5916,2,12
5045,5914,4,24,5915,3,1
5046,5914,5,24,5915,4,1
5047,5915,3,0,5914,4,23
5048,5915,4,0,5914,5,23
5049,5889,39,19,5909,1,19
5050,5889,39,20,5909,1,20
5051,5889,39,21,5909,1,21
5052,5909,0,19,5889,38,19
5053,5909,0,20,5889,38,20
5054,5909,0,21,5889,38,21
5055,5909,13,0,5906,1,18
5056,5909,14,0,5906,2,18
5057,5909,15,0,5906,3,18
5058,5906,1,19,5909,13,1
5059,5906,2,19,5909,14,1
5060,5906,3,19,5909,15,1
5061,5906,0,2,5908,4,28
5062,5906,0,3,5908,5,28
5063,5906,0,4,5908,6,28
5064,5908,4,29,5906,1,2
5065,5908,5,29,5906,1,3
5066,5908,6,29,5906,1,4
5067,5889,19,0,5904,16,23
5068,5889,20,0,5904,17,23
5069,5910,39,23,5904,1,4
5070,5910,39,24,5904,1,5
5071,5904,16,24,5889,19,1
5072,5904,17,24,5889,20,1
5073,5913,12,17,5910,2,14
5074,5913,13,17,5910,3,14
5075,5913,3,1,5911,14,18
5076,5913,4,1,5911,15,18
5077,5913,5,1,5911,16,18
5078,5911,14,19,5913,3,1
5079,5911,15,19,5913,4,1
5080,5911,16,19,5913,5,1
5081,5889,39,9,5905,1,12
5082,5889,39,10,5905,1,13
5083,5889,39,11,5905,1,14
5084,5905,0,12,5889,38,9
5085,5905,0,13,5889,38,10
5086,5905,0,14,5889,38,11
5087,5905,24,3,5903,2,12
5088,5905,24,4,5903,2,12
5089,5905,24,5,5903,2,12
5090,5903,2,11,5905,23,3
5091,5903,2,5,5903,2,42
5092,5903,2,41,5903,2,4
5093,5903,2,35,5903,32,12
5094,5903,32,11,5903,2,34
5095,5903,32,5,5903,32,42
5096,5903,32,41,5903,32,4
5097,5903,32,35,5907,13,11
5098,5907,14,11,5903,32,34
5099,5907,2,1,5912,9,14
5100,5907,3,1,5912,10,14
5101,5907,4,1,5912,10,14
5102,5912,9,15,5907,2,2
5103,5912,10,15,5907,3,2
5104,5904,0,4,5910,38,23
5105,5904,0,5,5910,38,24
5106,5910,2,13,5913,12,16
5107,5910,3,13,5913,13,16
5108,5926,24,49,5930,22,20
5109,5926,25,49,5930,23,20
5110,5926,49,28,5927,1,10
5111,5926,49,29,5927,1,11
5112,5926,49,30,5927,1,12
5113,5927,0,10,5926,48,28
5114,5927,0,11,5926,48,29
5115,5927,0,12,5926,48,30
5116,5927,23,7,5928,9,13
5117,5927,24,7,5928,10,13
5118,5928,9,14,5927,23,8
5119,5928,10,14,5927,24,8
5120,5932,21,1,5928,11,4
5121,5932,22,1,5928,12,4
5122,5932,28,19,5934,10,20
5123,5932,29,19,5934,10,20
5124,5934,10,19,5932,28,18
5125,5934,10,2,5932,26,8
5126,5932,26,7,5934,10,3
5127,5932,7,7,5935,2,4
5128,5935,2,3,5932,7,8
5129,5935,13,18,5937,22,2
5130,5935,14,18,5937,23,2
5131,5937,22,1,5935,13,17
5132,5937,23,1,5935,14,17
5133,5937,13,19,5938,37,1
5134,5937,14,19,5938,38,1
5135,5938,37,0,5937,13,18
5136,5938,38,0,5937,14,18
5137,5938,4,1,5939,9,28
5138,5938,5,1,5939,10,28
5139,5939,9,29,5938,4,2
5140,5939,10,29,5938,5,2
5141,5939,21,1,5940,14,28
5142,5939,22,1,5940,15,28
5143,5940,14,29,5939,21,2
5144,5940,15,29,5939,22,2
5145,5940,2,1,5941,21,15
5146,5941,20,15,5940,2,2
5147,5941,16,24,5936,5,2
5148,5941,17,24,5936,6,2
5149,5936,5,1,5941,16,23
5150,5936,6,1,5941,17,23
5151,5936,22,26,5940,3,14
5152,5940,3,13,5936,23,26
5153,5940,4,29,5939,7,2
5154,5940,5,29,5939,8,2
5155,5939,7,1,5940,4,28
5156,5939,8,1,5940,5,28
5157,5939,2,9,5933,31,3
5158,5933,31,2,5939,2,10
5159,5933,3,1,5936,12,27
5160,5933,4,1,5936,13,27
5161,5936,12,28,5933,3,2
5162,5936,13,28,5933,4,2
5166,5926,24,9,5929,19,25
5167,5929,19,26,5926,24,10
5168,5929,20,26,5926,24,10
5169,5929,0,19,5956,32,34
5170,5929,0,20,5956,32,34
5171,5929,0,21,5956,32,34
5172,5956,32,35,5929,1,20
5173,5956,32,41,5956,2,34
5174,5956,2,35,5956,32,42
5175,5956,2,41,5956,32,4
5176,5956,32,5,5956,2,42
5177,5956,32,11,5956,2,4
5178,5956,2,5,5956,32,12
5179,5956,2,11,5954,18,2
5180,5954,18,1,5956,2,12
5181,5954,4,24,5955,3,1
5182,5954,5,24,5955,4,1
5183,5955,3,0,5954,4,23
5184,5955,4,0,5954,5,23
5185,5929,39,19,5949,1,19
5186,5929,39,20,5949,1,20
5187,5929,39,21,5949,1,21
5188,5949,0,19,5929,38,19
5189,5949,0,20,5929,38,20
5190,5949,0,21,5929,38,21
5191,5949,13,0,5946,1,18
5192,5949,14,0,5946,2,18
5193,5949,15,0,5946,3,18
5194,5946,1,19,5949,13,1
5195,5946,2,19,5949,14,1
5196,5946,3,19,5949,15,1
5197,5946,0,2,5948,4,28
5198,5946,0,3,5948,5,28
5199,5946,0,4,5948,6,28
5200,5948,4,29,5946,1,2
5201,5948,5,29,5946,1,3
5202,5948,6,29,5946,1,4
5203,5929,19,0,5944,16,23
5204,5929,20,0,5944,17,23
5205,5950,39,23,5944,1,4
5206,5950,39,24,5944,1,5
5207,5944,16,24,5929,19,1
5208,5944,17,24,5929,20,1
5209,5953,12,17,5950,2,14
5210,5953,13,17,5950,3,14
5211,5953,3,1,5951,14,18
5212,5953,4,1,5951,15,18
5213,5953,5,1,5951,16,18
5214,5951,14,19,5953,3,1
5215,5951,15,19,5953,4,1
5216,5951,16,19,5953,5,1
5217,5929,39,9,5945,1,12
5218,5929,39,10,5945,1,13
5219,5929,39,11,5945,1,14
5220,5945,0,12,5929,38,9
5221,5945,0,13,5929,38,10
5222,5945,0,14,5929,38,11
5223,5945,24,3,5943,2,12
5224,5945,24,4,5943,2,12
5225,5945,24,5,5943,2,12
5226,5943,2,11,5945,23,3
5227,5943,2,5,5943,2,42
5228,5943,2,41,5943,2,4
5229,5943,2,35,5943,32,12
5230,5943,32,11,5943,2,34
5231,5943,32,5,5943,32,42
5232,5943,32,41,5943,32,4
5233,5943,32,35,5947,13,11
5234,5947,14,11,5943,32,34
5235,5947,2,1,5952,9,14
5236,5947,3,1,5952,10,14
5237,5947,4,1,5952,10,14
5238,5952,9,15,5947,2,2
5239,5952,10,15,5947,3,2
5240,5944,0,4,5950,38,23
5241,5944,0,5,5950,38,24
5242,5950,2,13,5953,12,16
5243,5950,3,13,5953,13,16
5244,5966,24,49,5970,22,20
5245,5966,25,49,5970,23,20
5246,5966,49,28,5967,1,10
5247,5966,49,29,5967,1,11
5248,5966,49,30,5967,1,12
5249,5967,0,10,5966,48,28
5250,5967,0,11,5966,48,29
5251,5967,0,12,5966,48,30
5252,5967,23,7,5968,9,13
5253,5967,24,7,5968,10,13
5254,5968,9,14,5967,23,8
5255,5968,10,14,5967,24,8
5256,5972,21,1,5968,11,4
5257,5972,22,1,5968,12,4
5258,5972,28,19,5974,10,20
5259,5972,29,19,5974,10,20
5260,5974,10,19,5972,28,18
5261,5974,10,2,5972,26,8
5262,5972,26,7,5974,10,3
5263,5972,7,7,5975,2,4
5264,5975,2,3,5972,7,8
5265,5975,13,18,5977,22,2
5266,5975,14,18,5977,23,2
5267,5977,22,1,5975,13,17
5268,5977,23,1,5975,14,17
5269,5977,13,19,5978,37,1
5270,5977,14,19,5978,38,1
5271,5978,37,0,5977,13,18
5272,5978,38,0,5977,14,18
5273,5978,4,1,5979,9,28
5274,5978,5,1,5979,10,28
5275,5979,9,29,5978,4,2
5276,5979,10,29,5978,5,2
5277,5979,21,1,5980,14,28
5278,5979,22,1,5980,15,28
5279,5980,14,29,5979,21,2
5280,5980,15,29,5979,22,2
5281,5980,2,1,5981,21,15
5282,5981,20,15,5980,2,2
5283,5981,16,24,5976,5,2
5284,5981,17,24,5976,6,2
5285,5976,5,1,5981,16,23
5286,5976,6,1,5981,17,23
5287,5976,22,26,5980,3,14
5288,5980,3,13,5976,23,26
5289,5980,4,29,5979,7,2
5290,5980,5,29,5979,8,2
5291,5979,7,1,5980,4,28
5292,5979,8,1,5980,5,28
5293,5979,2,9,5973,31,3
5294,5973,31,2,5979,2,10
5295,5973,3,1,5976,12,27
5296,5973,4,1,5976,13,27
5297,5976,12,28,5973,3,2
5298,5976,13,28,5973,4,2
5302,5966,24,9,5969,19,25
5303,5969,19,26,5966,24,10
5304,5969,20,26,5966,24,10
5305,5969,0,19,5996,32,34
5306,5969,0,20,5996,32,34
5307,5969,0,21,5996,32,34
5308,5996,32,35,5969,1,20
5309,5996,32,41,5996,2,34
5310,5996,2,35,5996,32,42
5311,5996,2,41,5996,32,4
5312,5996,32,5,5996,2,42
5313,5996,32,11,5996,2,4
5314,5996,2,5,5996,32,12
5315,5996,2,11,5994,18,2
5316,5994,18,1,5996,2,12
5317,5994,4,24,5995,3,1
5318,5994,5,24,5995,4,1
5319,5995,3,0,5994,4,23
5320,5995,4,0,5994,5,23
5321,5969,39,19,5989,1,19
5322,5969,39,20,5989,1,20
5323,5969,39,21,5989,1,21
5324,5989,0,19,5969,38,19
5325,5989,0,20,5969,38,20
5326,5989,0,21,5969,38,21
5327,5989,13,0,5986,1,18
5328,5989,14,0,5986,2,18
5329,5989,15,0,5986,3,18
5330,5986,1,19,5989,13,1
5331,5986,2,19,5989,14,1
5332,5986,3,19,5989,15,1
5333,5986,0,2,5988,4,28
5334,5986,0,3,5988,5,28
5335,5986,0,4,5988,6,28
5336,5988,4,29,5986,1,2
5337,5988,5,29,5986,1,3
5338,5988,6,29,5986,1,4
5339,5969,19,0,5984,16,23
5340,5969,20,0,5984,17,23
5341,5990,39,23,5984,1,4
5342,5990,39,24,5984,1,5
5343,5984,16,24,5969,19,1
5344,5984,17,24,5969,20,1
5345,5993,12,17,5990,2,14
5346,5993,13,17,5990,3,14
5347,5993,3,1,5991,14,18
5348,5993,4,1,5991,15,18
5349,5993,5,1,5991,16,18
5350,5991,14,19,5993,3,1
5351,5991,15,19,5993,4,1
5352,5991,16,19,5993,5,1
5353,5969,39,9,5985,1,12
5354,5969,39,10,5985,1,13
5355,5969,39,11,5985,1,14
5356,5985,0,12,5969,38,9
5357,5985,0,13,5969,38,10
5358,5985,0,14,5969,38,11
5359,5985,24,3,5983,2,12
5360,5985,24,4,5983,2,12
5361,5985,24,5,5983,2,12
5362,5983,2,11,5985,23,3
5363,5983,2,5,5983,2,42
5364,5983,2,41,5983,2,4
5365,5983,2,35,5983,32,12
5366,5983,32,11,5983,2,34
5367,5983,32,5,5983,32,42
5368,5983,32,41,5983,32,4
5369,5983,32,35,5987,13,11
5370,5987,14,11,5983,32,34
5371,5987,2,1,5992,9,14
5372,5987,3,1,5992,10,14
5373,5987,4,1,5992,10,14
5374,5992,9,15,5987,2,2
5375,5992,10,15,5987,3,2
5376,5984,0,4,5990,38,23
5377,5984,0,5,5990,38,24
5378,5990,2,13,5993,12,16
5379,5990,3,13,5993,13,16
5380,208,1,11,208,2,24
5381,3208,1,11,3208,2,24
5382,4208,1,11,4208,2,24
5383,2500,69,78,2596,5,10
5384,2500,70,78,2596,6,10
5385,2596,5,11,2500,69,79
5386,2596,6,11,2500,70,79
5387,3619,24,29,1002,52,33
5388,3619,25,29,1002,52,33
5389,3619,26,29,1002,52,33
5390,3619,27,29,1002,52,33
5391,3619,28,29,1002,52,33
5392,3632,9,34,1002,172,213
5393,3632,10,34,1002,173,213
5394,3519,8,29,2205,10,16
5395,3519,9,29,2205,10,16
5396,3540,15,29,0,126,169
5397,3540,16,29,0,127,169
5398,3524,18,29,0,101,158
5399,3524,19,29,0,101,158
5400,3524,20,29,0,101,158
5401,3614,25,34,1004,58,6
5402,3614,26,34,1004,59,6
5403,3609,12,29,1127,10,3
5404,3629,14,29,1008,69,8
5405,1023,58,23,1024,9,18
5406,1023,59,23,1024,10,18
5407,1024,9,19,1023,58,24
5408,1024,10,19,1023,59,24
5409,1023,72,30,1022,4,8
5410,1023,73,30,1022,5,8
5411,1022,4,9,1023,72,31
5412,1022,5,9,1023,73,31
5413,6563,6,6,6562,27,2
5414,6562,27,1,6563,6,7
5415,6562,11,13,6565,26,2
5416,6565,26,1,6562,11,14
5417,6565,1,0,6569,6,9
5418,6569,6,8,6565,1,1
5419,6569,5,14,6563,27,25
5420,6563,27,24,6569,5,15
5421,6565,3,20,6566,18,4
5422,6566,18,3,6565,3,21
5423,6566,1,23,6567,1,2
5424,6567,1,1,6566,1,24
5425,6567,27,19,6568,1,23
5426,6568,1,22,6567,27,20
5427,6568,1,0,6570,2,16
5428,6570,2,15,6568,1,1
5429,6568,28,13,6564,4,30
5430,6564,4,29,6568,28,14
5431,6564,8,5,6571,25,24
5432,6571,25,23,6564,8,6
5433,6571,1,0,6570,28,25
5434,6570,28,24,6571,1,1
5435,6571,13,11,6572,3,16
5436,6572,2,17,6571,13,12
5437,6572,3,17,6571,13,12
5438,6572,14,2,6573,7,8
5439,6573,7,7,6572,14,3
5440,6573,29,3,6574,1,8
5441,6574,0,8,6573,28,3
5442,6574,18,29,6575,14,1
5443,6574,19,29,6575,14,1
5444,6574,20,29,6575,15,1
5445,6575,14,0,6574,19,28
5446,6575,15,0,6574,20,28
5447,6575,4,31,6576,24,1
5448,6575,5,31,6576,25,1
5449,6576,24,0,6575,4,30
5450,6576,25,0,6575,5,30
5451,6576,12,29,6577,11,1
5452,6576,13,29,6577,12,1
5453,6577,11,0,6576,12,28
5454,6577,12,0,6576,13,28
5455,6577,26,25,6578,1,3
5456,6578,0,3,6577,26,24
5457,6578,24,29,6579,11,1
5458,6578,25,29,6579,12,1
5459,6579,11,0,6578,24,28
5460,6579,12,0,6578,25,28
5461,6543,6,6,6542,27,2
5462,6542,27,1,6543,6,7
5463,6542,11,13,6545,26,2
5464,6545,26,1,6542,11,14
5465,6545,1,0,6549,6,9
5466,6549,6,8,6545,1,1
5467,6549,5,14,6543,27,25
5468,6543,27,24,6549,5,15
5469,6545,3,20,6546,18,4
5470,6546,18,3,6545,3,21
5471,6546,1,23,6547,1,2
5472,6547,1,1,6546,1,24
5473,6547,27,19,6548,1,23
5474,6548,1,22,6547,27,20
5475,6548,1,0,6550,2,16
5476,6550,2,15,6548,1,1
5477,6548,28,13,6544,4,30
5478,6544,4,29,6548,28,14
5479,6544,8,5,6551,25,24
5480,6551,25,23,6544,8,6
5481,6551,1,0,6550,28,25
5482,6550,28,24,6551,1,1
5483,6551,13,11,6552,3,16
5484,6552,2,17,6551,13,12
5485,6552,3,17,6551,13,12
5486,6552,14,2,6553,7,8
5487,6553,7,7,6552,14,3
5488,6553,29,3,6554,1,8
5489,6554,0,8,6553,28,3
5490,6554,18,29,6555,14,1
5491,6554,19,29,6555,14,1
5492,6554,20,29,6555,15,1
5493,6555,14,0,6554,19,28
5494,6555,15,0,6554,20,28
5495,6555,4,31,6556,24,1
5496,6555,5,31,6556,25,1
5497,6556,24,0,6555,4,30
5498,6556,25,0,6555,5,30
5499,6556,12,29,6557,11,1
5500,6556,13,29,6557,12,1
5501,6557,11,0,6556,12,28
5502,6557,12,0,6556,13,28
5503,6557,26,25,6558,1,3
5504,6558,0,3,6557,26,24
5505,6558,24,29,6559,11,1
5506,6558,25,29,6559,12,1
5507,6559,11,0,6558,24,28
5508,6559,12,0,6558,25,28
5509,6523,6,6,6522,27,2
5510,6522,27,1,6523,6,7
5511,6522,11,13,6525,26,2
5512,6525,26,1,6522,11,14
5513,6525,1,0,6529,6,9
5514,6529,6,8,6525,1,1
5515,6529,5,14,6523,27,25
5516,6523,27,24,6529,5,15
5517,6525,3,20,6526,18,4
5518,6526,18,3,6525,3,21
5519,6526,1,23,6527,1,2
5520,6527,1,1,6526,1,24
5521,6527,27,19,6528,1,23
5522,6528,1,22,6527,27,20
5523,6528,1,0,6530,2,16
5524,6530,2,15,6528,1,1
5525,6528,28,13,6524,4,30
5526,6524,4,29,6528,28,14
5527,6524,8,5,6531,25,24
5528,6531,25,23,6524,8,6
5529,6531,1,0,6530,28,25
5530,6530,28,24,6531,1,1
5531,6531,13,11,6532,3,16
5532,6532,2,17,6531,13,12
5533,6532,3,17,6531,13,12
5534,6532,14,2,6533,7,8
5535,6533,7,7,6532,14,3
5536,6533,29,3,6534,1,8
5537,6534,0,8,6533,28,3
5538,6534,18,29,6535,14,1
5539,6534,19,29,6535,14,1
5540,6534,20,29,6535,15,1
5541,6535,14,0,6534,19,28
5542,6535,15,0,6534,20,28
5543,6535,4,31,6536,24,1
5544,6535,5,31,6536,25,1
5545,6536,24,0,6535,4,30
5546,6536,25,0,6535,5,30
5547,6536,12,29,6537,11,1
5548,6536,13,29,6537,12,1
5549,6537,11,0,6536,12,28
5550,6537,12,0,6536,13,28
5551,6537,26,25,6538,1,3
5552,6538,0,3,6537,26,24
5553,6538,24,29,6539,11,1
5554,6538,25,29,6539,12,1
5555,6539,11,0,6538,24,28
5556,6539,12,0,6538,25,28
5557,3619,2,18,44175,32,20
5558,44175,32,19,3619,2,19
5559,2534,39,79,2500,88,133
5560,2534,40,79,2500,88,133
5565,11000,26,9,11001,24,28
5566,11000,27,9,11001,24,28
5567,11000,7,1,11001,3,28
5568,11000,8,1,11001,3,28
5569,11000,9,1,11001,3,28
5570,11001,2,29,11000,8,3
5571,11001,3,29,11000,8,3
5572,11001,4,29,11000,8,3
5573,11001,23,29,11000,26,10
5574,11001,24,29,11000,26,10
5575,11001,25,29,11000,26,10
5576,11001,14,0,11002,15,28
5577,11001,15,0,11002,15,28
5578,11001,16,0,11002,15,28
5579,11002,14,19,11001,15,1
5580,11002,15,19,11001,15,1
5581,11002,22,1,11003,21,28
5582,11002,23,1,11003,21,28
5583,11002,24,1,11003,21,28
5584,11002,5,1,11003,9,28
5585,11002,6,1,11003,9,28
5586,11002,7,1,11003,9,28
5587,11003,19,29,11002,23,2
5588,11003,20,29,11002,23,2
5589,11003,21,29,11002,23,2
5590,11003,7,29,11002,6,2
5591,11003,8,29,11002,6,2
5592,11003,9,29,11002,6,2
5593,11003,7,1,11004,2,1
5594,11003,8,1,11004,2,1
5595,11003,9,1,11004,2,1
5596,11003,21,1,11004,26,1
5597,11003,22,1,11004,26,1
5598,11003,23,1,11004,26,1
5599,11004,25,0,11003,22,2
5600,11004,26,0,11003,22,2
5601,11004,27,0,11003,22,2
5602,11004,1,0,11003,8,2
5603,11004,2,0,11003,8,2
5604,11004,3,0,11003,8,2
5605,11004,13,25,11005,13,27
5606,11004,15,25,11005,17,27
5607,11005,13,28,11004,13,26
5608,11005,14,28,11004,13,26
5609,11005,16,28,11004,15,26
5610,11005,17,28,11004,15,26
5617,1121,37,33,1126,5,8
5618,1121,38,33,1126,6,8
5619,1126,5,9,1121,37,34
5620,1126,6,9,1121,38,34
5621,330,31,108,4600,3,4
5622,330,32,108,4600,4,4
5623,4600,2,5,330,31,109
5624,4600,3,5,330,31,109
5682,4600,4,5,330,32,109
5683,4600,5,5,330,32,109
5684,4600,2,0,4601,21,42
5685,4600,3,0,4601,22,42
5686,4600,4,0,4601,23,42
5687,4600,5,0,4601,24,42
5688,4601,21,43,4600,2,1
5689,4601,22,43,4600,3,1
5690,4601,23,43,4600,4,1
5691,4601,24,43,4600,5,1
5625,4711,8,15,4712,3,1
5626,4711,9,15,4712,4,1
5627,4711,10,15,4712,5,1
5628,4711,11,15,4712,6,1
5629,4712,3,0,4711,8,14
5630,4712,4,0,4711,9,14
5631,4712,5,0,4711,10,14
5632,4712,6,0,4711,11,14
5633,4712,13,19,4713,1,1
5634,4712,14,19,4713,2,1
5635,4712,15,19,4713,3,1
5636,4712,16,19,4713,4,1
5637,4713,1,0,4712,13,18
5638,4713,2,0,4712,14,18
5639,4713,3,0,4712,15,18
5640,4713,4,0,4712,16,18
5641,4713,3,19,4714,7,1
5642,4713,4,19,4714,8,1
5643,4713,5,19,4714,9,1
5644,4713,6,19,4714,10,1
5645,4714,7,0,4713,3,18
5646,4714,8,0,4713,4,18
5647,4714,9,0,4713,5,18
5648,4714,10,0,4713,6,18
5649,4715,3,0,4714,20,19
5650,4715,4,0,4714,21,19
5651,4715,5,0,4714,22,19
5652,4715,18,5,4716,7,13
5653,4716,7,15,4715,18,6
5654,4715,23,12,4717,1,21
5655,4715,23,14,4717,1,23
5656,4717,0,21,4715,22,12
5657,4717,0,23,4715,22,14
5658,3811,44,16,3817,5,10
5659,3811,45,16,3817,6,10
5660,3817,5,11,3811,44,17
5661,3817,6,11,3811,45,17
5662,3811,51,25,3814,5,10
5663,3811,52,25,3814,6,10
5664,3814,5,11,3811,51,26
5665,3814,6,11,3811,52,26
5666,3811,36,26,3816,13,34
5667,3811,37,26,3816,14,34
5668,3811,38,26,3816,15,34
5669,3816,13,35,3811,36,27
5670,3816,14,35,3811,37,27
5671,3816,15,35,3811,38,27
5672,3811,69,51,3815,12,39
5673,3815,11,39,3811,69,52
5674,3815,12,39,3811,69,52
5675,3811,2,48,3819,9,38
5676,3819,8,39,3811,2,49
5677,3819,9,39,3811,2,49
5678,3811,45,36,3818,7,14
5679,3811,46,36,3818,8,14
5680,3818,7,15,3811,45,37
5681,3818,8,15,3811,46,37
5692,0,65,161,4500,3,4
5693,0,66,161,4500,4,4
5694,0,67,161,4500,5,4
5695,4500,2,5,0,65,160
5696,4500,3,5,0,65,160
5697,4500,4,5,0,66,160
5698,4500,5,5,0,67,160
5699,4500,2,0,4501,21,42
5700,4500,3,0,4501,22,42
5701,4500,4,0,4501,23,42
5702,4500,5,0,4501,24,42
5703,4501,21,43,4500,2,1
5704,4501,22,43,4500,3,1
5705,4501,23,43,4500,4,1
5706,4501,24,43,4500,5,1
5707,6503,6,6,6502,27,2
5708,6502,27,1,6503,6,7
5709,6502,11,13,6505,26,2
5710,6505,26,1,6502,11,14
5711,6505,1,0,6509,6,9
5712,6509,6,8,6505,1,1
5713,6509,5,14,6503,27,25
5714,6503,27,24,6509,5,15
5715,6505,3,20,6506,18,4
5716,6506,18,3,6505,3,21
5717,6506,1,23,6507,1,2
5718,6507,1,1,6506,1,24
5719,6507,27,19,6508,1,23
5720,6508,1,22,6507,27,20
5721,6508,1,0,6510,2,16
5722,6510,2,15,6508,1,1
5723,6508,28,13,6504,4,30
5724,6504,4,29,6508,28,14
5725,6504,8,5,6511,25,24
5726,6511,25,23,6504,8,6
5727,6511,1,0,6510,28,25
5728,6510,28,24,6511,1,1
5729,6511,13,11,6512,3,16
5730,6512,2,17,6511,13,12
5731,6512,3,17,6511,13,12
5732,6512,14,2,6513,7,8
5733,6513,7,7,6512,14,3
5734,6513,29,3,6514,1,8
5735,6514,0,8,6513,28,3
5736,6514,18,29,6515,14,1
5737,6514,19,29,6515,14,1
5738,6514,20,29,6515,15,1
5739,6515,14,0,6514,19,28
5740,6515,15,0,6514,20,28
5741,6515,4,31,6516,24,1
5742,6515,5,31,6516,25,1
5743,6516,24,0,6515,4,30
5744,6516,25,0,6515,5,30
5745,6516,12,29,6517,11,1
5746,6516,13,29,6517,12,1
5747,6517,11,0,6516,12,28
5748,6517,12,0,6516,13,28
5749,6517,26,25,6518,1,3
5750,6518,0,3,6517,26,24
5751,6518,24,29,6519,11,1
5752,6518,25,29,6519,12,1
5753,6519,11,0,6518,24,28
5754,6519,12,0,6518,25,28
5757,6503,9,0,486,13,1
5758,6523,9,0,486,13,1
5759,6543,9,0,486,13,1
5760,6563,9,0,486,13,1
5761,6583,9,0,486,13,1
5762,4604,5,1,4603,11,22
5763,4604,6,1,4603,12,22
5764,4603,11,23,4604,5,2
5765,4603,12,23,4604,6,2
5766,4604,9,1,4608,5,10
5767,4604,10,1,4608,6,10
5768,4608,5,11,4604,9,2
5769,4608,6,11,4604,10,2
5770,4604,15,1,4606,10,38
5771,4604,16,1,4606,11,38
5772,4606,10,39,4604,15,2
5773,4606,11,39,4604,16,2
5774,4604,21,1,4609,5,10
5775,4604,22,1,4609,6,10
5776,4609,5,11,4604,21,2
5777,4609,6,11,4604,22,2
5778,4604,25,1,4615,3,14
5779,4604,26,1,4615,5,14
5780,4615,3,15,4604,25,2
5781,4615,4,15,4604,25,2
5782,4615,5,15,4604,26,2
5793,4610,15,2,4615,9,1
5794,4610,16,2,4615,10,1
5795,4610,17,2,4615,11,1
5796,4615,9,0,4610,15,3
5797,4615,10,0,4610,16,3
5798,4615,11,0,4610,17,3
5799,4504,13,2,4506,14,28
5800,4504,14,2,4506,14,28
5801,4504,15,2,4506,15,28
5802,4504,16,2,4506,15,28
5803,4506,14,29,4504,13,3
5804,4506,15,29,4504,16,3
5805,4504,25,2,4509,5,10
5806,4504,26,2,4509,6,10
5807,4509,5,11,4504,25,3
5808,4509,6,11,4504,26,3
5809,4504,6,9,4505,6,13
5810,4504,7,9,4505,7,13
5811,4505,6,14,4504,6,10
5812,4505,7,14,4504,7,10
5813,4505,6,2,4508,5,10
5814,4505,7,2,4508,6,10
5815,4508,5,11,4505,6,3
5816,4508,6,11,4505,7,3
5821,4514,6,1,4513,26,28
5822,4514,8,1,4513,27,28
5823,4513,26,29,4514,6,2
5824,4513,27,29,4514,8,2
5825,4506,3,4,4514,2,2
5826,4506,4,4,4514,4,2
5827,4514,2,1,4506,3,4
5828,4514,4,1,4506,4,4
5829,4506,25,4,4514,10,2
5830,4506,26,4,4514,12,2
5831,4514,10,1,4506,25,4
5832,4514,12,1,4506,26,4
5783,4604,30,18,4613,1,28
5784,4604,30,19,4613,1,29
5785,4613,24,24,4604,29,18
5786,4613,25,24,4604,29,19
5787,4606,9,7,4611,5,8
5788,4606,10,7,4611,5,8
5789,4606,11,7,4611,6,8
5790,4611,5,9,4606,10,7
5791,4611,6,9,4606,11,7
5833,4504,27,18,260,12,1
5834,4504,27,19,260,13,1
5835,260,11,0,4504,26,18
5836,260,12,0,4504,26,18
5837,260,13,0,4504,26,19
5838,260,14,0,4504,26,19
5839,2545,5,2,2546,7,18
5840,2545,6,2,2546,8,18
5841,2546,7,19,2545,5,3
5842,2546,8,19,2545,6,3
5843,2546,7,2,2547,7,18
5844,2546,8,2,2547,8,18
5845,2547,7,19,2546,7,3
5846,2547,8,19,2546,8,3
5847,2547,7,2,2548,7,18
5848,2547,8,2,2548,8,18
5849,2548,7,19,2547,7,3
5850,2548,8,19,2547,8,3
5851,2548,7,2,2549,8,16
5852,2548,8,2,2549,8,16
5853,2549,8,17,2548,8,3
5854,2545,5,11,2500,9,49
5855,2545,6,11,2500,10,49
5856,2550,5,2,2551,7,18
5857,2550,6,2,2551,8,18
5858,2551,7,19,2550,5,3
5859,2551,8,19,2550,6,3
5860,2551,7,2,2552,7,18
5861,2551,8,2,2552,8,18
5862,2552,7,19,2551,7,3
5863,2552,8,19,2551,8,3
5864,2552,7,2,2553,7,18
5865,2552,8,2,2553,8,18
5866,2553,7,19,2552,7,3
5867,2553,8,19,2552,8,3
5868,2553,7,2,2554,8,16
5869,2553,8,2,2554,8,16
5870,2554,8,17,2553,8,3
5871,2550,5,11,2500,9,49
5872,2550,6,11,2500,10,49
5873,2555,5,2,2556,7,18
5874,2555,6,2,2556,8,18
5875,2556,7,19,2555,5,3
5876,2556,8,19,2555,6,3
5877,2556,7,2,2557,7,18
5878,2556,8,2,2557,8,18
5879,2557,7,19,2556,7,3
5880,2557,8,19,2556,8,3
5881,2557,7,2,2558,7,18
5882,2557,8,2,2558,8,18
5883,2558,7,19,2557,7,3
5884,2558,8,19,2557,8,3
5885,2558,7,2,2559,8,16
5886,2558,8,2,2559,8,16
5887,2559,8,17,2558,8,3
5888,2555,5,11,2500,9,49
5889,2555,6,11,2500,10,49
5890,2560,5,2,2561,7,18
5891,2560,6,2,2561,8,18
5892,2561,7,19,2560,5,3
5893,2561,8,19,2560,6,3
5894,2561,7,2,2562,7,18
5895,2561,8,2,2562,8,18
5896,2562,7,19,2561,7,3
5897,2562,8,19,2561,8,3
5898,2562,7,2,2563,7,18
5899,2562,8,2,2563,8,18
5900,2563,7,19,2562,7,3
5901,2563,8,19,2562,8,3
5902,2563,7,2,2564,8,16
5903,2563,8,2,2564,8,16
5904,2564,8,17,2563,8,3
5905,2560,5,11,2500,9,49
5906,2560,6,11,2500,10,49
5907,2565,5,2,2566,7,18
5908,2565,6,2,2566,8,18
5909,2566,7,19,2565,5,3
5910,2566,8,19,2565,6,3
5911,2566,7,2,2567,7,18
5912,2566,8,2,2567,8,18
5913,2567,7,19,2566,7,3
5914,2567,8,19,2566,8,3
5915,2567,7,2,2568,7,18
5916,2567,8,2,2568,8,18
5917,2568,7,19,2567,7,3
5918,2568,8,19,2567,8,3
5919,2568,7,2,2569,8,16
5920,2568,8,2,2569,8,16
5921,2569,8,17,2568,8,3
5922,2565,5,11,2500,9,49
5923,2565,6,11,2500,10,49
